[2026-06-02T01:48:44.603Z] Plugin initialized: 0 commands []
[2026-06-02T01:48:44.613Z] Registered /subtask command
[2026-06-02T01:53:30.255Z] message-hooks: ENTRY msgCount=1, sessions=ses_179fa6dd5ffes60VLPY7DAUkWq
[2026-06-02T01:53:30.255Z] message-hooks: MESSAGES: [0]user: text:"Continue com a execução do plano @docs/s...", file, text:"Called the Read tool with the following ..."(syn), text:"<path>/home/rlevidev/Projetos/rinha-2026..."(syn)
[2026-06-02T01:53:30.256Z] message-hooks: post-filter, msgCount=1
[2026-06-02T01:53:30.256Z] message-hooks: about to search for OPENCODE_GENERIC
[2026-06-02T01:53:30.256Z] message-hooks: searching 1 messages for OPENCODE_GENERIC
[2026-06-02T01:53:30.256Z] message-hooks: found synthetic text at [0]: "Called the Read tool with the following input: {"f..." matches=false
[2026-06-02T01:53:30.256Z] message-hooks: found synthetic text at [0]: "<path>/home/rlevidev/Projetos/rinha-2026/docs/supe..." matches=false
[2026-06-02T01:53:30.256Z] message-hooks: generic search complete, found=false, index=-1
[2026-06-02T01:53:30.256Z] message-hooks: no generic part found, checking for pending prompt return
[2026-06-02T01:53:40.526Z] message-hooks: ENTRY msgCount=2, sessions=ses_179fa6dd5ffes60VLPY7DAUkWq
[2026-06-02T01:53:40.526Z] message-hooks: MESSAGES: [0]user: text:"Continue com a execução do plano @docs/s...", file, text:"Called the Read tool with the following ..."(syn), text:"<path>/home/rlevidev/Projetos/rinha-2026..."(syn) | [1]assistant: step-start, reasoning, tool:completed, step-finish, patch
[2026-06-02T01:53:40.526Z] message-hooks: post-filter, msgCount=2
[2026-06-02T01:53:40.526Z] message-hooks: about to search for OPENCODE_GENERIC
[2026-06-02T01:53:40.526Z] message-hooks: searching 2 messages for OPENCODE_GENERIC
[2026-06-02T01:53:40.526Z] message-hooks: found synthetic text at [0]: "Called the Read tool with the following input: {"f..." matches=false
[2026-06-02T01:53:40.526Z] message-hooks: found synthetic text at [0]: "<path>/home/rlevidev/Projetos/rinha-2026/docs/supe..." matches=false
[2026-06-02T01:53:40.526Z] message-hooks: generic search complete, found=false, index=-1
[2026-06-02T01:53:40.526Z] message-hooks: no generic part found, checking for pending prompt return
[2026-06-02T01:53:47.640Z] message-hooks: ENTRY msgCount=3, sessions=ses_179fa6dd5ffes60VLPY7DAUkWq
[2026-06-02T01:53:47.640Z] message-hooks: MESSAGES: [0]user: text:"Continue com a execução do plano @docs/s...", file, text:"Called the Read tool with the following ..."(syn), text:"<path>/home/rlevidev/Projetos/rinha-2026..."(syn) | [1]assistant: step-start, reasoning, tool:completed, step-finish, patch | [2]assistant: step-start, reasoning, text:"I'm using the executing-plans skill to i...", tool:completed, tool:completed, step-finish, patch
[2026-06-02T01:53:47.640Z] message-hooks: post-filter, msgCount=3
[2026-06-02T01:53:47.640Z] message-hooks: about to search for OPENCODE_GENERIC
[2026-06-02T01:53:47.640Z] message-hooks: searching 3 messages for OPENCODE_GENERIC
[2026-06-02T01:53:47.640Z] message-hooks: found synthetic text at [0]: "Called the Read tool with the following input: {"f..." matches=false
[2026-06-02T01:53:47.640Z] message-hooks: found synthetic text at [0]: "<path>/home/rlevidev/Projetos/rinha-2026/docs/supe..." matches=false
[2026-06-02T01:53:47.640Z] message-hooks: generic search complete, found=false, index=-1
[2026-06-02T01:53:47.640Z] message-hooks: no generic part found, checking for pending prompt return
[2026-06-02T01:54:01.150Z] message-hooks: ENTRY msgCount=4, sessions=ses_179fa6dd5ffes60VLPY7DAUkWq
[2026-06-02T01:54:01.150Z] message-hooks: MESSAGES: [0]user: text:"Continue com a execução do plano @docs/s...", file, text:"Called the Read tool with the following ..."(syn), text:"<path>/home/rlevidev/Projetos/rinha-2026..."(syn) | [1]assistant: step-start, reasoning, tool:completed, step-finish, patch | [2]assistant: step-start, reasoning, text:"I'm using the executing-plans skill to i...", tool:completed, tool:completed, step-finish, patch | [3]assistant: step-start, reasoning, tool:completed, tool:completed, tool:completed, step-finish, patch
[2026-06-02T01:54:01.150Z] message-hooks: post-filter, msgCount=4
[2026-06-02T01:54:01.150Z] message-hooks: about to search for OPENCODE_GENERIC
[2026-06-02T01:54:01.150Z] message-hooks: searching 4 messages for OPENCODE_GENERIC
[2026-06-02T01:54:01.150Z] message-hooks: found synthetic text at [0]: "Called the Read tool with the following input: {"f..." matches=false
[2026-06-02T01:54:01.150Z] message-hooks: found synthetic text at [0]: "<path>/home/rlevidev/Projetos/rinha-2026/docs/supe..." matches=false
[2026-06-02T01:54:01.150Z] message-hooks: generic search complete, found=false, index=-1
[2026-06-02T01:54:01.150Z] message-hooks: no generic part found, checking for pending prompt return
[2026-06-02T01:54:14.612Z] message-hooks: ENTRY msgCount=5, sessions=ses_179fa6dd5ffes60VLPY7DAUkWq
[2026-06-02T01:54:14.612Z] message-hooks: MESSAGES: [0]user: text:"Continue com a execução do plano @docs/s...", file, text:"Called the Read tool with the following ..."(syn), text:"<path>/home/rlevidev/Projetos/rinha-2026..."(syn) | [1]assistant: step-start, reasoning, tool:completed, step-finish, patch | [2]assistant: step-start, reasoning, text:"I'm using the executing-plans skill to i...", tool:completed, tool:completed, step-finish, patch | [3]assistant: step-start, reasoning, tool:completed, tool:completed, tool:completed, step-finish, patch | [4]assistant: step-start, reasoning, tool:completed, tool:completed, tool:completed, step-finish, patch
[2026-06-02T01:54:14.612Z] message-hooks: post-filter, msgCount=5
[2026-06-02T01:54:14.612Z] message-hooks: about to search for OPENCODE_GENERIC
[2026-06-02T01:54:14.612Z] message-hooks: searching 5 messages for OPENCODE_GENERIC
[2026-06-02T01:54:14.612Z] message-hooks: found synthetic text at [0]: "Called the Read tool with the following input: {"f..." matches=false
[2026-06-02T01:54:14.612Z] message-hooks: found synthetic text at [0]: "<path>/home/rlevidev/Projetos/rinha-2026/docs/supe..." matches=false
[2026-06-02T01:54:14.612Z] message-hooks: generic search complete, found=false, index=-1
[2026-06-02T01:54:14.612Z] message-hooks: no generic part found, checking for pending prompt return
[2026-06-02T01:54:23.138Z] message-hooks: ENTRY msgCount=6, sessions=ses_179fa6dd5ffes60VLPY7DAUkWq
[2026-06-02T01:54:23.138Z] message-hooks: MESSAGES: [0]user: text:"Continue com a execução do plano @docs/s...", file, text:"Called the Read tool with the following ..."(syn), text:"<path>/home/rlevidev/Projetos/rinha-2026..."(syn) | [1]assistant: step-start, reasoning, tool:completed, step-finish, patch | [2]assistant: step-start, reasoning, text:"I'm using the executing-plans skill to i...", tool:completed, tool:completed, step-finish, patch | [3]assistant: step-start, reasoning, tool:completed, tool:completed, tool:completed, step-finish, patch | [4]assistant: step-start, reasoning, tool:completed, tool:completed, tool:completed, step-finish, patch | [5]assistant: step-start, reasoning, tool:completed, tool:completed, tool:completed, step-finish, patch
[2026-06-02T01:54:23.138Z] message-hooks: post-filter, msgCount=6
[2026-06-02T01:54:23.138Z] message-hooks: about to search for OPENCODE_GENERIC
[2026-06-02T01:54:23.138Z] message-hooks: searching 6 messages for OPENCODE_GENERIC
[2026-06-02T01:54:23.138Z] message-hooks: found synthetic text at [0]: "Called the Read tool with the following input: {"f..." matches=false
[2026-06-02T01:54:23.138Z] message-hooks: found synthetic text at [0]: "<path>/home/rlevidev/Projetos/rinha-2026/docs/supe..." matches=false
[2026-06-02T01:54:23.138Z] message-hooks: generic search complete, found=false, index=-1
[2026-06-02T01:54:23.138Z] message-hooks: no generic part found, checking for pending prompt return
[2026-06-02T01:54:59.756Z] message-hooks: ENTRY msgCount=7, sessions=ses_179fa6dd5ffes60VLPY7DAUkWq
[2026-06-02T01:54:59.756Z] message-hooks: MESSAGES: [0]user: text:"Continue com a execução do plano @docs/s...", file, text:"Called the Read tool with the following ..."(syn), text:"<path>/home/rlevidev/Projetos/rinha-2026..."(syn) | [1]assistant: step-start, reasoning, tool:completed, step-finish, patch | [2]assistant: step-start, reasoning, text:"I'm using the executing-plans skill to i...", tool:completed, tool:completed, step-finish, patch | [3]assistant: step-start, reasoning, tool:completed, tool:completed, tool:completed, step-finish, patch | [4]assistant: step-start, reasoning, tool:completed, tool:completed, tool:completed, step-finish, patch | [5]assistant: step-start, reasoning, tool:completed, tool:completed, tool:completed, step-finish, patch | [6]assistant: step-start, reasoning, tool:completed, tool:completed, tool:completed, step-finish, patch
[2026-06-02T01:54:59.756Z] message-hooks: post-filter, msgCount=7
[2026-06-02T01:54:59.756Z] message-hooks: about to search for OPENCODE_GENERIC
[2026-06-02T01:54:59.756Z] message-hooks: searching 7 messages for OPENCODE_GENERIC
[2026-06-02T01:54:59.756Z] message-hooks: found synthetic text at [0]: "Called the Read tool with the following input: {"f..." matches=false
[2026-06-02T01:54:59.756Z] message-hooks: found synthetic text at [0]: "<path>/home/rlevidev/Projetos/rinha-2026/docs/supe..." matches=false
[2026-06-02T01:54:59.756Z] message-hooks: generic search complete, found=false, index=-1
[2026-06-02T01:54:59.756Z] message-hooks: no generic part found, checking for pending prompt return
[2026-06-02T01:55:07.082Z] message-hooks: ENTRY msgCount=8, sessions=ses_179fa6dd5ffes60VLPY7DAUkWq
[2026-06-02T01:55:07.082Z] message-hooks: MESSAGES: [0]user: text:"Continue com a execução do plano @docs/s...", file, text:"Called the Read tool with the following ..."(syn), text:"<path>/home/rlevidev/Projetos/rinha-2026..."(syn) | [1]assistant: step-start, reasoning, tool:completed, step-finish, patch | [2]assistant: step-start, reasoning, text:"I'm using the executing-plans skill to i...", tool:completed, tool:completed, step-finish, patch | [3]assistant: step-start, reasoning, tool:completed, tool:completed, tool:completed, step-finish, patch | [4]assistant: step-start, reasoning, tool:completed, tool:completed, tool:completed, step-finish, patch | [5]assistant: step-start, reasoning, tool:completed, tool:completed, tool:completed, step-finish, patch | [6]assistant: step-start, reasoning, tool:completed, tool:completed, tool:completed, step-finish, patch | [7]assistant: step-start, reasoning, tool:completed, tool:completed, tool:completed, step-finish, patch
[2026-06-02T01:55:07.082Z] message-hooks: post-filter, msgCount=8
[2026-06-02T01:55:07.082Z] message-hooks: about to search for OPENCODE_GENERIC
[2026-06-02T01:55:07.082Z] message-hooks: searching 8 messages for OPENCODE_GENERIC
[2026-06-02T01:55:07.082Z] message-hooks: found synthetic text at [0]: "Called the Read tool with the following input: {"f..." matches=false
[2026-06-02T01:55:07.082Z] message-hooks: found synthetic text at [0]: "<path>/home/rlevidev/Projetos/rinha-2026/docs/supe..." matches=false
[2026-06-02T01:55:07.082Z] message-hooks: generic search complete, found=false, index=-1
[2026-06-02T01:55:07.082Z] message-hooks: no generic part found, checking for pending prompt return
[2026-06-02T01:55:23.195Z] message-hooks: ENTRY msgCount=9, sessions=ses_179fa6dd5ffes60VLPY7DAUkWq
[2026-06-02T01:55:23.195Z] message-hooks: MESSAGES: [0]user: text:"Continue com a execução do plano @docs/s...", file, text:"Called the Read tool with the following ..."(syn), text:"<path>/home/rlevidev/Projetos/rinha-2026..."(syn) | [1]assistant: step-start, reasoning, tool:completed, step-finish, patch | [2]assistant: step-start, reasoning, text:"I'm using the executing-plans skill to i...", tool:completed, tool:completed, step-finish, patch | [3]assistant: step-start, reasoning, tool:completed, tool:completed, tool:completed, step-finish, patch | [4]assistant: step-start, reasoning, tool:completed, tool:completed, tool:completed, step-finish, patch | [5]assistant: step-start, reasoning, tool:completed, tool:completed, tool:completed, step-finish, patch | [6]assistant: step-start, reasoning, tool:completed, tool:completed, tool:completed, step-finish, patch | [7]assistant: step-start, reasoning, tool:completed, tool:completed, tool:completed, step-finish, patch | [8]assistant: step-start, reasoning, tool:completed, tool:completed, tool:completed, step-finish, patch
[2026-06-02T01:55:23.195Z] message-hooks: post-filter, msgCount=9
[2026-06-02T01:55:23.195Z] message-hooks: about to search for OPENCODE_GENERIC
[2026-06-02T01:55:23.195Z] message-hooks: searching 9 messages for OPENCODE_GENERIC
[2026-06-02T01:55:23.195Z] message-hooks: found synthetic text at [0]: "Called the Read tool with the following input: {"f..." matches=false
[2026-06-02T01:55:23.195Z] message-hooks: found synthetic text at [0]: "<path>/home/rlevidev/Projetos/rinha-2026/docs/supe..." matches=false
[2026-06-02T01:55:23.195Z] message-hooks: generic search complete, found=false, index=-1
[2026-06-02T01:55:23.195Z] message-hooks: no generic part found, checking for pending prompt return
[2026-06-02T01:55:52.012Z] message-hooks: ENTRY msgCount=10, sessions=ses_179fa6dd5ffes60VLPY7DAUkWq
[2026-06-02T01:55:52.012Z] message-hooks: MESSAGES: [0]user: text:"Continue com a execução do plano @docs/s...", file, text:"Called the Read tool with the following ..."(syn), text:"<path>/home/rlevidev/Projetos/rinha-2026..."(syn) | [1]assistant: step-start, reasoning, tool:completed, step-finish, patch | [2]assistant: step-start, reasoning, text:"I'm using the executing-plans skill to i...", tool:completed, tool:completed, step-finish, patch | [3]assistant: step-start, reasoning, tool:completed, tool:completed, tool:completed, step-finish, patch | [4]assistant: step-start, reasoning, tool:completed, tool:completed, tool:completed, step-finish, patch | [5]assistant: step-start, reasoning, tool:completed, tool:completed, tool:completed, step-finish, patch | [6]assistant: step-start, reasoning, tool:completed, tool:completed, tool:completed, step-finish, patch | [7]assistant: step-start, reasoning, tool:completed, tool:completed, tool:completed, step-finish, patch | [8]assistant: step-start, reasoning, tool:completed, tool:completed, tool:completed, step-finish, patch | [9]assistant: step-start, reasoning, tool:completed, tool:completed, tool:completed, step-finish, patch
[2026-06-02T01:55:52.012Z] message-hooks: post-filter, msgCount=10
[2026-06-02T01:55:52.012Z] message-hooks: about to search for OPENCODE_GENERIC
[2026-06-02T01:55:52.012Z] message-hooks: searching 10 messages for OPENCODE_GENERIC
[2026-06-02T01:55:52.012Z] message-hooks: found synthetic text at [0]: "Called the Read tool with the following input: {"f..." matches=false
[2026-06-02T01:55:52.012Z] message-hooks: found synthetic text at [0]: "<path>/home/rlevidev/Projetos/rinha-2026/docs/supe..." matches=false
[2026-06-02T01:55:52.012Z] message-hooks: generic search complete, found=false, index=-1
[2026-06-02T01:55:52.012Z] message-hooks: no generic part found, checking for pending prompt return
[2026-06-02T01:56:27.231Z] message-hooks: ENTRY msgCount=11, sessions=ses_179fa6dd5ffes60VLPY7DAUkWq
[2026-06-02T01:56:27.231Z] message-hooks: MESSAGES: [0]user: text:"Continue com a execução do plano @docs/s...", file, text:"Called the Read tool with the following ..."(syn), text:"<path>/home/rlevidev/Projetos/rinha-2026..."(syn) | [1]assistant: step-start, reasoning, tool:completed, step-finish, patch | [2]assistant: step-start, reasoning, text:"I'm using the executing-plans skill to i...", tool:completed, tool:completed, step-finish, patch | [3]assistant: step-start, reasoning, tool:completed, tool:completed, tool:completed, step-finish, patch | [4]assistant: step-start, reasoning, tool:completed, tool:completed, tool:completed, step-finish, patch | [5]assistant: step-start, reasoning, tool:completed, tool:completed, tool:completed, step-finish, patch | [6]assistant: step-start, reasoning, tool:completed, tool:completed, tool:completed, step-finish, patch | [7]assistant: step-start, reasoning, tool:completed, tool:completed, tool:completed, step-finish, patch | [8]assistant: step-start, reasoning, tool:completed, tool:completed, tool:completed, step-finish, patch | [9]assistant: step-start, reasoning, tool:completed, tool:completed, tool:completed, step-finish, patch | [10]assistant: step-start, reasoning, text:"Now I understand the state. Tasks 1-3 ar...", tool:completed, tool:completed, step-finish, patch
[2026-06-02T01:56:27.231Z] message-hooks: post-filter, msgCount=11
[2026-06-02T01:56:27.231Z] message-hooks: about to search for OPENCODE_GENERIC
[2026-06-02T01:56:27.231Z] message-hooks: searching 11 messages for OPENCODE_GENERIC
[2026-06-02T01:56:27.231Z] message-hooks: found synthetic text at [0]: "Called the Read tool with the following input: {"f..." matches=false
[2026-06-02T01:56:27.231Z] message-hooks: found synthetic text at [0]: "<path>/home/rlevidev/Projetos/rinha-2026/docs/supe..." matches=false
[2026-06-02T01:56:27.231Z] message-hooks: generic search complete, found=false, index=-1
[2026-06-02T01:56:27.231Z] message-hooks: no generic part found, checking for pending prompt return
[2026-06-02T01:56:32.320Z] message-hooks: ENTRY msgCount=12, sessions=ses_179fa6dd5ffes60VLPY7DAUkWq
[2026-06-02T01:56:32.320Z] message-hooks: MESSAGES: [0]user: text:"Continue com a execução do plano @docs/s...", file, text:"Called the Read tool with the following ..."(syn), text:"<path>/home/rlevidev/Projetos/rinha-2026..."(syn) | [1]assistant: step-start, reasoning, tool:completed, step-finish, patch | [2]assistant: step-start, reasoning, text:"I'm using the executing-plans skill to i...", tool:completed, tool:completed, step-finish, patch | [3]assistant: step-start, reasoning, tool:completed, tool:completed, tool:completed, step-finish, patch | [4]assistant: step-start, reasoning, tool:completed, tool:completed, tool:completed, step-finish, patch | [5]assistant: step-start, reasoning, tool:completed, tool:completed, tool:completed, step-finish, patch | [6]assistant: step-start, reasoning, tool:completed, tool:completed, tool:completed, step-finish, patch | [7]assistant: step-start, reasoning, tool:completed, tool:completed, tool:completed, step-finish, patch | [8]assistant: step-start, reasoning, tool:completed, tool:completed, tool:completed, step-finish, patch | [9]assistant: step-start, reasoning, tool:completed, tool:completed, tool:completed, step-finish, patch | [10]assistant: step-start, reasoning, text:"Now I understand the state. Tasks 1-3 ar...", tool:completed, tool:completed, step-finish, patch | [11]assistant: step-start, reasoning, tool:completed, step-finish, patch
[2026-06-02T01:56:32.320Z] message-hooks: post-filter, msgCount=12
[2026-06-02T01:56:32.320Z] message-hooks: about to search for OPENCODE_GENERIC
[2026-06-02T01:56:32.321Z] message-hooks: searching 12 messages for OPENCODE_GENERIC
[2026-06-02T01:56:32.321Z] message-hooks: found synthetic text at [0]: "Called the Read tool with the following input: {"f..." matches=false
[2026-06-02T01:56:32.321Z] message-hooks: found synthetic text at [0]: "<path>/home/rlevidev/Projetos/rinha-2026/docs/supe..." matches=false
[2026-06-02T01:56:32.321Z] message-hooks: generic search complete, found=false, index=-1
[2026-06-02T01:56:32.321Z] message-hooks: no generic part found, checking for pending prompt return
[2026-06-02T01:56:42.528Z] message-hooks: ENTRY msgCount=13, sessions=ses_179fa6dd5ffes60VLPY7DAUkWq
[2026-06-02T01:56:42.528Z] message-hooks: MESSAGES: [0]user: text:"Continue com a execução do plano @docs/s...", file, text:"Called the Read tool with the following ..."(syn), text:"<path>/home/rlevidev/Projetos/rinha-2026..."(syn) | [1]assistant: step-start, reasoning, tool:completed, step-finish, patch | [2]assistant: step-start, reasoning, text:"I'm using the executing-plans skill to i...", tool:completed, tool:completed, step-finish, patch | [3]assistant: step-start, reasoning, tool:completed, tool:completed, tool:completed, step-finish, patch | [4]assistant: step-start, reasoning, tool:completed, tool:completed, tool:completed, step-finish, patch | [5]assistant: step-start, reasoning, tool:completed, tool:completed, tool:completed, step-finish, patch | [6]assistant: step-start, reasoning, tool:completed, tool:completed, tool:completed, step-finish, patch | [7]assistant: step-start, reasoning, tool:completed, tool:completed, tool:completed, step-finish, patch | [8]assistant: step-start, reasoning, tool:completed, tool:completed, tool:completed, step-finish, patch | [9]assistant: step-start, reasoning, tool:completed, tool:completed, tool:completed, step-finish, patch | [10]assistant: step-start, reasoning, text:"Now I understand the state. Tasks 1-3 ar...", tool:completed, tool:completed, step-finish, patch | [11]assistant: step-start, reasoning, tool:completed, step-finish, patch | [12]assistant: step-start, tool:completed, step-finish, patch
[2026-06-02T01:56:42.528Z] message-hooks: post-filter, msgCount=13
[2026-06-02T01:56:42.528Z] message-hooks: about to search for OPENCODE_GENERIC
[2026-06-02T01:56:42.528Z] message-hooks: searching 13 messages for OPENCODE_GENERIC
[2026-06-02T01:56:42.528Z] message-hooks: found synthetic text at [0]: "Called the Read tool with the following input: {"f..." matches=false
[2026-06-02T01:56:42.528Z] message-hooks: found synthetic text at [0]: "<path>/home/rlevidev/Projetos/rinha-2026/docs/supe..." matches=false
[2026-06-02T01:56:42.528Z] message-hooks: generic search complete, found=false, index=-1
[2026-06-02T01:56:42.528Z] message-hooks: no generic part found, checking for pending prompt return
[2026-06-02T01:56:53.376Z] message-hooks: ENTRY msgCount=14, sessions=ses_179fa6dd5ffes60VLPY7DAUkWq
[2026-06-02T01:56:53.376Z] message-hooks: MESSAGES: [0]user: text:"Continue com a execução do plano @docs/s...", file, text:"Called the Read tool with the following ..."(syn), text:"<path>/home/rlevidev/Projetos/rinha-2026..."(syn) | [1]assistant: step-start, reasoning, tool:completed, step-finish, patch | [2]assistant: step-start, reasoning, text:"I'm using the executing-plans skill to i...", tool:completed, tool:completed, step-finish, patch | [3]assistant: step-start, reasoning, tool:completed, tool:completed, tool:completed, step-finish, patch | [4]assistant: step-start, reasoning, tool:completed, tool:completed, tool:completed, step-finish, patch | [5]assistant: step-start, reasoning, tool:completed, tool:completed, tool:completed, step-finish, patch | [6]assistant: step-start, reasoning, tool:completed, tool:completed, tool:completed, step-finish, patch | [7]assistant: step-start, reasoning, tool:completed, tool:completed, tool:completed, step-finish, patch | [8]assistant: step-start, reasoning, tool:completed, tool:completed, tool:completed, step-finish, patch | [9]assistant: step-start, reasoning, tool:completed, tool:completed, tool:completed, step-finish, patch | [10]assistant: step-start, reasoning, text:"Now I understand the state. Tasks 1-3 ar...", tool:completed, tool:completed, step-finish, patch | [11]assistant: step-start, reasoning, tool:completed, step-finish, patch | [12]assistant: step-start, tool:completed, step-finish, patch | [13]assistant: step-start, tool:completed, step-finish, patch
[2026-06-02T01:56:53.376Z] message-hooks: post-filter, msgCount=14
[2026-06-02T01:56:53.376Z] message-hooks: about to search for OPENCODE_GENERIC
[2026-06-02T01:56:53.376Z] message-hooks: searching 14 messages for OPENCODE_GENERIC
[2026-06-02T01:56:53.376Z] message-hooks: found synthetic text at [0]: "Called the Read tool with the following input: {"f..." matches=false
[2026-06-02T01:56:53.376Z] message-hooks: found synthetic text at [0]: "<path>/home/rlevidev/Projetos/rinha-2026/docs/supe..." matches=false
[2026-06-02T01:56:53.376Z] message-hooks: generic search complete, found=false, index=-1
[2026-06-02T01:56:53.376Z] message-hooks: no generic part found, checking for pending prompt return
[2026-06-02T01:57:22.757Z] message-hooks: ENTRY msgCount=15, sessions=ses_179fa6dd5ffes60VLPY7DAUkWq
[2026-06-02T01:57:22.757Z] message-hooks: MESSAGES: [0]user: text:"Continue com a execução do plano @docs/s...", file, text:"Called the Read tool with the following ..."(syn), text:"<path>/home/rlevidev/Projetos/rinha-2026..."(syn) | [1]assistant: step-start, reasoning, tool:completed, step-finish, patch | [2]assistant: step-start, reasoning, text:"I'm using the executing-plans skill to i...", tool:completed, tool:completed, step-finish, patch | [3]assistant: step-start, reasoning, tool:completed, tool:completed, tool:completed, step-finish, patch | [4]assistant: step-start, reasoning, tool:completed, tool:completed, tool:completed, step-finish, patch | [5]assistant: step-start, reasoning, tool:completed, tool:completed, tool:completed, step-finish, patch | [6]assistant: step-start, reasoning, tool:completed, tool:completed, tool:completed, step-finish, patch | [7]assistant: step-start, reasoning, tool:completed, tool:completed, tool:completed, step-finish, patch | [8]assistant: step-start, reasoning, tool:completed, tool:completed, tool:completed, step-finish, patch | [9]assistant: step-start, reasoning, tool:completed, tool:completed, tool:completed, step-finish, patch | [10]assistant: step-start, reasoning, text:"Now I understand the state. Tasks 1-3 ar...", tool:completed, tool:completed, step-finish, patch | [11]assistant: step-start, reasoning, tool:completed, step-finish, patch | [12]assistant: step-start, tool:completed, step-finish, patch | [13]assistant: step-start, tool:completed, step-finish, patch | [14]assistant: step-start, reasoning, tool:completed, tool:completed, step-finish, patch
[2026-06-02T01:57:22.757Z] message-hooks: post-filter, msgCount=15
[2026-06-02T01:57:22.757Z] message-hooks: about to search for OPENCODE_GENERIC
[2026-06-02T01:57:22.757Z] message-hooks: searching 15 messages for OPENCODE_GENERIC
[2026-06-02T01:57:22.757Z] message-hooks: found synthetic text at [0]: "Called the Read tool with the following input: {"f..." matches=false
[2026-06-02T01:57:22.757Z] message-hooks: found synthetic text at [0]: "<path>/home/rlevidev/Projetos/rinha-2026/docs/supe..." matches=false
[2026-06-02T01:57:22.757Z] message-hooks: generic search complete, found=false, index=-1
[2026-06-02T01:57:22.757Z] message-hooks: no generic part found, checking for pending prompt return
[2026-06-02T01:57:38.098Z] message-hooks: ENTRY msgCount=16, sessions=ses_179fa6dd5ffes60VLPY7DAUkWq
[2026-06-02T01:57:38.098Z] message-hooks: MESSAGES: [0]user: text:"Continue com a execução do plano @docs/s...", file, text:"Called the Read tool with the following ..."(syn), text:"<path>/home/rlevidev/Projetos/rinha-2026..."(syn) | [1]assistant: step-start, reasoning, tool:completed, step-finish, patch | [2]assistant: step-start, reasoning, text:"I'm using the executing-plans skill to i...", tool:completed, tool:completed, step-finish, patch | [3]assistant: step-start, reasoning, tool:completed, tool:completed, tool:completed, step-finish, patch | [4]assistant: step-start, reasoning, tool:completed, tool:completed, tool:completed, step-finish, patch | [5]assistant: step-start, reasoning, tool:completed, tool:completed, tool:completed, step-finish, patch | [6]assistant: step-start, reasoning, tool:completed, tool:completed, tool:completed, step-finish, patch | [7]assistant: step-start, reasoning, tool:completed, tool:completed, tool:completed, step-finish, patch | [8]assistant: step-start, reasoning, tool:completed, tool:completed, tool:completed, step-finish, patch | [9]assistant: step-start, reasoning, tool:completed, tool:completed, tool:completed, step-finish, patch | [10]assistant: step-start, reasoning, text:"Now I understand the state. Tasks 1-3 ar...", tool:completed, tool:completed, step-finish, patch | [11]assistant: step-start, reasoning, tool:completed, step-finish, patch | [12]assistant: step-start, tool:completed, step-finish, patch | [13]assistant: step-start, tool:completed, step-finish, patch | [14]assistant: step-start, reasoning, tool:completed, tool:completed, step-finish, patch | [15]assistant: step-start, reasoning, tool:completed, step-finish, patch
[2026-06-02T01:57:38.098Z] message-hooks: post-filter, msgCount=16
[2026-06-02T01:57:38.098Z] message-hooks: about to search for OPENCODE_GENERIC
[2026-06-02T01:57:38.098Z] message-hooks: searching 16 messages for OPENCODE_GENERIC
[2026-06-02T01:57:38.098Z] message-hooks: found synthetic text at [0]: "Called the Read tool with the following input: {"f..." matches=false
[2026-06-02T01:57:38.098Z] message-hooks: found synthetic text at [0]: "<path>/home/rlevidev/Projetos/rinha-2026/docs/supe..." matches=false
[2026-06-02T01:57:38.098Z] message-hooks: generic search complete, found=false, index=-1
[2026-06-02T01:57:38.098Z] message-hooks: no generic part found, checking for pending prompt return
[2026-06-02T01:58:49.640Z] message-hooks: ENTRY msgCount=17, sessions=ses_179fa6dd5ffes60VLPY7DAUkWq
[2026-06-02T01:58:49.640Z] message-hooks: MESSAGES: [0]user: text:"Continue com a execução do plano @docs/s...", file, text:"Called the Read tool with the following ..."(syn), text:"<path>/home/rlevidev/Projetos/rinha-2026..."(syn) | [1]assistant: step-start, reasoning, tool:completed, step-finish, patch | [2]assistant: step-start, reasoning, text:"I'm using the executing-plans skill to i...", tool:completed, tool:completed, step-finish, patch | [3]assistant: step-start, reasoning, tool:completed, tool:completed, tool:completed, step-finish, patch | [4]assistant: step-start, reasoning, tool:completed, tool:completed, tool:completed, step-finish, patch | [5]assistant: step-start, reasoning, tool:completed, tool:completed, tool:completed, step-finish, patch | [6]assistant: step-start, reasoning, tool:completed, tool:completed, tool:completed, step-finish, patch | [7]assistant: step-start, reasoning, tool:completed, tool:completed, tool:completed, step-finish, patch | [8]assistant: step-start, reasoning, tool:completed, tool:completed, tool:completed, step-finish, patch | [9]assistant: step-start, reasoning, tool:completed, tool:completed, tool:completed, step-finish, patch | [10]assistant: step-start, reasoning, text:"Now I understand the state. Tasks 1-3 ar...", tool:completed, tool:completed, step-finish, patch | [11]assistant: step-start, reasoning, tool:completed, step-finish, patch | [12]assistant: step-start, tool:completed, step-finish, patch | [13]assistant: step-start, tool:completed, step-finish, patch | [14]assistant: step-start, reasoning, tool:completed, tool:completed, step-finish, patch | [15]assistant: step-start, reasoning, tool:completed, step-finish, patch | [16]assistant: step-start, reasoning, tool:completed, step-finish, patch
[2026-06-02T01:58:49.640Z] message-hooks: post-filter, msgCount=17
[2026-06-02T01:58:49.640Z] message-hooks: about to search for OPENCODE_GENERIC
[2026-06-02T01:58:49.640Z] message-hooks: searching 17 messages for OPENCODE_GENERIC
[2026-06-02T01:58:49.640Z] message-hooks: found synthetic text at [0]: "Called the Read tool with the following input: {"f..." matches=false
[2026-06-02T01:58:49.640Z] message-hooks: found synthetic text at [0]: "<path>/home/rlevidev/Projetos/rinha-2026/docs/supe..." matches=false
[2026-06-02T01:58:49.640Z] message-hooks: generic search complete, found=false, index=-1
[2026-06-02T01:58:49.640Z] message-hooks: no generic part found, checking for pending prompt return
[2026-06-02T01:59:18.830Z] message-hooks: ENTRY msgCount=18, sessions=ses_179fa6dd5ffes60VLPY7DAUkWq
[2026-06-02T01:59:18.830Z] message-hooks: MESSAGES: [0]user: text:"Continue com a execução do plano @docs/s...", file, text:"Called the Read tool with the following ..."(syn), text:"<path>/home/rlevidev/Projetos/rinha-2026..."(syn) | [1]assistant: step-start, reasoning, tool:completed, step-finish, patch | [2]assistant: step-start, reasoning, text:"I'm using the executing-plans skill to i...", tool:completed, tool:completed, step-finish, patch | [3]assistant: step-start, reasoning, tool:completed, tool:completed, tool:completed, step-finish, patch | [4]assistant: step-start, reasoning, tool:completed, tool:completed, tool:completed, step-finish, patch | [5]assistant: step-start, reasoning, tool:completed, tool:completed, tool:completed, step-finish, patch | [6]assistant: step-start, reasoning, tool:completed, tool:completed, tool:completed, step-finish, patch | [7]assistant: step-start, reasoning, tool:completed, tool:completed, tool:completed, step-finish, patch | [8]assistant: step-start, reasoning, tool:completed, tool:completed, tool:completed, step-finish, patch | [9]assistant: step-start, reasoning, tool:completed, tool:completed, tool:completed, step-finish, patch | [10]assistant: step-start, reasoning, text:"Now I understand the state. Tasks 1-3 ar...", tool:completed, tool:completed, step-finish, patch | [11]assistant: step-start, reasoning, tool:completed, step-finish, patch | [12]assistant: step-start, tool:completed, step-finish, patch | [13]assistant: step-start, tool:completed, step-finish, patch | [14]assistant: step-start, reasoning, tool:completed, tool:completed, step-finish, patch | [15]assistant: step-start, reasoning, tool:completed, step-finish, patch | [16]assistant: step-start, reasoning, tool:completed, step-finish, patch | [17]assistant: step-start, reasoning, tool:completed, tool:completed, step-finish, patch
[2026-06-02T01:59:18.830Z] message-hooks: post-filter, msgCount=18
[2026-06-02T01:59:18.830Z] message-hooks: about to search for OPENCODE_GENERIC
[2026-06-02T01:59:18.830Z] message-hooks: searching 18 messages for OPENCODE_GENERIC
[2026-06-02T01:59:18.830Z] message-hooks: found synthetic text at [0]: "Called the Read tool with the following input: {"f..." matches=false
[2026-06-02T01:59:18.830Z] message-hooks: found synthetic text at [0]: "<path>/home/rlevidev/Projetos/rinha-2026/docs/supe..." matches=false
[2026-06-02T01:59:18.830Z] message-hooks: generic search complete, found=false, index=-1
[2026-06-02T01:59:18.830Z] message-hooks: no generic part found, checking for pending prompt return
[2026-06-02T01:59:47.100Z] message-hooks: ENTRY msgCount=19, sessions=ses_179fa6dd5ffes60VLPY7DAUkWq
[2026-06-02T01:59:47.100Z] message-hooks: MESSAGES: [0]user: text:"Continue com a execução do plano @docs/s...", file, text:"Called the Read tool with the following ..."(syn), text:"<path>/home/rlevidev/Projetos/rinha-2026..."(syn) | [1]assistant: step-start, reasoning, tool:completed, step-finish, patch | [2]assistant: step-start, reasoning, text:"I'm using the executing-plans skill to i...", tool:completed, tool:completed, step-finish, patch | [3]assistant: step-start, reasoning, tool:completed, tool:completed, tool:completed, step-finish, patch | [4]assistant: step-start, reasoning, tool:completed, tool:completed, tool:completed, step-finish, patch | [5]assistant: step-start, reasoning, tool:completed, tool:completed, tool:completed, step-finish, patch | [6]assistant: step-start, reasoning, tool:completed, tool:completed, tool:completed, step-finish, patch | [7]assistant: step-start, reasoning, tool:completed, tool:completed, tool:completed, step-finish, patch | [8]assistant: step-start, reasoning, tool:completed, tool:completed, tool:completed, step-finish, patch | [9]assistant: step-start, reasoning, tool:completed, tool:completed, tool:completed, step-finish, patch | [10]assistant: step-start, reasoning, text:"Now I understand the state. Tasks 1-3 ar...", tool:completed, tool:completed, step-finish, patch | [11]assistant: step-start, reasoning, tool:completed, step-finish, patch | [12]assistant: step-start, tool:completed, step-finish, patch | [13]assistant: step-start, tool:completed, step-finish, patch | [14]assistant: step-start, reasoning, tool:completed, tool:completed, step-finish, patch | [15]assistant: step-start, reasoning, tool:completed, step-finish, patch | [16]assistant: step-start, reasoning, tool:completed, step-finish, patch | [17]assistant: step-start, reasoning, tool:completed, tool:completed, step-finish, patch | [18]assistant: step-start, reasoning, tool:completed, tool:completed, step-finish, patch
[2026-06-02T01:59:47.100Z] message-hooks: post-filter, msgCount=19
[2026-06-02T01:59:47.100Z] message-hooks: about to search for OPENCODE_GENERIC
[2026-06-02T01:59:47.100Z] message-hooks: searching 19 messages for OPENCODE_GENERIC
[2026-06-02T01:59:47.100Z] message-hooks: found synthetic text at [0]: "Called the Read tool with the following input: {"f..." matches=false
[2026-06-02T01:59:47.100Z] message-hooks: found synthetic text at [0]: "<path>/home/rlevidev/Projetos/rinha-2026/docs/supe..." matches=false
[2026-06-02T01:59:47.100Z] message-hooks: generic search complete, found=false, index=-1
[2026-06-02T01:59:47.100Z] message-hooks: no generic part found, checking for pending prompt return
[2026-06-02T01:59:55.269Z] message-hooks: ENTRY msgCount=20, sessions=ses_179fa6dd5ffes60VLPY7DAUkWq
[2026-06-02T01:59:55.269Z] message-hooks: MESSAGES: [0]user: text:"Continue com a execução do plano @docs/s...", file, text:"Called the Read tool with the following ..."(syn), text:"<path>/home/rlevidev/Projetos/rinha-2026..."(syn) | [1]assistant: step-start, reasoning, tool:completed, step-finish, patch | [2]assistant: step-start, reasoning, text:"I'm using the executing-plans skill to i...", tool:completed, tool:completed, step-finish, patch | [3]assistant: step-start, reasoning, tool:completed, tool:completed, tool:completed, step-finish, patch | [4]assistant: step-start, reasoning, tool:completed, tool:completed, tool:completed, step-finish, patch | [5]assistant: step-start, reasoning, tool:completed, tool:completed, tool:completed, step-finish, patch | [6]assistant: step-start, reasoning, tool:completed, tool:completed, tool:completed, step-finish, patch | [7]assistant: step-start, reasoning, tool:completed, tool:completed, tool:completed, step-finish, patch | [8]assistant: step-start, reasoning, tool:completed, tool:completed, tool:completed, step-finish, patch | [9]assistant: step-start, reasoning, tool:completed, tool:completed, tool:completed, step-finish, patch | [10]assistant: step-start, reasoning, text:"Now I understand the state. Tasks 1-3 ar...", tool:completed, tool:completed, step-finish, patch | [11]assistant: step-start, reasoning, tool:completed, step-finish, patch | [12]assistant: step-start, tool:completed, step-finish, patch | [13]assistant: step-start, tool:completed, step-finish, patch | [14]assistant: step-start, reasoning, tool:completed, tool:completed, step-finish, patch | [15]assistant: step-start, reasoning, tool:completed, step-finish, patch | [16]assistant: step-start, reasoning, tool:completed, step-finish, patch | [17]assistant: step-start, reasoning, tool:completed, tool:completed, step-finish, patch | [18]assistant: step-start, reasoning, tool:completed, tool:completed, step-finish, patch | [19]assistant: step-start, tool:completed, step-finish, patch
[2026-06-02T01:59:55.269Z] message-hooks: post-filter, msgCount=20
[2026-06-02T01:59:55.269Z] message-hooks: about to search for OPENCODE_GENERIC
[2026-06-02T01:59:55.269Z] message-hooks: searching 20 messages for OPENCODE_GENERIC
[2026-06-02T01:59:55.269Z] message-hooks: found synthetic text at [0]: "Called the Read tool with the following input: {"f..." matches=false
[2026-06-02T01:59:55.269Z] message-hooks: found synthetic text at [0]: "<path>/home/rlevidev/Projetos/rinha-2026/docs/supe..." matches=false
[2026-06-02T01:59:55.269Z] message-hooks: generic search complete, found=false, index=-1
[2026-06-02T01:59:55.269Z] message-hooks: no generic part found, checking for pending prompt return
[2026-06-02T02:00:12.622Z] message-hooks: ENTRY msgCount=21, sessions=ses_179fa6dd5ffes60VLPY7DAUkWq
[2026-06-02T02:00:12.622Z] message-hooks: MESSAGES: [0]user: text:"Continue com a execução do plano @docs/s...", file, text:"Called the Read tool with the following ..."(syn), text:"<path>/home/rlevidev/Projetos/rinha-2026..."(syn) | [1]assistant: step-start, reasoning, tool:completed, step-finish, patch | [2]assistant: step-start, reasoning, text:"I'm using the executing-plans skill to i...", tool:completed, tool:completed, step-finish, patch | [3]assistant: step-start, reasoning, tool:completed, tool:completed, tool:completed, step-finish, patch | [4]assistant: step-start, reasoning, tool:completed, tool:completed, tool:completed, step-finish, patch | [5]assistant: step-start, reasoning, tool:completed, tool:completed, tool:completed, step-finish, patch | [6]assistant: step-start, reasoning, tool:completed, tool:completed, tool:completed, step-finish, patch | [7]assistant: step-start, reasoning, tool:completed, tool:completed, tool:completed, step-finish, patch | [8]assistant: step-start, reasoning, tool:completed, tool:completed, tool:completed, step-finish, patch | [9]assistant: step-start, reasoning, tool:completed, tool:completed, tool:completed, step-finish, patch | [10]assistant: step-start, reasoning, text:"Now I understand the state. Tasks 1-3 ar...", tool:completed, tool:completed, step-finish, patch | [11]assistant: step-start, reasoning, tool:completed, step-finish, patch | [12]assistant: step-start, tool:completed, step-finish, patch | [13]assistant: step-start, tool:completed, step-finish, patch | [14]assistant: step-start, reasoning, tool:completed, tool:completed, step-finish, patch | [15]assistant: step-start, reasoning, tool:completed, step-finish, patch | [16]assistant: step-start, reasoning, tool:completed, step-finish, patch | [17]assistant: step-start, reasoning, tool:completed, tool:completed, step-finish, patch | [18]assistant: step-start, reasoning, tool:completed, tool:completed, step-finish, patch | [19]assistant: step-start, tool:completed, step-finish, patch | [20]assistant: step-start, tool:completed, tool:completed, step-finish, patch
[2026-06-02T02:00:12.622Z] message-hooks: post-filter, msgCount=21
[2026-06-02T02:00:12.622Z] message-hooks: about to search for OPENCODE_GENERIC
[2026-06-02T02:00:12.622Z] message-hooks: searching 21 messages for OPENCODE_GENERIC
[2026-06-02T02:00:12.622Z] message-hooks: found synthetic text at [0]: "Called the Read tool with the following input: {"f..." matches=false
[2026-06-02T02:00:12.622Z] message-hooks: found synthetic text at [0]: "<path>/home/rlevidev/Projetos/rinha-2026/docs/supe..." matches=false
[2026-06-02T02:00:12.622Z] message-hooks: generic search complete, found=false, index=-1
[2026-06-02T02:00:12.622Z] message-hooks: no generic part found, checking for pending prompt return
[2026-06-02T02:00:20.131Z] message-hooks: ENTRY msgCount=22, sessions=ses_179fa6dd5ffes60VLPY7DAUkWq
[2026-06-02T02:00:20.132Z] message-hooks: MESSAGES: [0]user: text:"Continue com a execução do plano @docs/s...", file, text:"Called the Read tool with the following ..."(syn), text:"<path>/home/rlevidev/Projetos/rinha-2026..."(syn) | [1]assistant: step-start, reasoning, tool:completed, step-finish, patch | [2]assistant: step-start, reasoning, text:"I'm using the executing-plans skill to i...", tool:completed, tool:completed, step-finish, patch | [3]assistant: step-start, reasoning, tool:completed, tool:completed, tool:completed, step-finish, patch | [4]assistant: step-start, reasoning, tool:completed, tool:completed, tool:completed, step-finish, patch | [5]assistant: step-start, reasoning, tool:completed, tool:completed, tool:completed, step-finish, patch | [6]assistant: step-start, reasoning, tool:completed, tool:completed, tool:completed, step-finish, patch | [7]assistant: step-start, reasoning, tool:completed, tool:completed, tool:completed, step-finish, patch | [8]assistant: step-start, reasoning, tool:completed, tool:completed, tool:completed, step-finish, patch | [9]assistant: step-start, reasoning, tool:completed, tool:completed, tool:completed, step-finish, patch | [10]assistant: step-start, reasoning, text:"Now I understand the state. Tasks 1-3 ar...", tool:completed, tool:completed, step-finish, patch | [11]assistant: step-start, reasoning, tool:completed, step-finish, patch | [12]assistant: step-start, tool:completed, step-finish, patch | [13]assistant: step-start, tool:completed, step-finish, patch | [14]assistant: step-start, reasoning, tool:completed, tool:completed, step-finish, patch | [15]assistant: step-start, reasoning, tool:completed, step-finish, patch | [16]assistant: step-start, reasoning, tool:completed, step-finish, patch | [17]assistant: step-start, reasoning, tool:completed, tool:completed, step-finish, patch | [18]assistant: step-start, reasoning, tool:completed, tool:completed, step-finish, patch | [19]assistant: step-start, tool:completed, step-finish, patch | [20]assistant: step-start, tool:completed, tool:completed, step-finish, patch | [21]assistant: step-start, tool:completed, step-finish, patch
[2026-06-02T02:00:20.132Z] message-hooks: post-filter, msgCount=22
[2026-06-02T02:00:20.132Z] message-hooks: about to search for OPENCODE_GENERIC
[2026-06-02T02:00:20.132Z] message-hooks: searching 22 messages for OPENCODE_GENERIC
[2026-06-02T02:00:20.132Z] message-hooks: found synthetic text at [0]: "Called the Read tool with the following input: {"f..." matches=false
[2026-06-02T02:00:20.132Z] message-hooks: found synthetic text at [0]: "<path>/home/rlevidev/Projetos/rinha-2026/docs/supe..." matches=false
[2026-06-02T02:00:20.132Z] message-hooks: generic search complete, found=false, index=-1
[2026-06-02T02:00:20.132Z] message-hooks: no generic part found, checking for pending prompt return
[2026-06-02T02:00:26.776Z] message-hooks: ENTRY msgCount=23, sessions=ses_179fa6dd5ffes60VLPY7DAUkWq
[2026-06-02T02:00:26.776Z] message-hooks: MESSAGES: [0]user: text:"Continue com a execução do plano @docs/s...", file, text:"Called the Read tool with the following ..."(syn), text:"<path>/home/rlevidev/Projetos/rinha-2026..."(syn) | [1]assistant: step-start, reasoning, tool:completed, step-finish, patch | [2]assistant: step-start, reasoning, text:"I'm using the executing-plans skill to i...", tool:completed, tool:completed, step-finish, patch | [3]assistant: step-start, reasoning, tool:completed, tool:completed, tool:completed, step-finish, patch | [4]assistant: step-start, reasoning, tool:completed, tool:completed, tool:completed, step-finish, patch | [5]assistant: step-start, reasoning, tool:completed, tool:completed, tool:completed, step-finish, patch | [6]assistant: step-start, reasoning, tool:completed, tool:completed, tool:completed, step-finish, patch | [7]assistant: step-start, reasoning, tool:completed, tool:completed, tool:completed, step-finish, patch | [8]assistant: step-start, reasoning, tool:completed, tool:completed, tool:completed, step-finish, patch | [9]assistant: step-start, reasoning, tool:completed, tool:completed, tool:completed, step-finish, patch | [10]assistant: step-start, reasoning, text:"Now I understand the state. Tasks 1-3 ar...", tool:completed, tool:completed, step-finish, patch | [11]assistant: step-start, reasoning, tool:completed, step-finish, patch | [12]assistant: step-start, tool:completed, step-finish, patch | [13]assistant: step-start, tool:completed, step-finish, patch | [14]assistant: step-start, reasoning, tool:completed, tool:completed, step-finish, patch | [15]assistant: step-start, reasoning, tool:completed, step-finish, patch | [16]assistant: step-start, reasoning, tool:completed, step-finish, patch | [17]assistant: step-start, reasoning, tool:completed, tool:completed, step-finish, patch | [18]assistant: step-start, reasoning, tool:completed, tool:completed, step-finish, patch | [19]assistant: step-start, tool:completed, step-finish, patch | [20]assistant: step-start, tool:completed, tool:completed, step-finish, patch | [21]assistant: step-start, tool:completed, step-finish, patch | [22]assistant: step-start, reasoning, tool:completed, step-finish, patch
[2026-06-02T02:00:26.776Z] message-hooks: post-filter, msgCount=23
[2026-06-02T02:00:26.776Z] message-hooks: about to search for OPENCODE_GENERIC
[2026-06-02T02:00:26.776Z] message-hooks: searching 23 messages for OPENCODE_GENERIC
[2026-06-02T02:00:26.776Z] message-hooks: found synthetic text at [0]: "Called the Read tool with the following input: {"f..." matches=false
[2026-06-02T02:00:26.776Z] message-hooks: found synthetic text at [0]: "<path>/home/rlevidev/Projetos/rinha-2026/docs/supe..." matches=false
[2026-06-02T02:00:26.776Z] message-hooks: generic search complete, found=false, index=-1
[2026-06-02T02:00:26.776Z] message-hooks: no generic part found, checking for pending prompt return
[2026-06-02T02:00:34.329Z] message-hooks: ENTRY msgCount=24, sessions=ses_179fa6dd5ffes60VLPY7DAUkWq
[2026-06-02T02:00:34.329Z] message-hooks: MESSAGES: [0]user: text:"Continue com a execução do plano @docs/s...", file, text:"Called the Read tool with the following ..."(syn), text:"<path>/home/rlevidev/Projetos/rinha-2026..."(syn) | [1]assistant: step-start, reasoning, tool:completed, step-finish, patch | [2]assistant: step-start, reasoning, text:"I'm using the executing-plans skill to i...", tool:completed, tool:completed, step-finish, patch | [3]assistant: step-start, reasoning, tool:completed, tool:completed, tool:completed, step-finish, patch | [4]assistant: step-start, reasoning, tool:completed, tool:completed, tool:completed, step-finish, patch | [5]assistant: step-start, reasoning, tool:completed, tool:completed, tool:completed, step-finish, patch | [6]assistant: step-start, reasoning, tool:completed, tool:completed, tool:completed, step-finish, patch | [7]assistant: step-start, reasoning, tool:completed, tool:completed, tool:completed, step-finish, patch | [8]assistant: step-start, reasoning, tool:completed, tool:completed, tool:completed, step-finish, patch | [9]assistant: step-start, reasoning, tool:completed, tool:completed, tool:completed, step-finish, patch | [10]assistant: step-start, reasoning, text:"Now I understand the state. Tasks 1-3 ar...", tool:completed, tool:completed, step-finish, patch | [11]assistant: step-start, reasoning, tool:completed, step-finish, patch | [12]assistant: step-start, tool:completed, step-finish, patch | [13]assistant: step-start, tool:completed, step-finish, patch | [14]assistant: step-start, reasoning, tool:completed, tool:completed, step-finish, patch | [15]assistant: step-start, reasoning, tool:completed, step-finish, patch | [16]assistant: step-start, reasoning, tool:completed, step-finish, patch | [17]assistant: step-start, reasoning, tool:completed, tool:completed, step-finish, patch | [18]assistant: step-start, reasoning, tool:completed, tool:completed, step-finish, patch | [19]assistant: step-start, tool:completed, step-finish, patch | [20]assistant: step-start, tool:completed, tool:completed, step-finish, patch | [21]assistant: step-start, tool:completed, step-finish, patch | [22]assistant: step-start, reasoning, tool:completed, step-finish, patch | [23]assistant: step-start, reasoning, tool:completed, step-finish, patch
[2026-06-02T02:00:34.329Z] message-hooks: post-filter, msgCount=24
[2026-06-02T02:00:34.329Z] message-hooks: about to search for OPENCODE_GENERIC
[2026-06-02T02:00:34.329Z] message-hooks: searching 24 messages for OPENCODE_GENERIC
[2026-06-02T02:00:34.329Z] message-hooks: found synthetic text at [0]: "Called the Read tool with the following input: {"f..." matches=false
[2026-06-02T02:00:34.329Z] message-hooks: found synthetic text at [0]: "<path>/home/rlevidev/Projetos/rinha-2026/docs/supe..." matches=false
[2026-06-02T02:00:34.329Z] message-hooks: generic search complete, found=false, index=-1
[2026-06-02T02:00:34.329Z] message-hooks: no generic part found, checking for pending prompt return
[2026-06-02T02:00:52.967Z] message-hooks: ENTRY msgCount=25, sessions=ses_179fa6dd5ffes60VLPY7DAUkWq
[2026-06-02T02:00:52.967Z] message-hooks: MESSAGES: [0]user: text:"Continue com a execução do plano @docs/s...", file, text:"Called the Read tool with the following ..."(syn), text:"<path>/home/rlevidev/Projetos/rinha-2026..."(syn) | [1]assistant: step-start, reasoning, tool:completed, step-finish, patch | [2]assistant: step-start, reasoning, text:"I'm using the executing-plans skill to i...", tool:completed, tool:completed, step-finish, patch | [3]assistant: step-start, reasoning, tool:completed, tool:completed, tool:completed, step-finish, patch | [4]assistant: step-start, reasoning, tool:completed, tool:completed, tool:completed, step-finish, patch | [5]assistant: step-start, reasoning, tool:completed, tool:completed, tool:completed, step-finish, patch | [6]assistant: step-start, reasoning, tool:completed, tool:completed, tool:completed, step-finish, patch | [7]assistant: step-start, reasoning, tool:completed, tool:completed, tool:completed, step-finish, patch | [8]assistant: step-start, reasoning, tool:completed, tool:completed, tool:completed, step-finish, patch | [9]assistant: step-start, reasoning, tool:completed, tool:completed, tool:completed, step-finish, patch | [10]assistant: step-start, reasoning, text:"Now I understand the state. Tasks 1-3 ar...", tool:completed, tool:completed, step-finish, patch | [11]assistant: step-start, reasoning, tool:completed, step-finish, patch | [12]assistant: step-start, tool:completed, step-finish, patch | [13]assistant: step-start, tool:completed, step-finish, patch | [14]assistant: step-start, reasoning, tool:completed, tool:completed, step-finish, patch | [15]assistant: step-start, reasoning, tool:completed, step-finish, patch | [16]assistant: step-start, reasoning, tool:completed, step-finish, patch | [17]assistant: step-start, reasoning, tool:completed, tool:completed, step-finish, patch | [18]assistant: step-start, reasoning, tool:completed, tool:completed, step-finish, patch | [19]assistant: step-start, tool:completed, step-finish, patch | [20]assistant: step-start, tool:completed, tool:completed, step-finish, patch | [21]assistant: step-start, tool:completed, step-finish, patch | [22]assistant: step-start, reasoning, tool:completed, step-finish, patch | [23]assistant: step-start, reasoning, tool:completed, step-finish, patch | [24]assistant: step-start, reasoning, tool:completed, step-finish, patch
[2026-06-02T02:00:52.967Z] message-hooks: post-filter, msgCount=25
[2026-06-02T02:00:52.967Z] message-hooks: about to search for OPENCODE_GENERIC
[2026-06-02T02:00:52.967Z] message-hooks: searching 25 messages for OPENCODE_GENERIC
[2026-06-02T02:00:52.967Z] message-hooks: found synthetic text at [0]: "Called the Read tool with the following input: {"f..." matches=false
[2026-06-02T02:00:52.967Z] message-hooks: found synthetic text at [0]: "<path>/home/rlevidev/Projetos/rinha-2026/docs/supe..." matches=false
[2026-06-02T02:00:52.967Z] message-hooks: generic search complete, found=false, index=-1
[2026-06-02T02:00:52.967Z] message-hooks: no generic part found, checking for pending prompt return
[2026-06-02T02:01:10.922Z] message-hooks: ENTRY msgCount=26, sessions=ses_179fa6dd5ffes60VLPY7DAUkWq
[2026-06-02T02:01:10.922Z] message-hooks: MESSAGES: [0]user: text:"Continue com a execução do plano @docs/s...", file, text:"Called the Read tool with the following ..."(syn), text:"<path>/home/rlevidev/Projetos/rinha-2026..."(syn) | [1]assistant: step-start, reasoning, tool:completed, step-finish, patch | [2]assistant: step-start, reasoning, text:"I'm using the executing-plans skill to i...", tool:completed, tool:completed, step-finish, patch | [3]assistant: step-start, reasoning, tool:completed, tool:completed, tool:completed, step-finish, patch | [4]assistant: step-start, reasoning, tool:completed, tool:completed, tool:completed, step-finish, patch | [5]assistant: step-start, reasoning, tool:completed, tool:completed, tool:completed, step-finish, patch | [6]assistant: step-start, reasoning, tool:completed, tool:completed, tool:completed, step-finish, patch | [7]assistant: step-start, reasoning, tool:completed, tool:completed, tool:completed, step-finish, patch | [8]assistant: step-start, reasoning, tool:completed, tool:completed, tool:completed, step-finish, patch | [9]assistant: step-start, reasoning, tool:completed, tool:completed, tool:completed, step-finish, patch | [10]assistant: step-start, reasoning, text:"Now I understand the state. Tasks 1-3 ar...", tool:completed, tool:completed, step-finish, patch | [11]assistant: step-start, reasoning, tool:completed, step-finish, patch | [12]assistant: step-start, tool:completed, step-finish, patch | [13]assistant: step-start, tool:completed, step-finish, patch | [14]assistant: step-start, reasoning, tool:completed, tool:completed, step-finish, patch | [15]assistant: step-start, reasoning, tool:completed, step-finish, patch | [16]assistant: step-start, reasoning, tool:completed, step-finish, patch | [17]assistant: step-start, reasoning, tool:completed, tool:completed, step-finish, patch | [18]assistant: step-start, reasoning, tool:completed, tool:completed, step-finish, patch | [19]assistant: step-start, tool:completed, step-finish, patch | [20]assistant: step-start, tool:completed, tool:completed, step-finish, patch | [21]assistant: step-start, tool:completed, step-finish, patch | [22]assistant: step-start, reasoning, tool:completed, step-finish, patch | [23]assistant: step-start, reasoning, tool:completed, step-finish, patch | [24]assistant: step-start, reasoning, tool:completed, step-finish, patch | [25]assistant: step-start, reasoning, tool:completed, step-finish, patch
[2026-06-02T02:01:10.922Z] message-hooks: post-filter, msgCount=26
[2026-06-02T02:01:10.922Z] message-hooks: about to search for OPENCODE_GENERIC
[2026-06-02T02:01:10.922Z] message-hooks: searching 26 messages for OPENCODE_GENERIC
[2026-06-02T02:01:10.922Z] message-hooks: found synthetic text at [0]: "Called the Read tool with the following input: {"f..." matches=false
[2026-06-02T02:01:10.922Z] message-hooks: found synthetic text at [0]: "<path>/home/rlevidev/Projetos/rinha-2026/docs/supe..." matches=false
[2026-06-02T02:01:10.922Z] message-hooks: generic search complete, found=false, index=-1
[2026-06-02T02:01:10.922Z] message-hooks: no generic part found, checking for pending prompt return
[2026-06-02T02:01:20.718Z] message-hooks: ENTRY msgCount=27, sessions=ses_179fa6dd5ffes60VLPY7DAUkWq
[2026-06-02T02:01:20.718Z] message-hooks: MESSAGES: [0]user: text:"Continue com a execução do plano @docs/s...", file, text:"Called the Read tool with the following ..."(syn), text:"<path>/home/rlevidev/Projetos/rinha-2026..."(syn) | [1]assistant: step-start, reasoning, tool:completed, step-finish, patch | [2]assistant: step-start, reasoning, text:"I'm using the executing-plans skill to i...", tool:completed, tool:completed, step-finish, patch | [3]assistant: step-start, reasoning, tool:completed, tool:completed, tool:completed, step-finish, patch | [4]assistant: step-start, reasoning, tool:completed, tool:completed, tool:completed, step-finish, patch | [5]assistant: step-start, reasoning, tool:completed, tool:completed, tool:completed, step-finish, patch | [6]assistant: step-start, reasoning, tool:completed, tool:completed, tool:completed, step-finish, patch | [7]assistant: step-start, reasoning, tool:completed, tool:completed, tool:completed, step-finish, patch | [8]assistant: step-start, reasoning, tool:completed, tool:completed, tool:completed, step-finish, patch | [9]assistant: step-start, reasoning, tool:completed, tool:completed, tool:completed, step-finish, patch | [10]assistant: step-start, reasoning, text:"Now I understand the state. Tasks 1-3 ar...", tool:completed, tool:completed, step-finish, patch | [11]assistant: step-start, reasoning, tool:completed, step-finish, patch | [12]assistant: step-start, tool:completed, step-finish, patch | [13]assistant: step-start, tool:completed, step-finish, patch | [14]assistant: step-start, reasoning, tool:completed, tool:completed, step-finish, patch | [15]assistant: step-start, reasoning, tool:completed, step-finish, patch | [16]assistant: step-start, reasoning, tool:completed, step-finish, patch | [17]assistant: step-start, reasoning, tool:completed, tool:completed, step-finish, patch | [18]assistant: step-start, reasoning, tool:completed, tool:completed, step-finish, patch | [19]assistant: step-start, tool:completed, step-finish, patch | [20]assistant: step-start, tool:completed, tool:completed, step-finish, patch | [21]assistant: step-start, tool:completed, step-finish, patch | [22]assistant: step-start, reasoning, tool:completed, step-finish, patch | [23]assistant: step-start, reasoning, tool:completed, step-finish, patch | [24]assistant: step-start, reasoning, tool:completed, step-finish, patch | [25]assistant: step-start, reasoning, tool:completed, step-finish, patch | [26]assistant: step-start, reasoning, tool:completed, step-finish, patch
[2026-06-02T02:01:20.718Z] message-hooks: post-filter, msgCount=27
[2026-06-02T02:01:20.718Z] message-hooks: about to search for OPENCODE_GENERIC
[2026-06-02T02:01:20.718Z] message-hooks: searching 27 messages for OPENCODE_GENERIC
[2026-06-02T02:01:20.718Z] message-hooks: found synthetic text at [0]: "Called the Read tool with the following input: {"f..." matches=false
[2026-06-02T02:01:20.718Z] message-hooks: found synthetic text at [0]: "<path>/home/rlevidev/Projetos/rinha-2026/docs/supe..." matches=false
[2026-06-02T02:01:20.718Z] message-hooks: generic search complete, found=false, index=-1
[2026-06-02T02:01:20.718Z] message-hooks: no generic part found, checking for pending prompt return
[2026-06-02T02:01:53.036Z] message-hooks: ENTRY msgCount=28, sessions=ses_179fa6dd5ffes60VLPY7DAUkWq
[2026-06-02T02:01:53.036Z] message-hooks: MESSAGES: [0]user: text:"Continue com a execução do plano @docs/s...", file, text:"Called the Read tool with the following ..."(syn), text:"<path>/home/rlevidev/Projetos/rinha-2026..."(syn) | [1]assistant: step-start, reasoning, tool:completed, step-finish, patch | [2]assistant: step-start, reasoning, text:"I'm using the executing-plans skill to i...", tool:completed, tool:completed, step-finish, patch | [3]assistant: step-start, reasoning, tool:completed, tool:completed, tool:completed, step-finish, patch | [4]assistant: step-start, reasoning, tool:completed, tool:completed, tool:completed, step-finish, patch | [5]assistant: step-start, reasoning, tool:completed, tool:completed, tool:completed, step-finish, patch | [6]assistant: step-start, reasoning, tool:completed, tool:completed, tool:completed, step-finish, patch | [7]assistant: step-start, reasoning, tool:completed, tool:completed, tool:completed, step-finish, patch | [8]assistant: step-start, reasoning, tool:completed, tool:completed, tool:completed, step-finish, patch | [9]assistant: step-start, reasoning, tool:completed, tool:completed, tool:completed, step-finish, patch | [10]assistant: step-start, reasoning, text:"Now I understand the state. Tasks 1-3 ar...", tool:completed, tool:completed, step-finish, patch | [11]assistant: step-start, reasoning, tool:completed, step-finish, patch | [12]assistant: step-start, tool:completed, step-finish, patch | [13]assistant: step-start, tool:completed, step-finish, patch | [14]assistant: step-start, reasoning, tool:completed, tool:completed, step-finish, patch | [15]assistant: step-start, reasoning, tool:completed, step-finish, patch | [16]assistant: step-start, reasoning, tool:completed, step-finish, patch | [17]assistant: step-start, reasoning, tool:completed, tool:completed, step-finish, patch | [18]assistant: step-start, reasoning, tool:completed, tool:completed, step-finish, patch | [19]assistant: step-start, tool:completed, step-finish, patch | [20]assistant: step-start, tool:completed, tool:completed, step-finish, patch | [21]assistant: step-start, tool:completed, step-finish, patch | [22]assistant: step-start, reasoning, tool:completed, step-finish, patch | [23]assistant: step-start, reasoning, tool:completed, step-finish, patch | [24]assistant: step-start, reasoning, tool:completed, step-finish, patch | [25]assistant: step-start, reasoning, tool:completed, step-finish, patch | [26]assistant: step-start, reasoning, tool:completed, step-finish, patch | [27]assistant: step-start, reasoning, tool:completed, tool:completed, step-finish, patch
[2026-06-02T02:01:53.036Z] message-hooks: post-filter, msgCount=28
[2026-06-02T02:01:53.036Z] message-hooks: about to search for OPENCODE_GENERIC
[2026-06-02T02:01:53.036Z] message-hooks: searching 28 messages for OPENCODE_GENERIC
[2026-06-02T02:01:53.036Z] message-hooks: found synthetic text at [0]: "Called the Read tool with the following input: {"f..." matches=false
[2026-06-02T02:01:53.036Z] message-hooks: found synthetic text at [0]: "<path>/home/rlevidev/Projetos/rinha-2026/docs/supe..." matches=false
[2026-06-02T02:01:53.037Z] message-hooks: generic search complete, found=false, index=-1
[2026-06-02T02:01:53.037Z] message-hooks: no generic part found, checking for pending prompt return
[2026-06-02T02:03:05.117Z] message-hooks: ENTRY msgCount=29, sessions=ses_179fa6dd5ffes60VLPY7DAUkWq
[2026-06-02T02:03:05.117Z] message-hooks: MESSAGES: [0]user: text:"Continue com a execução do plano @docs/s...", file, text:"Called the Read tool with the following ..."(syn), text:"<path>/home/rlevidev/Projetos/rinha-2026..."(syn) | [1]assistant: step-start, reasoning, tool:completed, step-finish, patch | [2]assistant: step-start, reasoning, text:"I'm using the executing-plans skill to i...", tool:completed, tool:completed, step-finish, patch | [3]assistant: step-start, reasoning, tool:completed, tool:completed, tool:completed, step-finish, patch | [4]assistant: step-start, reasoning, tool:completed, tool:completed, tool:completed, step-finish, patch | [5]assistant: step-start, reasoning, tool:completed, tool:completed, tool:completed, step-finish, patch | [6]assistant: step-start, reasoning, tool:completed, tool:completed, tool:completed, step-finish, patch | [7]assistant: step-start, reasoning, tool:completed, tool:completed, tool:completed, step-finish, patch | [8]assistant: step-start, reasoning, tool:completed, tool:completed, tool:completed, step-finish, patch | [9]assistant: step-start, reasoning, tool:completed, tool:completed, tool:completed, step-finish, patch | [10]assistant: step-start, reasoning, text:"Now I understand the state. Tasks 1-3 ar...", tool:completed, tool:completed, step-finish, patch | [11]assistant: step-start, reasoning, tool:completed, step-finish, patch | [12]assistant: step-start, tool:completed, step-finish, patch | [13]assistant: step-start, tool:completed, step-finish, patch | [14]assistant: step-start, reasoning, tool:completed, tool:completed, step-finish, patch | [15]assistant: step-start, reasoning, tool:completed, step-finish, patch | [16]assistant: step-start, reasoning, tool:completed, step-finish, patch | [17]assistant: step-start, reasoning, tool:completed, tool:completed, step-finish, patch | [18]assistant: step-start, reasoning, tool:completed, tool:completed, step-finish, patch | [19]assistant: step-start, tool:completed, step-finish, patch | [20]assistant: step-start, tool:completed, tool:completed, step-finish, patch | [21]assistant: step-start, tool:completed, step-finish, patch | [22]assistant: step-start, reasoning, tool:completed, step-finish, patch | [23]assistant: step-start, reasoning, tool:completed, step-finish, patch | [24]assistant: step-start, reasoning, tool:completed, step-finish, patch | [25]assistant: step-start, reasoning, tool:completed, step-finish, patch | [26]assistant: step-start, reasoning, tool:completed, step-finish, patch | [27]assistant: step-start, reasoning, tool:completed, tool:completed, step-finish, patch | [28]assistant: step-start, reasoning, text:"Since Docker isn't available in this env...", tool:completed, step-finish, patch
[2026-06-02T02:03:05.117Z] message-hooks: post-filter, msgCount=29
[2026-06-02T02:03:05.117Z] message-hooks: about to search for OPENCODE_GENERIC
[2026-06-02T02:03:05.117Z] message-hooks: searching 29 messages for OPENCODE_GENERIC
[2026-06-02T02:03:05.117Z] message-hooks: found synthetic text at [0]: "Called the Read tool with the following input: {"f..." matches=false
[2026-06-02T02:03:05.117Z] message-hooks: found synthetic text at [0]: "<path>/home/rlevidev/Projetos/rinha-2026/docs/supe..." matches=false
[2026-06-02T02:03:05.117Z] message-hooks: generic search complete, found=false, index=-1
[2026-06-02T02:03:05.117Z] message-hooks: no generic part found, checking for pending prompt return
[2026-06-02T02:03:33.013Z] message-hooks: ENTRY msgCount=30, sessions=ses_179fa6dd5ffes60VLPY7DAUkWq
[2026-06-02T02:03:33.013Z] message-hooks: MESSAGES: [0]user: text:"Continue com a execução do plano @docs/s...", file, text:"Called the Read tool with the following ..."(syn), text:"<path>/home/rlevidev/Projetos/rinha-2026..."(syn) | [1]assistant: step-start, reasoning, tool:completed, step-finish, patch | [2]assistant: step-start, reasoning, text:"I'm using the executing-plans skill to i...", tool:completed, tool:completed, step-finish, patch | [3]assistant: step-start, reasoning, tool:completed, tool:completed, tool:completed, step-finish, patch | [4]assistant: step-start, reasoning, tool:completed, tool:completed, tool:completed, step-finish, patch | [5]assistant: step-start, reasoning, tool:completed, tool:completed, tool:completed, step-finish, patch | [6]assistant: step-start, reasoning, tool:completed, tool:completed, tool:completed, step-finish, patch | [7]assistant: step-start, reasoning, tool:completed, tool:completed, tool:completed, step-finish, patch | [8]assistant: step-start, reasoning, tool:completed, tool:completed, tool:completed, step-finish, patch | [9]assistant: step-start, reasoning, tool:completed, tool:completed, tool:completed, step-finish, patch | [10]assistant: step-start, reasoning, text:"Now I understand the state. Tasks 1-3 ar...", tool:completed, tool:completed, step-finish, patch | [11]assistant: step-start, reasoning, tool:completed, step-finish, patch | [12]assistant: step-start, tool:completed, step-finish, patch | [13]assistant: step-start, tool:completed, step-finish, patch | [14]assistant: step-start, reasoning, tool:completed, tool:completed, step-finish, patch | [15]assistant: step-start, reasoning, tool:completed, step-finish, patch | [16]assistant: step-start, reasoning, tool:completed, step-finish, patch | [17]assistant: step-start, reasoning, tool:completed, tool:completed, step-finish, patch | [18]assistant: step-start, reasoning, tool:completed, tool:completed, step-finish, patch | [19]assistant: step-start, tool:completed, step-finish, patch | [20]assistant: step-start, tool:completed, tool:completed, step-finish, patch | [21]assistant: step-start, tool:completed, step-finish, patch | [22]assistant: step-start, reasoning, tool:completed, step-finish, patch | [23]assistant: step-start, reasoning, tool:completed, step-finish, patch | [24]assistant: step-start, reasoning, tool:completed, step-finish, patch | [25]assistant: step-start, reasoning, tool:completed, step-finish, patch | [26]assistant: step-start, reasoning, tool:completed, step-finish, patch | [27]assistant: step-start, reasoning, tool:completed, tool:completed, step-finish, patch | [28]assistant: step-start, reasoning, text:"Since Docker isn't available in this env...", tool:completed, step-finish, patch | [29]assistant: step-start, tool:completed, step-finish, patch
[2026-06-02T02:03:33.013Z] message-hooks: post-filter, msgCount=30
[2026-06-02T02:03:33.013Z] message-hooks: about to search for OPENCODE_GENERIC
[2026-06-02T02:03:33.013Z] message-hooks: searching 30 messages for OPENCODE_GENERIC
[2026-06-02T02:03:33.013Z] message-hooks: found synthetic text at [0]: "Called the Read tool with the following input: {"f..." matches=false
[2026-06-02T02:03:33.013Z] message-hooks: found synthetic text at [0]: "<path>/home/rlevidev/Projetos/rinha-2026/docs/supe..." matches=false
[2026-06-02T02:03:33.013Z] message-hooks: generic search complete, found=false, index=-1
[2026-06-02T02:03:33.013Z] message-hooks: no generic part found, checking for pending prompt return
[2026-06-02T02:03:48.066Z] message-hooks: ENTRY msgCount=31, sessions=ses_179fa6dd5ffes60VLPY7DAUkWq
[2026-06-02T02:03:48.066Z] message-hooks: MESSAGES: [0]user: text:"Continue com a execução do plano @docs/s...", file, text:"Called the Read tool with the following ..."(syn), text:"<path>/home/rlevidev/Projetos/rinha-2026..."(syn) | [1]assistant: step-start, reasoning, tool:completed, step-finish, patch | [2]assistant: step-start, reasoning, text:"I'm using the executing-plans skill to i...", tool:completed, tool:completed, step-finish, patch | [3]assistant: step-start, reasoning, tool:completed, tool:completed, tool:completed, step-finish, patch | [4]assistant: step-start, reasoning, tool:completed, tool:completed, tool:completed, step-finish, patch | [5]assistant: step-start, reasoning, tool:completed, tool:completed, tool:completed, step-finish, patch | [6]assistant: step-start, reasoning, tool:completed, tool:completed, tool:completed, step-finish, patch | [7]assistant: step-start, reasoning, tool:completed, tool:completed, tool:completed, step-finish, patch | [8]assistant: step-start, reasoning, tool:completed, tool:completed, tool:completed, step-finish, patch | [9]assistant: step-start, reasoning, tool:completed, tool:completed, tool:completed, step-finish, patch | [10]assistant: step-start, reasoning, text:"Now I understand the state. Tasks 1-3 ar...", tool:completed, tool:completed, step-finish, patch | [11]assistant: step-start, reasoning, tool:completed, step-finish, patch | [12]assistant: step-start, tool:completed, step-finish, patch | [13]assistant: step-start, tool:completed, step-finish, patch | [14]assistant: step-start, reasoning, tool:completed, tool:completed, step-finish, patch | [15]assistant: step-start, reasoning, tool:completed, step-finish, patch | [16]assistant: step-start, reasoning, tool:completed, step-finish, patch | [17]assistant: step-start, reasoning, tool:completed, tool:completed, step-finish, patch | [18]assistant: step-start, reasoning, tool:completed, tool:completed, step-finish, patch | [19]assistant: step-start, tool:completed, step-finish, patch | [20]assistant: step-start, tool:completed, tool:completed, step-finish, patch | [21]assistant: step-start, tool:completed, step-finish, patch | [22]assistant: step-start, reasoning, tool:completed, step-finish, patch | [23]assistant: step-start, reasoning, tool:completed, step-finish, patch | [24]assistant: step-start, reasoning, tool:completed, step-finish, patch | [25]assistant: step-start, reasoning, tool:completed, step-finish, patch | [26]assistant: step-start, reasoning, tool:completed, step-finish, patch | [27]assistant: step-start, reasoning, tool:completed, tool:completed, step-finish, patch | [28]assistant: step-start, reasoning, text:"Since Docker isn't available in this env...", tool:completed, step-finish, patch | [29]assistant: step-start, tool:completed, step-finish, patch | [30]assistant: step-start, reasoning, tool:completed, tool:completed, step-finish, patch
[2026-06-02T02:03:48.066Z] message-hooks: post-filter, msgCount=31
[2026-06-02T02:03:48.066Z] message-hooks: about to search for OPENCODE_GENERIC
[2026-06-02T02:03:48.066Z] message-hooks: searching 31 messages for OPENCODE_GENERIC
[2026-06-02T02:03:48.066Z] message-hooks: found synthetic text at [0]: "Called the Read tool with the following input: {"f..." matches=false
[2026-06-02T02:03:48.066Z] message-hooks: found synthetic text at [0]: "<path>/home/rlevidev/Projetos/rinha-2026/docs/supe..." matches=false
[2026-06-02T02:03:48.066Z] message-hooks: generic search complete, found=false, index=-1
[2026-06-02T02:03:48.066Z] message-hooks: no generic part found, checking for pending prompt return
[2026-06-02T02:04:55.780Z] message-hooks: ENTRY msgCount=32, sessions=ses_179fa6dd5ffes60VLPY7DAUkWq
[2026-06-02T02:04:55.780Z] message-hooks: MESSAGES: [0]user: text:"Continue com a execução do plano @docs/s...", file, text:"Called the Read tool with the following ..."(syn), text:"<path>/home/rlevidev/Projetos/rinha-2026..."(syn) | [1]assistant: step-start, reasoning, tool:completed, step-finish, patch | [2]assistant: step-start, reasoning, text:"I'm using the executing-plans skill to i...", tool:completed, tool:completed, step-finish, patch | [3]assistant: step-start, reasoning, tool:completed, tool:completed, tool:completed, step-finish, patch | [4]assistant: step-start, reasoning, tool:completed, tool:completed, tool:completed, step-finish, patch | [5]assistant: step-start, reasoning, tool:completed, tool:completed, tool:completed, step-finish, patch | [6]assistant: step-start, reasoning, tool:completed, tool:completed, tool:completed, step-finish, patch | [7]assistant: step-start, reasoning, tool:completed, tool:completed, tool:completed, step-finish, patch | [8]assistant: step-start, reasoning, tool:completed, tool:completed, tool:completed, step-finish, patch | [9]assistant: step-start, reasoning, tool:completed, tool:completed, tool:completed, step-finish, patch | [10]assistant: step-start, reasoning, text:"Now I understand the state. Tasks 1-3 ar...", tool:completed, tool:completed, step-finish, patch | [11]assistant: step-start, reasoning, tool:completed, step-finish, patch | [12]assistant: step-start, tool:completed, step-finish, patch | [13]assistant: step-start, tool:completed, step-finish, patch | [14]assistant: step-start, reasoning, tool:completed, tool:completed, step-finish, patch | [15]assistant: step-start, reasoning, tool:completed, step-finish, patch | [16]assistant: step-start, reasoning, tool:completed, step-finish, patch | [17]assistant: step-start, reasoning, tool:completed, tool:completed, step-finish, patch | [18]assistant: step-start, reasoning, tool:completed, tool:completed, step-finish, patch | [19]assistant: step-start, tool:completed, step-finish, patch | [20]assistant: step-start, tool:completed, tool:completed, step-finish, patch | [21]assistant: step-start, tool:completed, step-finish, patch | [22]assistant: step-start, reasoning, tool:completed, step-finish, patch | [23]assistant: step-start, reasoning, tool:completed, step-finish, patch | [24]assistant: step-start, reasoning, tool:completed, step-finish, patch | [25]assistant: step-start, reasoning, tool:completed, step-finish, patch | [26]assistant: step-start, reasoning, tool:completed, step-finish, patch | [27]assistant: step-start, reasoning, tool:completed, tool:completed, step-finish, patch | [28]assistant: step-start, reasoning, text:"Since Docker isn't available in this env...", tool:completed, step-finish, patch | [29]assistant: step-start, tool:completed, step-finish, patch | [30]assistant: step-start, reasoning, tool:completed, tool:completed, step-finish, patch | [31]assistant: step-start, tool:completed, step-finish, patch
[2026-06-02T02:04:55.780Z] message-hooks: post-filter, msgCount=32
[2026-06-02T02:04:55.780Z] message-hooks: about to search for OPENCODE_GENERIC
[2026-06-02T02:04:55.780Z] message-hooks: searching 32 messages for OPENCODE_GENERIC
[2026-06-02T02:04:55.780Z] message-hooks: found synthetic text at [0]: "Called the Read tool with the following input: {"f..." matches=false
[2026-06-02T02:04:55.780Z] message-hooks: found synthetic text at [0]: "<path>/home/rlevidev/Projetos/rinha-2026/docs/supe..." matches=false
[2026-06-02T02:04:55.780Z] message-hooks: generic search complete, found=false, index=-1
[2026-06-02T02:04:55.780Z] message-hooks: no generic part found, checking for pending prompt return
[2026-06-02T02:05:40.591Z] message-hooks: ENTRY msgCount=33, sessions=ses_179fa6dd5ffes60VLPY7DAUkWq
[2026-06-02T02:05:40.591Z] message-hooks: MESSAGES: [0]user: text:"Continue com a execução do plano @docs/s...", file, text:"Called the Read tool with the following ..."(syn), text:"<path>/home/rlevidev/Projetos/rinha-2026..."(syn) | [1]assistant: step-start, reasoning, tool:completed, step-finish, patch | [2]assistant: step-start, reasoning, text:"I'm using the executing-plans skill to i...", tool:completed, tool:completed, step-finish, patch | [3]assistant: step-start, reasoning, tool:completed, tool:completed, tool:completed, step-finish, patch | [4]assistant: step-start, reasoning, tool:completed, tool:completed, tool:completed, step-finish, patch | [5]assistant: step-start, reasoning, tool:completed, tool:completed, tool:completed, step-finish, patch | [6]assistant: step-start, reasoning, tool:completed, tool:completed, tool:completed, step-finish, patch | [7]assistant: step-start, reasoning, tool:completed, tool:completed, tool:completed, step-finish, patch | [8]assistant: step-start, reasoning, tool:completed, tool:completed, tool:completed, step-finish, patch | [9]assistant: step-start, reasoning, tool:completed, tool:completed, tool:completed, step-finish, patch | [10]assistant: step-start, reasoning, text:"Now I understand the state. Tasks 1-3 ar...", tool:completed, tool:completed, step-finish, patch | [11]assistant: step-start, reasoning, tool:completed, step-finish, patch | [12]assistant: step-start, tool:completed, step-finish, patch | [13]assistant: step-start, tool:completed, step-finish, patch | [14]assistant: step-start, reasoning, tool:completed, tool:completed, step-finish, patch | [15]assistant: step-start, reasoning, tool:completed, step-finish, patch | [16]assistant: step-start, reasoning, tool:completed, step-finish, patch | [17]assistant: step-start, reasoning, tool:completed, tool:completed, step-finish, patch | [18]assistant: step-start, reasoning, tool:completed, tool:completed, step-finish, patch | [19]assistant: step-start, tool:completed, step-finish, patch | [20]assistant: step-start, tool:completed, tool:completed, step-finish, patch | [21]assistant: step-start, tool:completed, step-finish, patch | [22]assistant: step-start, reasoning, tool:completed, step-finish, patch | [23]assistant: step-start, reasoning, tool:completed, step-finish, patch | [24]assistant: step-start, reasoning, tool:completed, step-finish, patch | [25]assistant: step-start, reasoning, tool:completed, step-finish, patch | [26]assistant: step-start, reasoning, tool:completed, step-finish, patch | [27]assistant: step-start, reasoning, tool:completed, tool:completed, step-finish, patch | [28]assistant: step-start, reasoning, text:"Since Docker isn't available in this env...", tool:completed, step-finish, patch | [29]assistant: step-start, tool:completed, step-finish, patch | [30]assistant: step-start, reasoning, tool:completed, tool:completed, step-finish, patch | [31]assistant: step-start, tool:completed, step-finish, patch | [32]assistant: step-start, reasoning, tool:completed, step-finish, patch
[2026-06-02T02:05:40.591Z] message-hooks: post-filter, msgCount=33
[2026-06-02T02:05:40.591Z] message-hooks: about to search for OPENCODE_GENERIC
[2026-06-02T02:05:40.591Z] message-hooks: searching 33 messages for OPENCODE_GENERIC
[2026-06-02T02:05:40.591Z] message-hooks: found synthetic text at [0]: "Called the Read tool with the following input: {"f..." matches=false
[2026-06-02T02:05:40.591Z] message-hooks: found synthetic text at [0]: "<path>/home/rlevidev/Projetos/rinha-2026/docs/supe..." matches=false
[2026-06-02T02:05:40.591Z] message-hooks: generic search complete, found=false, index=-1
[2026-06-02T02:05:40.591Z] message-hooks: no generic part found, checking for pending prompt return
[2026-06-02T02:05:48.726Z] message-hooks: ENTRY msgCount=34, sessions=ses_179fa6dd5ffes60VLPY7DAUkWq
[2026-06-02T02:05:48.726Z] message-hooks: MESSAGES: [0]user: text:"Continue com a execução do plano @docs/s...", file, text:"Called the Read tool with the following ..."(syn), text:"<path>/home/rlevidev/Projetos/rinha-2026..."(syn) | [1]assistant: step-start, reasoning, tool:completed, step-finish, patch | [2]assistant: step-start, reasoning, text:"I'm using the executing-plans skill to i...", tool:completed, tool:completed, step-finish, patch | [3]assistant: step-start, reasoning, tool:completed, tool:completed, tool:completed, step-finish, patch | [4]assistant: step-start, reasoning, tool:completed, tool:completed, tool:completed, step-finish, patch | [5]assistant: step-start, reasoning, tool:completed, tool:completed, tool:completed, step-finish, patch | [6]assistant: step-start, reasoning, tool:completed, tool:completed, tool:completed, step-finish, patch | [7]assistant: step-start, reasoning, tool:completed, tool:completed, tool:completed, step-finish, patch | [8]assistant: step-start, reasoning, tool:completed, tool:completed, tool:completed, step-finish, patch | [9]assistant: step-start, reasoning, tool:completed, tool:completed, tool:completed, step-finish, patch | [10]assistant: step-start, reasoning, text:"Now I understand the state. Tasks 1-3 ar...", tool:completed, tool:completed, step-finish, patch | [11]assistant: step-start, reasoning, tool:completed, step-finish, patch | [12]assistant: step-start, tool:completed, step-finish, patch | [13]assistant: step-start, tool:completed, step-finish, patch | [14]assistant: step-start, reasoning, tool:completed, tool:completed, step-finish, patch | [15]assistant: step-start, reasoning, tool:completed, step-finish, patch | [16]assistant: step-start, reasoning, tool:completed, step-finish, patch | [17]assistant: step-start, reasoning, tool:completed, tool:completed, step-finish, patch | [18]assistant: step-start, reasoning, tool:completed, tool:completed, step-finish, patch | [19]assistant: step-start, tool:completed, step-finish, patch | [20]assistant: step-start, tool:completed, tool:completed, step-finish, patch | [21]assistant: step-start, tool:completed, step-finish, patch | [22]assistant: step-start, reasoning, tool:completed, step-finish, patch | [23]assistant: step-start, reasoning, tool:completed, step-finish, patch | [24]assistant: step-start, reasoning, tool:completed, step-finish, patch | [25]assistant: step-start, reasoning, tool:completed, step-finish, patch | [26]assistant: step-start, reasoning, tool:completed, step-finish, patch | [27]assistant: step-start, reasoning, tool:completed, tool:completed, step-finish, patch | [28]assistant: step-start, reasoning, text:"Since Docker isn't available in this env...", tool:completed, step-finish, patch | [29]assistant: step-start, tool:completed, step-finish, patch | [30]assistant: step-start, reasoning, tool:completed, tool:completed, step-finish, patch | [31]assistant: step-start, tool:completed, step-finish, patch | [32]assistant: step-start, reasoning, tool:completed, step-finish, patch | [33]assistant: step-start, tool:completed, step-finish, patch
[2026-06-02T02:05:48.726Z] message-hooks: post-filter, msgCount=34
[2026-06-02T02:05:48.726Z] message-hooks: about to search for OPENCODE_GENERIC
[2026-06-02T02:05:48.726Z] message-hooks: searching 34 messages for OPENCODE_GENERIC
[2026-06-02T02:05:48.726Z] message-hooks: found synthetic text at [0]: "Called the Read tool with the following input: {"f..." matches=false
[2026-06-02T02:05:48.726Z] message-hooks: found synthetic text at [0]: "<path>/home/rlevidev/Projetos/rinha-2026/docs/supe..." matches=false
[2026-06-02T02:05:48.726Z] message-hooks: generic search complete, found=false, index=-1
[2026-06-02T02:05:48.726Z] message-hooks: no generic part found, checking for pending prompt return
[2026-06-02T02:06:19.218Z] message-hooks: ENTRY msgCount=35, sessions=ses_179fa6dd5ffes60VLPY7DAUkWq
[2026-06-02T02:06:19.218Z] message-hooks: MESSAGES: [0]user: text:"Continue com a execução do plano @docs/s...", file, text:"Called the Read tool with the following ..."(syn), text:"<path>/home/rlevidev/Projetos/rinha-2026..."(syn) | [1]assistant: step-start, reasoning, tool:completed, step-finish, patch | [2]assistant: step-start, reasoning, text:"I'm using the executing-plans skill to i...", tool:completed, tool:completed, step-finish, patch | [3]assistant: step-start, reasoning, tool:completed, tool:completed, tool:completed, step-finish, patch | [4]assistant: step-start, reasoning, tool:completed, tool:completed, tool:completed, step-finish, patch | [5]assistant: step-start, reasoning, tool:completed, tool:completed, tool:completed, step-finish, patch | [6]assistant: step-start, reasoning, tool:completed, tool:completed, tool:completed, step-finish, patch | [7]assistant: step-start, reasoning, tool:completed, tool:completed, tool:completed, step-finish, patch | [8]assistant: step-start, reasoning, tool:completed, tool:completed, tool:completed, step-finish, patch | [9]assistant: step-start, reasoning, tool:completed, tool:completed, tool:completed, step-finish, patch | [10]assistant: step-start, reasoning, text:"Now I understand the state. Tasks 1-3 ar...", tool:completed, tool:completed, step-finish, patch | [11]assistant: step-start, reasoning, tool:completed, step-finish, patch | [12]assistant: step-start, tool:completed, step-finish, patch | [13]assistant: step-start, tool:completed, step-finish, patch | [14]assistant: step-start, reasoning, tool:completed, tool:completed, step-finish, patch | [15]assistant: step-start, reasoning, tool:completed, step-finish, patch | [16]assistant: step-start, reasoning, tool:completed, step-finish, patch | [17]assistant: step-start, reasoning, tool:completed, tool:completed, step-finish, patch | [18]assistant: step-start, reasoning, tool:completed, tool:completed, step-finish, patch | [19]assistant: step-start, tool:completed, step-finish, patch | [20]assistant: step-start, tool:completed, tool:completed, step-finish, patch | [21]assistant: step-start, tool:completed, step-finish, patch | [22]assistant: step-start, reasoning, tool:completed, step-finish, patch | [23]assistant: step-start, reasoning, tool:completed, step-finish, patch | [24]assistant: step-start, reasoning, tool:completed, step-finish, patch | [25]assistant: step-start, reasoning, tool:completed, step-finish, patch | [26]assistant: step-start, reasoning, tool:completed, step-finish, patch | [27]assistant: step-start, reasoning, tool:completed, tool:completed, step-finish, patch | [28]assistant: step-start, reasoning, text:"Since Docker isn't available in this env...", tool:completed, step-finish, patch | [29]assistant: step-start, tool:completed, step-finish, patch | [30]assistant: step-start, reasoning, tool:completed, tool:completed, step-finish, patch | [31]assistant: step-start, tool:completed, step-finish, patch | [32]assistant: step-start, reasoning, tool:completed, step-finish, patch | [33]assistant: step-start, tool:completed, step-finish, patch | [34]assistant: step-start, reasoning, tool:completed, tool:completed, step-finish, patch
[2026-06-02T02:06:19.218Z] message-hooks: post-filter, msgCount=35
[2026-06-02T02:06:19.218Z] message-hooks: about to search for OPENCODE_GENERIC
[2026-06-02T02:06:19.218Z] message-hooks: searching 35 messages for OPENCODE_GENERIC
[2026-06-02T02:06:19.218Z] message-hooks: found synthetic text at [0]: "Called the Read tool with the following input: {"f..." matches=false
[2026-06-02T02:06:19.218Z] message-hooks: found synthetic text at [0]: "<path>/home/rlevidev/Projetos/rinha-2026/docs/supe..." matches=false
[2026-06-02T02:06:19.218Z] message-hooks: generic search complete, found=false, index=-1
[2026-06-02T02:06:19.218Z] message-hooks: no generic part found, checking for pending prompt return
[2026-06-02T02:06:46.560Z] message-hooks: ENTRY msgCount=36, sessions=ses_179fa6dd5ffes60VLPY7DAUkWq
[2026-06-02T02:06:46.560Z] message-hooks: MESSAGES: [0]user: text:"Continue com a execução do plano @docs/s...", file, text:"Called the Read tool with the following ..."(syn), text:"<path>/home/rlevidev/Projetos/rinha-2026..."(syn) | [1]assistant: step-start, reasoning, tool:completed, step-finish, patch | [2]assistant: step-start, reasoning, text:"I'm using the executing-plans skill to i...", tool:completed, tool:completed, step-finish, patch | [3]assistant: step-start, reasoning, tool:completed, tool:completed, tool:completed, step-finish, patch | [4]assistant: step-start, reasoning, tool:completed, tool:completed, tool:completed, step-finish, patch | [5]assistant: step-start, reasoning, tool:completed, tool:completed, tool:completed, step-finish, patch | [6]assistant: step-start, reasoning, tool:completed, tool:completed, tool:completed, step-finish, patch | [7]assistant: step-start, reasoning, tool:completed, tool:completed, tool:completed, step-finish, patch | [8]assistant: step-start, reasoning, tool:completed, tool:completed, tool:completed, step-finish, patch | [9]assistant: step-start, reasoning, tool:completed, tool:completed, tool:completed, step-finish, patch | [10]assistant: step-start, reasoning, text:"Now I understand the state. Tasks 1-3 ar...", tool:completed, tool:completed, step-finish, patch | [11]assistant: step-start, reasoning, tool:completed, step-finish, patch | [12]assistant: step-start, tool:completed, step-finish, patch | [13]assistant: step-start, tool:completed, step-finish, patch | [14]assistant: step-start, reasoning, tool:completed, tool:completed, step-finish, patch | [15]assistant: step-start, reasoning, tool:completed, step-finish, patch | [16]assistant: step-start, reasoning, tool:completed, step-finish, patch | [17]assistant: step-start, reasoning, tool:completed, tool:completed, step-finish, patch | [18]assistant: step-start, reasoning, tool:completed, tool:completed, step-finish, patch | [19]assistant: step-start, tool:completed, step-finish, patch | [20]assistant: step-start, tool:completed, tool:completed, step-finish, patch | [21]assistant: step-start, tool:completed, step-finish, patch | [22]assistant: step-start, reasoning, tool:completed, step-finish, patch | [23]assistant: step-start, reasoning, tool:completed, step-finish, patch | [24]assistant: step-start, reasoning, tool:completed, step-finish, patch | [25]assistant: step-start, reasoning, tool:completed, step-finish, patch | [26]assistant: step-start, reasoning, tool:completed, step-finish, patch | [27]assistant: step-start, reasoning, tool:completed, tool:completed, step-finish, patch | [28]assistant: step-start, reasoning, text:"Since Docker isn't available in this env...", tool:completed, step-finish, patch | [29]assistant: step-start, tool:completed, step-finish, patch | [30]assistant: step-start, reasoning, tool:completed, tool:completed, step-finish, patch | [31]assistant: step-start, tool:completed, step-finish, patch | [32]assistant: step-start, reasoning, tool:completed, step-finish, patch | [33]assistant: step-start, tool:completed, step-finish, patch | [34]assistant: step-start, reasoning, tool:completed, tool:completed, step-finish, patch | [35]assistant: step-start, tool:completed, step-finish, patch
[2026-06-02T02:06:46.560Z] message-hooks: post-filter, msgCount=36
[2026-06-02T02:06:46.560Z] message-hooks: about to search for OPENCODE_GENERIC
[2026-06-02T02:06:46.560Z] message-hooks: searching 36 messages for OPENCODE_GENERIC
[2026-06-02T02:06:46.560Z] message-hooks: found synthetic text at [0]: "Called the Read tool with the following input: {"f..." matches=false
[2026-06-02T02:06:46.560Z] message-hooks: found synthetic text at [0]: "<path>/home/rlevidev/Projetos/rinha-2026/docs/supe..." matches=false
[2026-06-02T02:06:46.560Z] message-hooks: generic search complete, found=false, index=-1
[2026-06-02T02:06:46.560Z] message-hooks: no generic part found, checking for pending prompt return
[2026-06-02T02:07:21.448Z] message-hooks: ENTRY msgCount=37, sessions=ses_179fa6dd5ffes60VLPY7DAUkWq
[2026-06-02T02:07:21.448Z] message-hooks: MESSAGES: [0]user: text:"Continue com a execução do plano @docs/s...", file, text:"Called the Read tool with the following ..."(syn), text:"<path>/home/rlevidev/Projetos/rinha-2026..."(syn) | [1]assistant: step-start, reasoning, tool:completed, step-finish, patch | [2]assistant: step-start, reasoning, text:"I'm using the executing-plans skill to i...", tool:completed, tool:completed, step-finish, patch | [3]assistant: step-start, reasoning, tool:completed, tool:completed, tool:completed, step-finish, patch | [4]assistant: step-start, reasoning, tool:completed, tool:completed, tool:completed, step-finish, patch | [5]assistant: step-start, reasoning, tool:completed, tool:completed, tool:completed, step-finish, patch | [6]assistant: step-start, reasoning, tool:completed, tool:completed, tool:completed, step-finish, patch | [7]assistant: step-start, reasoning, tool:completed, tool:completed, tool:completed, step-finish, patch | [8]assistant: step-start, reasoning, tool:completed, tool:completed, tool:completed, step-finish, patch | [9]assistant: step-start, reasoning, tool:completed, tool:completed, tool:completed, step-finish, patch | [10]assistant: step-start, reasoning, text:"Now I understand the state. Tasks 1-3 ar...", tool:completed, tool:completed, step-finish, patch | [11]assistant: step-start, reasoning, tool:completed, step-finish, patch | [12]assistant: step-start, tool:completed, step-finish, patch | [13]assistant: step-start, tool:completed, step-finish, patch | [14]assistant: step-start, reasoning, tool:completed, tool:completed, step-finish, patch | [15]assistant: step-start, reasoning, tool:completed, step-finish, patch | [16]assistant: step-start, reasoning, tool:completed, step-finish, patch | [17]assistant: step-start, reasoning, tool:completed, tool:completed, step-finish, patch | [18]assistant: step-start, reasoning, tool:completed, tool:completed, step-finish, patch | [19]assistant: step-start, tool:completed, step-finish, patch | [20]assistant: step-start, tool:completed, tool:completed, step-finish, patch | [21]assistant: step-start, tool:completed, step-finish, patch | [22]assistant: step-start, reasoning, tool:completed, step-finish, patch | [23]assistant: step-start, reasoning, tool:completed, step-finish, patch | [24]assistant: step-start, reasoning, tool:completed, step-finish, patch | [25]assistant: step-start, reasoning, tool:completed, step-finish, patch | [26]assistant: step-start, reasoning, tool:completed, step-finish, patch | [27]assistant: step-start, reasoning, tool:completed, tool:completed, step-finish, patch | [28]assistant: step-start, reasoning, text:"Since Docker isn't available in this env...", tool:completed, step-finish, patch | [29]assistant: step-start, tool:completed, step-finish, patch | [30]assistant: step-start, reasoning, tool:completed, tool:completed, step-finish, patch | [31]assistant: step-start, tool:completed, step-finish, patch | [32]assistant: step-start, reasoning, tool:completed, step-finish, patch | [33]assistant: step-start, tool:completed, step-finish, patch | [34]assistant: step-start, reasoning, tool:completed, tool:completed, step-finish, patch | [35]assistant: step-start, tool:completed, step-finish, patch | [36]assistant: step-start, reasoning, tool:completed, tool:completed, step-finish, patch
[2026-06-02T02:07:21.448Z] message-hooks: post-filter, msgCount=37
[2026-06-02T02:07:21.448Z] message-hooks: about to search for OPENCODE_GENERIC
[2026-06-02T02:07:21.448Z] message-hooks: searching 37 messages for OPENCODE_GENERIC
[2026-06-02T02:07:21.448Z] message-hooks: found synthetic text at [0]: "Called the Read tool with the following input: {"f..." matches=false
[2026-06-02T02:07:21.448Z] message-hooks: found synthetic text at [0]: "<path>/home/rlevidev/Projetos/rinha-2026/docs/supe..." matches=false
[2026-06-02T02:07:21.448Z] message-hooks: generic search complete, found=false, index=-1
[2026-06-02T02:07:21.448Z] message-hooks: no generic part found, checking for pending prompt return
[2026-06-02T02:07:50.823Z] message-hooks: ENTRY msgCount=38, sessions=ses_179fa6dd5ffes60VLPY7DAUkWq
[2026-06-02T02:07:50.823Z] message-hooks: MESSAGES: [0]user: text:"Continue com a execução do plano @docs/s...", file, text:"Called the Read tool with the following ..."(syn), text:"<path>/home/rlevidev/Projetos/rinha-2026..."(syn) | [1]assistant: step-start, reasoning, tool:completed, step-finish, patch | [2]assistant: step-start, reasoning, text:"I'm using the executing-plans skill to i...", tool:completed, tool:completed, step-finish, patch | [3]assistant: step-start, reasoning, tool:completed, tool:completed, tool:completed, step-finish, patch | [4]assistant: step-start, reasoning, tool:completed, tool:completed, tool:completed, step-finish, patch | [5]assistant: step-start, reasoning, tool:completed, tool:completed, tool:completed, step-finish, patch | [6]assistant: step-start, reasoning, tool:completed, tool:completed, tool:completed, step-finish, patch | [7]assistant: step-start, reasoning, tool:completed, tool:completed, tool:completed, step-finish, patch | [8]assistant: step-start, reasoning, tool:completed, tool:completed, tool:completed, step-finish, patch | [9]assistant: step-start, reasoning, tool:completed, tool:completed, tool:completed, step-finish, patch | [10]assistant: step-start, reasoning, text:"Now I understand the state. Tasks 1-3 ar...", tool:completed, tool:completed, step-finish, patch | [11]assistant: step-start, reasoning, tool:completed, step-finish, patch | [12]assistant: step-start, tool:completed, step-finish, patch | [13]assistant: step-start, tool:completed, step-finish, patch | [14]assistant: step-start, reasoning, tool:completed, tool:completed, step-finish, patch | [15]assistant: step-start, reasoning, tool:completed, step-finish, patch | [16]assistant: step-start, reasoning, tool:completed, step-finish, patch | [17]assistant: step-start, reasoning, tool:completed, tool:completed, step-finish, patch | [18]assistant: step-start, reasoning, tool:completed, tool:completed, step-finish, patch | [19]assistant: step-start, tool:completed, step-finish, patch | [20]assistant: step-start, tool:completed, tool:completed, step-finish, patch | [21]assistant: step-start, tool:completed, step-finish, patch | [22]assistant: step-start, reasoning, tool:completed, step-finish, patch | [23]assistant: step-start, reasoning, tool:completed, step-finish, patch | [24]assistant: step-start, reasoning, tool:completed, step-finish, patch | [25]assistant: step-start, reasoning, tool:completed, step-finish, patch | [26]assistant: step-start, reasoning, tool:completed, step-finish, patch | [27]assistant: step-start, reasoning, tool:completed, tool:completed, step-finish, patch | [28]assistant: step-start, reasoning, text:"Since Docker isn't available in this env...", tool:completed, step-finish, patch | [29]assistant: step-start, tool:completed, step-finish, patch | [30]assistant: step-start, reasoning, tool:completed, tool:completed, step-finish, patch | [31]assistant: step-start, tool:completed, step-finish, patch | [32]assistant: step-start, reasoning, tool:completed, step-finish, patch | [33]assistant: step-start, tool:completed, step-finish, patch | [34]assistant: step-start, reasoning, tool:completed, tool:completed, step-finish, patch | [35]assistant: step-start, tool:completed, step-finish, patch | [36]assistant: step-start, reasoning, tool:completed, tool:completed, step-finish, patch | [37]assistant: step-start, reasoning, tool:completed, tool:completed, step-finish, patch
[2026-06-02T02:07:50.823Z] message-hooks: post-filter, msgCount=38
[2026-06-02T02:07:50.823Z] message-hooks: about to search for OPENCODE_GENERIC
[2026-06-02T02:07:50.823Z] message-hooks: searching 38 messages for OPENCODE_GENERIC
[2026-06-02T02:07:50.823Z] message-hooks: found synthetic text at [0]: "Called the Read tool with the following input: {"f..." matches=false
[2026-06-02T02:07:50.823Z] message-hooks: found synthetic text at [0]: "<path>/home/rlevidev/Projetos/rinha-2026/docs/supe..." matches=false
[2026-06-02T02:07:50.823Z] message-hooks: generic search complete, found=false, index=-1
[2026-06-02T02:07:50.823Z] message-hooks: no generic part found, checking for pending prompt return
[2026-06-02T02:08:52.675Z] message-hooks: ENTRY msgCount=39, sessions=ses_179fa6dd5ffes60VLPY7DAUkWq
[2026-06-02T02:08:52.675Z] message-hooks: MESSAGES: [0]user: text:"Continue com a execução do plano @docs/s...", file, text:"Called the Read tool with the following ..."(syn), text:"<path>/home/rlevidev/Projetos/rinha-2026..."(syn) | [1]assistant: step-start, reasoning, tool:completed, step-finish, patch | [2]assistant: step-start, reasoning, text:"I'm using the executing-plans skill to i...", tool:completed, tool:completed, step-finish, patch | [3]assistant: step-start, reasoning, tool:completed, tool:completed, tool:completed, step-finish, patch | [4]assistant: step-start, reasoning, tool:completed, tool:completed, tool:completed, step-finish, patch | [5]assistant: step-start, reasoning, tool:completed, tool:completed, tool:completed, step-finish, patch | [6]assistant: step-start, reasoning, tool:completed, tool:completed, tool:completed, step-finish, patch | [7]assistant: step-start, reasoning, tool:completed, tool:completed, tool:completed, step-finish, patch | [8]assistant: step-start, reasoning, tool:completed, tool:completed, tool:completed, step-finish, patch | [9]assistant: step-start, reasoning, tool:completed, tool:completed, tool:completed, step-finish, patch | [10]assistant: step-start, reasoning, text:"Now I understand the state. Tasks 1-3 ar...", tool:completed, tool:completed, step-finish, patch | [11]assistant: step-start, reasoning, tool:completed, step-finish, patch | [12]assistant: step-start, tool:completed, step-finish, patch | [13]assistant: step-start, tool:completed, step-finish, patch | [14]assistant: step-start, reasoning, tool:completed, tool:completed, step-finish, patch | [15]assistant: step-start, reasoning, tool:completed, step-finish, patch | [16]assistant: step-start, reasoning, tool:completed, step-finish, patch | [17]assistant: step-start, reasoning, tool:completed, tool:completed, step-finish, patch | [18]assistant: step-start, reasoning, tool:completed, tool:completed, step-finish, patch | [19]assistant: step-start, tool:completed, step-finish, patch | [20]assistant: step-start, tool:completed, tool:completed, step-finish, patch | [21]assistant: step-start, tool:completed, step-finish, patch | [22]assistant: step-start, reasoning, tool:completed, step-finish, patch | [23]assistant: step-start, reasoning, tool:completed, step-finish, patch | [24]assistant: step-start, reasoning, tool:completed, step-finish, patch | [25]assistant: step-start, reasoning, tool:completed, step-finish, patch | [26]assistant: step-start, reasoning, tool:completed, step-finish, patch | [27]assistant: step-start, reasoning, tool:completed, tool:completed, step-finish, patch | [28]assistant: step-start, reasoning, text:"Since Docker isn't available in this env...", tool:completed, step-finish, patch | [29]assistant: step-start, tool:completed, step-finish, patch | [30]assistant: step-start, reasoning, tool:completed, tool:completed, step-finish, patch | [31]assistant: step-start, tool:completed, step-finish, patch | [32]assistant: step-start, reasoning, tool:completed, step-finish, patch | [33]assistant: step-start, tool:completed, step-finish, patch | [34]assistant: step-start, reasoning, tool:completed, tool:completed, step-finish, patch | [35]assistant: step-start, tool:completed, step-finish, patch | [36]assistant: step-start, reasoning, tool:completed, tool:completed, step-finish, patch | [37]assistant: step-start, reasoning, tool:completed, tool:completed, step-finish, patch | [38]assistant: step-start, reasoning, tool:completed, step-finish, patch
[2026-06-02T02:08:52.676Z] message-hooks: post-filter, msgCount=39
[2026-06-02T02:08:52.676Z] message-hooks: about to search for OPENCODE_GENERIC
[2026-06-02T02:08:52.676Z] message-hooks: searching 39 messages for OPENCODE_GENERIC
[2026-06-02T02:08:52.676Z] message-hooks: found synthetic text at [0]: "Called the Read tool with the following input: {"f..." matches=false
[2026-06-02T02:08:52.676Z] message-hooks: found synthetic text at [0]: "<path>/home/rlevidev/Projetos/rinha-2026/docs/supe..." matches=false
[2026-06-02T02:08:52.676Z] message-hooks: generic search complete, found=false, index=-1
[2026-06-02T02:08:52.676Z] message-hooks: no generic part found, checking for pending prompt return
[2026-06-02T02:09:06.988Z] message-hooks: ENTRY msgCount=40, sessions=ses_179fa6dd5ffes60VLPY7DAUkWq
[2026-06-02T02:09:06.988Z] message-hooks: MESSAGES: [0]user: text:"Continue com a execução do plano @docs/s...", file, text:"Called the Read tool with the following ..."(syn), text:"<path>/home/rlevidev/Projetos/rinha-2026..."(syn) | [1]assistant: step-start, reasoning, tool:completed, step-finish, patch | [2]assistant: step-start, reasoning, text:"I'm using the executing-plans skill to i...", tool:completed, tool:completed, step-finish, patch | [3]assistant: step-start, reasoning, tool:completed, tool:completed, tool:completed, step-finish, patch | [4]assistant: step-start, reasoning, tool:completed, tool:completed, tool:completed, step-finish, patch | [5]assistant: step-start, reasoning, tool:completed, tool:completed, tool:completed, step-finish, patch | [6]assistant: step-start, reasoning, tool:completed, tool:completed, tool:completed, step-finish, patch | [7]assistant: step-start, reasoning, tool:completed, tool:completed, tool:completed, step-finish, patch | [8]assistant: step-start, reasoning, tool:completed, tool:completed, tool:completed, step-finish, patch | [9]assistant: step-start, reasoning, tool:completed, tool:completed, tool:completed, step-finish, patch | [10]assistant: step-start, reasoning, text:"Now I understand the state. Tasks 1-3 ar...", tool:completed, tool:completed, step-finish, patch | [11]assistant: step-start, reasoning, tool:completed, step-finish, patch | [12]assistant: step-start, tool:completed, step-finish, patch | [13]assistant: step-start, tool:completed, step-finish, patch | [14]assistant: step-start, reasoning, tool:completed, tool:completed, step-finish, patch | [15]assistant: step-start, reasoning, tool:completed, step-finish, patch | [16]assistant: step-start, reasoning, tool:completed, step-finish, patch | [17]assistant: step-start, reasoning, tool:completed, tool:completed, step-finish, patch | [18]assistant: step-start, reasoning, tool:completed, tool:completed, step-finish, patch | [19]assistant: step-start, tool:completed, step-finish, patch | [20]assistant: step-start, tool:completed, tool:completed, step-finish, patch | [21]assistant: step-start, tool:completed, step-finish, patch | [22]assistant: step-start, reasoning, tool:completed, step-finish, patch | [23]assistant: step-start, reasoning, tool:completed, step-finish, patch | [24]assistant: step-start, reasoning, tool:completed, step-finish, patch | [25]assistant: step-start, reasoning, tool:completed, step-finish, patch | [26]assistant: step-start, reasoning, tool:completed, step-finish, patch | [27]assistant: step-start, reasoning, tool:completed, tool:completed, step-finish, patch | [28]assistant: step-start, reasoning, text:"Since Docker isn't available in this env...", tool:completed, step-finish, patch | [29]assistant: step-start, tool:completed, step-finish, patch | [30]assistant: step-start, reasoning, tool:completed, tool:completed, step-finish, patch | [31]assistant: step-start, tool:completed, step-finish, patch | [32]assistant: step-start, reasoning, tool:completed, step-finish, patch | [33]assistant: step-start, tool:completed, step-finish, patch | [34]assistant: step-start, reasoning, tool:completed, tool:completed, step-finish, patch | [35]assistant: step-start, tool:completed, step-finish, patch | [36]assistant: step-start, reasoning, tool:completed, tool:completed, step-finish, patch | [37]assistant: step-start, reasoning, tool:completed, tool:completed, step-finish, patch | [38]assistant: step-start, reasoning, tool:completed, step-finish, patch | [39]assistant: step-start, reasoning, tool:completed, tool:completed, step-finish, patch
[2026-06-02T02:09:06.988Z] message-hooks: post-filter, msgCount=40
[2026-06-02T02:09:06.988Z] message-hooks: about to search for OPENCODE_GENERIC
[2026-06-02T02:09:06.988Z] message-hooks: searching 40 messages for OPENCODE_GENERIC
[2026-06-02T02:09:06.988Z] message-hooks: found synthetic text at [0]: "Called the Read tool with the following input: {"f..." matches=false
[2026-06-02T02:09:06.988Z] message-hooks: found synthetic text at [0]: "<path>/home/rlevidev/Projetos/rinha-2026/docs/supe..." matches=false
[2026-06-02T02:09:06.988Z] message-hooks: generic search complete, found=false, index=-1
[2026-06-02T02:09:06.988Z] message-hooks: no generic part found, checking for pending prompt return
[2026-06-02T02:09:12.108Z] message-hooks: ENTRY msgCount=41, sessions=ses_179fa6dd5ffes60VLPY7DAUkWq
[2026-06-02T02:09:12.108Z] message-hooks: MESSAGES: [0]user: text:"Continue com a execução do plano @docs/s...", file, text:"Called the Read tool with the following ..."(syn), text:"<path>/home/rlevidev/Projetos/rinha-2026..."(syn) | [1]assistant: step-start, reasoning, tool:completed, step-finish, patch | [2]assistant: step-start, reasoning, text:"I'm using the executing-plans skill to i...", tool:completed, tool:completed, step-finish, patch | [3]assistant: step-start, reasoning, tool:completed, tool:completed, tool:completed, step-finish, patch | [4]assistant: step-start, reasoning, tool:completed, tool:completed, tool:completed, step-finish, patch | [5]assistant: step-start, reasoning, tool:completed, tool:completed, tool:completed, step-finish, patch | [6]assistant: step-start, reasoning, tool:completed, tool:completed, tool:completed, step-finish, patch | [7]assistant: step-start, reasoning, tool:completed, tool:completed, tool:completed, step-finish, patch | [8]assistant: step-start, reasoning, tool:completed, tool:completed, tool:completed, step-finish, patch | [9]assistant: step-start, reasoning, tool:completed, tool:completed, tool:completed, step-finish, patch | [10]assistant: step-start, reasoning, text:"Now I understand the state. Tasks 1-3 ar...", tool:completed, tool:completed, step-finish, patch | [11]assistant: step-start, reasoning, tool:completed, step-finish, patch | [12]assistant: step-start, tool:completed, step-finish, patch | [13]assistant: step-start, tool:completed, step-finish, patch | [14]assistant: step-start, reasoning, tool:completed, tool:completed, step-finish, patch | [15]assistant: step-start, reasoning, tool:completed, step-finish, patch | [16]assistant: step-start, reasoning, tool:completed, step-finish, patch | [17]assistant: step-start, reasoning, tool:completed, tool:completed, step-finish, patch | [18]assistant: step-start, reasoning, tool:completed, tool:completed, step-finish, patch | [19]assistant: step-start, tool:completed, step-finish, patch | [20]assistant: step-start, tool:completed, tool:completed, step-finish, patch | [21]assistant: step-start, tool:completed, step-finish, patch | [22]assistant: step-start, reasoning, tool:completed, step-finish, patch | [23]assistant: step-start, reasoning, tool:completed, step-finish, patch | [24]assistant: step-start, reasoning, tool:completed, step-finish, patch | [25]assistant: step-start, reasoning, tool:completed, step-finish, patch | [26]assistant: step-start, reasoning, tool:completed, step-finish, patch | [27]assistant: step-start, reasoning, tool:completed, tool:completed, step-finish, patch | [28]assistant: step-start, reasoning, text:"Since Docker isn't available in this env...", tool:completed, step-finish, patch | [29]assistant: step-start, tool:completed, step-finish, patch | [30]assistant: step-start, reasoning, tool:completed, tool:completed, step-finish, patch | [31]assistant: step-start, tool:completed, step-finish, patch | [32]assistant: step-start, reasoning, tool:completed, step-finish, patch | [33]assistant: step-start, tool:completed, step-finish, patch | [34]assistant: step-start, reasoning, tool:completed, tool:completed, step-finish, patch | [35]assistant: step-start, tool:completed, step-finish, patch | [36]assistant: step-start, reasoning, tool:completed, tool:completed, step-finish, patch | [37]assistant: step-start, reasoning, tool:completed, tool:completed, step-finish, patch | [38]assistant: step-start, reasoning, tool:completed, step-finish, patch | [39]assistant: step-start, reasoning, tool:completed, tool:completed, step-finish, patch | [40]assistant: step-start, reasoning, tool:completed, step-finish, patch
[2026-06-02T02:09:12.108Z] message-hooks: post-filter, msgCount=41
[2026-06-02T02:09:12.108Z] message-hooks: about to search for OPENCODE_GENERIC
[2026-06-02T02:09:12.108Z] message-hooks: searching 41 messages for OPENCODE_GENERIC
[2026-06-02T02:09:12.108Z] message-hooks: found synthetic text at [0]: "Called the Read tool with the following input: {"f..." matches=false
[2026-06-02T02:09:12.108Z] message-hooks: found synthetic text at [0]: "<path>/home/rlevidev/Projetos/rinha-2026/docs/supe..." matches=false
[2026-06-02T02:09:12.108Z] message-hooks: generic search complete, found=false, index=-1
[2026-06-02T02:09:12.108Z] message-hooks: no generic part found, checking for pending prompt return
[2026-06-02T02:09:27.813Z] message-hooks: ENTRY msgCount=42, sessions=ses_179fa6dd5ffes60VLPY7DAUkWq
[2026-06-02T02:09:27.813Z] message-hooks: MESSAGES: [0]user: text:"Continue com a execução do plano @docs/s...", file, text:"Called the Read tool with the following ..."(syn), text:"<path>/home/rlevidev/Projetos/rinha-2026..."(syn) | [1]assistant: step-start, reasoning, tool:completed, step-finish, patch | [2]assistant: step-start, reasoning, text:"I'm using the executing-plans skill to i...", tool:completed, tool:completed, step-finish, patch | [3]assistant: step-start, reasoning, tool:completed, tool:completed, tool:completed, step-finish, patch | [4]assistant: step-start, reasoning, tool:completed, tool:completed, tool:completed, step-finish, patch | [5]assistant: step-start, reasoning, tool:completed, tool:completed, tool:completed, step-finish, patch | [6]assistant: step-start, reasoning, tool:completed, tool:completed, tool:completed, step-finish, patch | [7]assistant: step-start, reasoning, tool:completed, tool:completed, tool:completed, step-finish, patch | [8]assistant: step-start, reasoning, tool:completed, tool:completed, tool:completed, step-finish, patch | [9]assistant: step-start, reasoning, tool:completed, tool:completed, tool:completed, step-finish, patch | [10]assistant: step-start, reasoning, text:"Now I understand the state. Tasks 1-3 ar...", tool:completed, tool:completed, step-finish, patch | [11]assistant: step-start, reasoning, tool:completed, step-finish, patch | [12]assistant: step-start, tool:completed, step-finish, patch | [13]assistant: step-start, tool:completed, step-finish, patch | [14]assistant: step-start, reasoning, tool:completed, tool:completed, step-finish, patch | [15]assistant: step-start, reasoning, tool:completed, step-finish, patch | [16]assistant: step-start, reasoning, tool:completed, step-finish, patch | [17]assistant: step-start, reasoning, tool:completed, tool:completed, step-finish, patch | [18]assistant: step-start, reasoning, tool:completed, tool:completed, step-finish, patch | [19]assistant: step-start, tool:completed, step-finish, patch | [20]assistant: step-start, tool:completed, tool:completed, step-finish, patch | [21]assistant: step-start, tool:completed, step-finish, patch | [22]assistant: step-start, reasoning, tool:completed, step-finish, patch | [23]assistant: step-start, reasoning, tool:completed, step-finish, patch | [24]assistant: step-start, reasoning, tool:completed, step-finish, patch | [25]assistant: step-start, reasoning, tool:completed, step-finish, patch | [26]assistant: step-start, reasoning, tool:completed, step-finish, patch | [27]assistant: step-start, reasoning, tool:completed, tool:completed, step-finish, patch | [28]assistant: step-start, reasoning, text:"Since Docker isn't available in this env...", tool:completed, step-finish, patch | [29]assistant: step-start, tool:completed, step-finish, patch | [30]assistant: step-start, reasoning, tool:completed, tool:completed, step-finish, patch | [31]assistant: step-start, tool:completed, step-finish, patch | [32]assistant: step-start, reasoning, tool:completed, step-finish, patch | [33]assistant: step-start, tool:completed, step-finish, patch | [34]assistant: step-start, reasoning, tool:completed, tool:completed, step-finish, patch | [35]assistant: step-start, tool:completed, step-finish, patch | [36]assistant: step-start, reasoning, tool:completed, tool:completed, step-finish, patch | [37]assistant: step-start, reasoning, tool:completed, tool:completed, step-finish, patch | [38]assistant: step-start, reasoning, tool:completed, step-finish, patch | [39]assistant: step-start, reasoning, tool:completed, tool:completed, step-finish, patch | [40]assistant: step-start, reasoning, tool:completed, step-finish, patch | [41]assistant: step-start, reasoning, tool:completed, step-finish, patch
[2026-06-02T02:09:27.813Z] message-hooks: post-filter, msgCount=42
[2026-06-02T02:09:27.813Z] message-hooks: about to search for OPENCODE_GENERIC
[2026-06-02T02:09:27.813Z] message-hooks: searching 42 messages for OPENCODE_GENERIC
[2026-06-02T02:09:27.813Z] message-hooks: found synthetic text at [0]: "Called the Read tool with the following input: {"f..." matches=false
[2026-06-02T02:09:27.813Z] message-hooks: found synthetic text at [0]: "<path>/home/rlevidev/Projetos/rinha-2026/docs/supe..." matches=false
[2026-06-02T02:09:27.813Z] message-hooks: generic search complete, found=false, index=-1
[2026-06-02T02:09:27.813Z] message-hooks: no generic part found, checking for pending prompt return
[2026-06-02T02:09:38.407Z] message-hooks: ENTRY msgCount=43, sessions=ses_179fa6dd5ffes60VLPY7DAUkWq
[2026-06-02T02:09:38.407Z] message-hooks: MESSAGES: [0]user: text:"Continue com a execução do plano @docs/s...", file, text:"Called the Read tool with the following ..."(syn), text:"<path>/home/rlevidev/Projetos/rinha-2026..."(syn) | [1]assistant: step-start, reasoning, tool:completed, step-finish, patch | [2]assistant: step-start, reasoning, text:"I'm using the executing-plans skill to i...", tool:completed, tool:completed, step-finish, patch | [3]assistant: step-start, reasoning, tool:completed, tool:completed, tool:completed, step-finish, patch | [4]assistant: step-start, reasoning, tool:completed, tool:completed, tool:completed, step-finish, patch | [5]assistant: step-start, reasoning, tool:completed, tool:completed, tool:completed, step-finish, patch | [6]assistant: step-start, reasoning, tool:completed, tool:completed, tool:completed, step-finish, patch | [7]assistant: step-start, reasoning, tool:completed, tool:completed, tool:completed, step-finish, patch | [8]assistant: step-start, reasoning, tool:completed, tool:completed, tool:completed, step-finish, patch | [9]assistant: step-start, reasoning, tool:completed, tool:completed, tool:completed, step-finish, patch | [10]assistant: step-start, reasoning, text:"Now I understand the state. Tasks 1-3 ar...", tool:completed, tool:completed, step-finish, patch | [11]assistant: step-start, reasoning, tool:completed, step-finish, patch | [12]assistant: step-start, tool:completed, step-finish, patch | [13]assistant: step-start, tool:completed, step-finish, patch | [14]assistant: step-start, reasoning, tool:completed, tool:completed, step-finish, patch | [15]assistant: step-start, reasoning, tool:completed, step-finish, patch | [16]assistant: step-start, reasoning, tool:completed, step-finish, patch | [17]assistant: step-start, reasoning, tool:completed, tool:completed, step-finish, patch | [18]assistant: step-start, reasoning, tool:completed, tool:completed, step-finish, patch | [19]assistant: step-start, tool:completed, step-finish, patch | [20]assistant: step-start, tool:completed, tool:completed, step-finish, patch | [21]assistant: step-start, tool:completed, step-finish, patch | [22]assistant: step-start, reasoning, tool:completed, step-finish, patch | [23]assistant: step-start, reasoning, tool:completed, step-finish, patch | [24]assistant: step-start, reasoning, tool:completed, step-finish, patch | [25]assistant: step-start, reasoning, tool:completed, step-finish, patch | [26]assistant: step-start, reasoning, tool:completed, step-finish, patch | [27]assistant: step-start, reasoning, tool:completed, tool:completed, step-finish, patch | [28]assistant: step-start, reasoning, text:"Since Docker isn't available in this env...", tool:completed, step-finish, patch | [29]assistant: step-start, tool:completed, step-finish, patch | [30]assistant: step-start, reasoning, tool:completed, tool:completed, step-finish, patch | [31]assistant: step-start, tool:completed, step-finish, patch | [32]assistant: step-start, reasoning, tool:completed, step-finish, patch | [33]assistant: step-start, tool:completed, step-finish, patch | [34]assistant: step-start, reasoning, tool:completed, tool:completed, step-finish, patch | [35]assistant: step-start, tool:completed, step-finish, patch | [36]assistant: step-start, reasoning, tool:completed, tool:completed, step-finish, patch | [37]assistant: step-start, reasoning, tool:completed, tool:completed, step-finish, patch | [38]assistant: step-start, reasoning, tool:completed, step-finish, patch | [39]assistant: step-start, reasoning, tool:completed, tool:completed, step-finish, patch | [40]assistant: step-start, reasoning, tool:completed, step-finish, patch | [41]assistant: step-start, reasoning, tool:completed, step-finish, patch | [42]assistant: step-start, tool:completed, step-finish, patch
[2026-06-02T02:09:38.407Z] message-hooks: post-filter, msgCount=43
[2026-06-02T02:09:38.407Z] message-hooks: about to search for OPENCODE_GENERIC
[2026-06-02T02:09:38.407Z] message-hooks: searching 43 messages for OPENCODE_GENERIC
[2026-06-02T02:09:38.407Z] message-hooks: found synthetic text at [0]: "Called the Read tool with the following input: {"f..." matches=false
[2026-06-02T02:09:38.407Z] message-hooks: found synthetic text at [0]: "<path>/home/rlevidev/Projetos/rinha-2026/docs/supe..." matches=false
[2026-06-02T02:09:38.407Z] message-hooks: generic search complete, found=false, index=-1
[2026-06-02T02:09:38.407Z] message-hooks: no generic part found, checking for pending prompt return
[2026-06-02T02:09:51.124Z] message-hooks: ENTRY msgCount=44, sessions=ses_179fa6dd5ffes60VLPY7DAUkWq
[2026-06-02T02:09:51.124Z] message-hooks: MESSAGES: [0]user: text:"Continue com a execução do plano @docs/s...", file, text:"Called the Read tool with the following ..."(syn), text:"<path>/home/rlevidev/Projetos/rinha-2026..."(syn) | [1]assistant: step-start, reasoning, tool:completed, step-finish, patch | [2]assistant: step-start, reasoning, text:"I'm using the executing-plans skill to i...", tool:completed, tool:completed, step-finish, patch | [3]assistant: step-start, reasoning, tool:completed, tool:completed, tool:completed, step-finish, patch | [4]assistant: step-start, reasoning, tool:completed, tool:completed, tool:completed, step-finish, patch | [5]assistant: step-start, reasoning, tool:completed, tool:completed, tool:completed, step-finish, patch | [6]assistant: step-start, reasoning, tool:completed, tool:completed, tool:completed, step-finish, patch | [7]assistant: step-start, reasoning, tool:completed, tool:completed, tool:completed, step-finish, patch | [8]assistant: step-start, reasoning, tool:completed, tool:completed, tool:completed, step-finish, patch | [9]assistant: step-start, reasoning, tool:completed, tool:completed, tool:completed, step-finish, patch | [10]assistant: step-start, reasoning, text:"Now I understand the state. Tasks 1-3 ar...", tool:completed, tool:completed, step-finish, patch | [11]assistant: step-start, reasoning, tool:completed, step-finish, patch | [12]assistant: step-start, tool:completed, step-finish, patch | [13]assistant: step-start, tool:completed, step-finish, patch | [14]assistant: step-start, reasoning, tool:completed, tool:completed, step-finish, patch | [15]assistant: step-start, reasoning, tool:completed, step-finish, patch | [16]assistant: step-start, reasoning, tool:completed, step-finish, patch | [17]assistant: step-start, reasoning, tool:completed, tool:completed, step-finish, patch | [18]assistant: step-start, reasoning, tool:completed, tool:completed, step-finish, patch | [19]assistant: step-start, tool:completed, step-finish, patch | [20]assistant: step-start, tool:completed, tool:completed, step-finish, patch | [21]assistant: step-start, tool:completed, step-finish, patch | [22]assistant: step-start, reasoning, tool:completed, step-finish, patch | [23]assistant: step-start, reasoning, tool:completed, step-finish, patch | [24]assistant: step-start, reasoning, tool:completed, step-finish, patch | [25]assistant: step-start, reasoning, tool:completed, step-finish, patch | [26]assistant: step-start, reasoning, tool:completed, step-finish, patch | [27]assistant: step-start, reasoning, tool:completed, tool:completed, step-finish, patch | [28]assistant: step-start, reasoning, text:"Since Docker isn't available in this env...", tool:completed, step-finish, patch | [29]assistant: step-start, tool:completed, step-finish, patch | [30]assistant: step-start, reasoning, tool:completed, tool:completed, step-finish, patch | [31]assistant: step-start, tool:completed, step-finish, patch | [32]assistant: step-start, reasoning, tool:completed, step-finish, patch | [33]assistant: step-start, tool:completed, step-finish, patch | [34]assistant: step-start, reasoning, tool:completed, tool:completed, step-finish, patch | [35]assistant: step-start, tool:completed, step-finish, patch | [36]assistant: step-start, reasoning, tool:completed, tool:completed, step-finish, patch | [37]assistant: step-start, reasoning, tool:completed, tool:completed, step-finish, patch | [38]assistant: step-start, reasoning, tool:completed, step-finish, patch | [39]assistant: step-start, reasoning, tool:completed, tool:completed, step-finish, patch | [40]assistant: step-start, reasoning, tool:completed, step-finish, patch | [41]assistant: step-start, reasoning, tool:completed, step-finish, patch | [42]assistant: step-start, tool:completed, step-finish, patch | [43]assistant: step-start, tool:completed, tool:completed, step-finish, patch
[2026-06-02T02:09:51.124Z] message-hooks: post-filter, msgCount=44
[2026-06-02T02:09:51.124Z] message-hooks: about to search for OPENCODE_GENERIC
[2026-06-02T02:09:51.124Z] message-hooks: searching 44 messages for OPENCODE_GENERIC
[2026-06-02T02:09:51.124Z] message-hooks: found synthetic text at [0]: "Called the Read tool with the following input: {"f..." matches=false
[2026-06-02T02:09:51.124Z] message-hooks: found synthetic text at [0]: "<path>/home/rlevidev/Projetos/rinha-2026/docs/supe..." matches=false
[2026-06-02T02:09:51.124Z] message-hooks: generic search complete, found=false, index=-1
[2026-06-02T02:09:51.124Z] message-hooks: no generic part found, checking for pending prompt return
[2026-06-02T02:10:07.606Z] message-hooks: ENTRY msgCount=45, sessions=ses_179fa6dd5ffes60VLPY7DAUkWq
[2026-06-02T02:10:07.606Z] message-hooks: MESSAGES: [0]user: text:"Continue com a execução do plano @docs/s...", file, text:"Called the Read tool with the following ..."(syn), text:"<path>/home/rlevidev/Projetos/rinha-2026..."(syn) | [1]assistant: step-start, reasoning, tool:completed, step-finish, patch | [2]assistant: step-start, reasoning, text:"I'm using the executing-plans skill to i...", tool:completed, tool:completed, step-finish, patch | [3]assistant: step-start, reasoning, tool:completed, tool:completed, tool:completed, step-finish, patch | [4]assistant: step-start, reasoning, tool:completed, tool:completed, tool:completed, step-finish, patch | [5]assistant: step-start, reasoning, tool:completed, tool:completed, tool:completed, step-finish, patch | [6]assistant: step-start, reasoning, tool:completed, tool:completed, tool:completed, step-finish, patch | [7]assistant: step-start, reasoning, tool:completed, tool:completed, tool:completed, step-finish, patch | [8]assistant: step-start, reasoning, tool:completed, tool:completed, tool:completed, step-finish, patch | [9]assistant: step-start, reasoning, tool:completed, tool:completed, tool:completed, step-finish, patch | [10]assistant: step-start, reasoning, text:"Now I understand the state. Tasks 1-3 ar...", tool:completed, tool:completed, step-finish, patch | [11]assistant: step-start, reasoning, tool:completed, step-finish, patch | [12]assistant: step-start, tool:completed, step-finish, patch | [13]assistant: step-start, tool:completed, step-finish, patch | [14]assistant: step-start, reasoning, tool:completed, tool:completed, step-finish, patch | [15]assistant: step-start, reasoning, tool:completed, step-finish, patch | [16]assistant: step-start, reasoning, tool:completed, step-finish, patch | [17]assistant: step-start, reasoning, tool:completed, tool:completed, step-finish, patch | [18]assistant: step-start, reasoning, tool:completed, tool:completed, step-finish, patch | [19]assistant: step-start, tool:completed, step-finish, patch | [20]assistant: step-start, tool:completed, tool:completed, step-finish, patch | [21]assistant: step-start, tool:completed, step-finish, patch | [22]assistant: step-start, reasoning, tool:completed, step-finish, patch | [23]assistant: step-start, reasoning, tool:completed, step-finish, patch | [24]assistant: step-start, reasoning, tool:completed, step-finish, patch | [25]assistant: step-start, reasoning, tool:completed, step-finish, patch | [26]assistant: step-start, reasoning, tool:completed, step-finish, patch | [27]assistant: step-start, reasoning, tool:completed, tool:completed, step-finish, patch | [28]assistant: step-start, reasoning, text:"Since Docker isn't available in this env...", tool:completed, step-finish, patch | [29]assistant: step-start, tool:completed, step-finish, patch | [30]assistant: step-start, reasoning, tool:completed, tool:completed, step-finish, patch | [31]assistant: step-start, tool:completed, step-finish, patch | [32]assistant: step-start, reasoning, tool:completed, step-finish, patch | [33]assistant: step-start, tool:completed, step-finish, patch | [34]assistant: step-start, reasoning, tool:completed, tool:completed, step-finish, patch | [35]assistant: step-start, tool:completed, step-finish, patch | [36]assistant: step-start, reasoning, tool:completed, tool:completed, step-finish, patch | [37]assistant: step-start, reasoning, tool:completed, tool:completed, step-finish, patch | [38]assistant: step-start, reasoning, tool:completed, step-finish, patch | [39]assistant: step-start, reasoning, tool:completed, tool:completed, step-finish, patch | [40]assistant: step-start, reasoning, tool:completed, step-finish, patch | [41]assistant: step-start, reasoning, tool:completed, step-finish, patch | [42]assistant: step-start, tool:completed, step-finish, patch | [43]assistant: step-start, tool:completed, tool:completed, step-finish, patch | [44]assistant: step-start, reasoning, text:"Now I'll use the finishing-a-development...", tool:completed, step-finish, patch
[2026-06-02T02:10:07.606Z] message-hooks: post-filter, msgCount=45
[2026-06-02T02:10:07.606Z] message-hooks: about to search for OPENCODE_GENERIC
[2026-06-02T02:10:07.606Z] message-hooks: searching 45 messages for OPENCODE_GENERIC
[2026-06-02T02:10:07.606Z] message-hooks: found synthetic text at [0]: "Called the Read tool with the following input: {"f..." matches=false
[2026-06-02T02:10:07.606Z] message-hooks: found synthetic text at [0]: "<path>/home/rlevidev/Projetos/rinha-2026/docs/supe..." matches=false
[2026-06-02T02:10:07.606Z] message-hooks: generic search complete, found=false, index=-1
[2026-06-02T02:10:07.606Z] message-hooks: no generic part found, checking for pending prompt return
[2026-06-02T02:10:15.973Z] message-hooks: ENTRY msgCount=46, sessions=ses_179fa6dd5ffes60VLPY7DAUkWq
[2026-06-02T02:10:15.973Z] message-hooks: MESSAGES: [0]user: text:"Continue com a execução do plano @docs/s...", file, text:"Called the Read tool with the following ..."(syn), text:"<path>/home/rlevidev/Projetos/rinha-2026..."(syn) | [1]assistant: step-start, reasoning, tool:completed, step-finish, patch | [2]assistant: step-start, reasoning, text:"I'm using the executing-plans skill to i...", tool:completed, tool:completed, step-finish, patch | [3]assistant: step-start, reasoning, tool:completed, tool:completed, tool:completed, step-finish, patch | [4]assistant: step-start, reasoning, tool:completed, tool:completed, tool:completed, step-finish, patch | [5]assistant: step-start, reasoning, tool:completed, tool:completed, tool:completed, step-finish, patch | [6]assistant: step-start, reasoning, tool:completed, tool:completed, tool:completed, step-finish, patch | [7]assistant: step-start, reasoning, tool:completed, tool:completed, tool:completed, step-finish, patch | [8]assistant: step-start, reasoning, tool:completed, tool:completed, tool:completed, step-finish, patch | [9]assistant: step-start, reasoning, tool:completed, tool:completed, tool:completed, step-finish, patch | [10]assistant: step-start, reasoning, text:"Now I understand the state. Tasks 1-3 ar...", tool:completed, tool:completed, step-finish, patch | [11]assistant: step-start, reasoning, tool:completed, step-finish, patch | [12]assistant: step-start, tool:completed, step-finish, patch | [13]assistant: step-start, tool:completed, step-finish, patch | [14]assistant: step-start, reasoning, tool:completed, tool:completed, step-finish, patch | [15]assistant: step-start, reasoning, tool:completed, step-finish, patch | [16]assistant: step-start, reasoning, tool:completed, step-finish, patch | [17]assistant: step-start, reasoning, tool:completed, tool:completed, step-finish, patch | [18]assistant: step-start, reasoning, tool:completed, tool:completed, step-finish, patch | [19]assistant: step-start, tool:completed, step-finish, patch | [20]assistant: step-start, tool:completed, tool:completed, step-finish, patch | [21]assistant: step-start, tool:completed, step-finish, patch | [22]assistant: step-start, reasoning, tool:completed, step-finish, patch | [23]assistant: step-start, reasoning, tool:completed, step-finish, patch | [24]assistant: step-start, reasoning, tool:completed, step-finish, patch | [25]assistant: step-start, reasoning, tool:completed, step-finish, patch | [26]assistant: step-start, reasoning, tool:completed, step-finish, patch | [27]assistant: step-start, reasoning, tool:completed, tool:completed, step-finish, patch | [28]assistant: step-start, reasoning, text:"Since Docker isn't available in this env...", tool:completed, step-finish, patch | [29]assistant: step-start, tool:completed, step-finish, patch | [30]assistant: step-start, reasoning, tool:completed, tool:completed, step-finish, patch | [31]assistant: step-start, tool:completed, step-finish, patch | [32]assistant: step-start, reasoning, tool:completed, step-finish, patch | [33]assistant: step-start, tool:completed, step-finish, patch | [34]assistant: step-start, reasoning, tool:completed, tool:completed, step-finish, patch | [35]assistant: step-start, tool:completed, step-finish, patch | [36]assistant: step-start, reasoning, tool:completed, tool:completed, step-finish, patch | [37]assistant: step-start, reasoning, tool:completed, tool:completed, step-finish, patch | [38]assistant: step-start, reasoning, tool:completed, step-finish, patch | [39]assistant: step-start, reasoning, tool:completed, tool:completed, step-finish, patch | [40]assistant: step-start, reasoning, tool:completed, step-finish, patch | [41]assistant: step-start, reasoning, tool:completed, step-finish, patch | [42]assistant: step-start, tool:completed, step-finish, patch | [43]assistant: step-start, tool:completed, tool:completed, step-finish, patch | [44]assistant: step-start, reasoning, text:"Now I'll use the finishing-a-development...", tool:completed, step-finish, patch | [45]assistant: step-start, reasoning, text:"I'm using the finishing-a-development-br...", tool:completed, tool:completed, step-finish, patch
[2026-06-02T02:10:15.973Z] message-hooks: post-filter, msgCount=46
[2026-06-02T02:10:15.973Z] message-hooks: about to search for OPENCODE_GENERIC
[2026-06-02T02:10:15.973Z] message-hooks: searching 46 messages for OPENCODE_GENERIC
[2026-06-02T02:10:15.973Z] message-hooks: found synthetic text at [0]: "Called the Read tool with the following input: {"f..." matches=false
[2026-06-02T02:10:15.973Z] message-hooks: found synthetic text at [0]: "<path>/home/rlevidev/Projetos/rinha-2026/docs/supe..." matches=false
[2026-06-02T02:10:15.973Z] message-hooks: generic search complete, found=false, index=-1
[2026-06-02T02:10:15.973Z] message-hooks: no generic part found, checking for pending prompt return
[2026-06-02T02:10:39.622Z] session.idle: sessionID=ses_179fa6dd5ffes60VLPY7DAUkWq
[2026-06-02T02:13:00.434Z] message-hooks: ENTRY msgCount=48, sessions=ses_179fa6dd5ffes60VLPY7DAUkWq
[2026-06-02T02:13:00.434Z] message-hooks: MESSAGES: [0]user: text:"Continue com a execução do plano @docs/s...", file, text:"Called the Read tool with the following ..."(syn), text:"<path>/home/rlevidev/Projetos/rinha-2026..."(syn) | [1]assistant: step-start, reasoning, tool:completed, step-finish, patch | [2]assistant: step-start, reasoning, text:"I'm using the executing-plans skill to i...", tool:completed, tool:completed, step-finish, patch | [3]assistant: step-start, reasoning, tool:completed, tool:completed, tool:completed, step-finish, patch | [4]assistant: step-start, reasoning, tool:completed, tool:completed, tool:completed, step-finish, patch | [5]assistant: step-start, reasoning, tool:completed, tool:completed, tool:completed, step-finish, patch | [6]assistant: step-start, reasoning, tool:completed, tool:completed, tool:completed, step-finish, patch | [7]assistant: step-start, reasoning, tool:completed, tool:completed, tool:completed, step-finish, patch | [8]assistant: step-start, reasoning, tool:completed, tool:completed, tool:completed, step-finish, patch | [9]assistant: step-start, reasoning, tool:completed, tool:completed, tool:completed, step-finish, patch | [10]assistant: step-start, reasoning, text:"Now I understand the state. Tasks 1-3 ar...", tool:completed, tool:completed, step-finish, patch | [11]assistant: step-start, reasoning, tool:completed, step-finish, patch | [12]assistant: step-start, tool:completed, step-finish, patch | [13]assistant: step-start, tool:completed, step-finish, patch | [14]assistant: step-start, reasoning, tool:completed, tool:completed, step-finish, patch | [15]assistant: step-start, reasoning, tool:completed, step-finish, patch | [16]assistant: step-start, reasoning, tool:completed, step-finish, patch | [17]assistant: step-start, reasoning, tool:completed, tool:completed, step-finish, patch | [18]assistant: step-start, reasoning, tool:completed, tool:completed, step-finish, patch | [19]assistant: step-start, tool:completed, step-finish, patch | [20]assistant: step-start, tool:completed, tool:completed, step-finish, patch | [21]assistant: step-start, tool:completed, step-finish, patch | [22]assistant: step-start, reasoning, tool:completed, step-finish, patch | [23]assistant: step-start, reasoning, tool:completed, step-finish, patch | [24]assistant: step-start, reasoning, tool:completed, step-finish, patch | [25]assistant: step-start, reasoning, tool:completed, step-finish, patch | [26]assistant: step-start, reasoning, tool:completed, step-finish, patch | [27]assistant: step-start, reasoning, tool:completed, tool:completed, step-finish, patch | [28]assistant: step-start, reasoning, text:"Since Docker isn't available in this env...", tool:completed, step-finish, patch | [29]assistant: step-start, tool:completed, step-finish, patch | [30]assistant: step-start, reasoning, tool:completed, tool:completed, step-finish, patch | [31]assistant: step-start, tool:completed, step-finish, patch | [32]assistant: step-start, reasoning, tool:completed, step-finish, patch | [33]assistant: step-start, tool:completed, step-finish, patch | [34]assistant: step-start, reasoning, tool:completed, tool:completed, step-finish, patch | [35]assistant: step-start, tool:completed, step-finish, patch | [36]assistant: step-start, reasoning, tool:completed, tool:completed, step-finish, patch | [37]assistant: step-start, reasoning, tool:completed, tool:completed, step-finish, patch | [38]assistant: step-start, reasoning, tool:completed, step-finish, patch | [39]assistant: step-start, reasoning, tool:completed, tool:completed, step-finish, patch | [40]assistant: step-start, reasoning, tool:completed, step-finish, patch | [41]assistant: step-start, reasoning, tool:completed, step-finish, patch | [42]assistant: step-start, tool:completed, step-finish, patch | [43]assistant: step-start, tool:completed, tool:completed, step-finish, patch | [44]assistant: step-start, reasoning, text:"Now I'll use the finishing-a-development...", tool:completed, step-finish, patch | [45]assistant: step-start, reasoning, text:"I'm using the finishing-a-development-br...", tool:completed, tool:completed, step-finish, patch | [46]assistant: step-start, reasoning, text:"Tests all pass. Plan complete — 7 new co...", step-finish, patch | [47]user: text:"Acabei de fazer push dos commits para qu..."
[2026-06-02T02:13:00.434Z] message-hooks: post-filter, msgCount=48
[2026-06-02T02:13:00.434Z] message-hooks: about to search for OPENCODE_GENERIC
[2026-06-02T02:13:00.434Z] message-hooks: searching 48 messages for OPENCODE_GENERIC
[2026-06-02T02:13:00.434Z] message-hooks: found synthetic text at [0]: "Called the Read tool with the following input: {"f..." matches=false
[2026-06-02T02:13:00.434Z] message-hooks: found synthetic text at [0]: "<path>/home/rlevidev/Projetos/rinha-2026/docs/supe..." matches=false
[2026-06-02T02:13:00.434Z] message-hooks: generic search complete, found=false, index=-1
[2026-06-02T02:13:00.434Z] message-hooks: no generic part found, checking for pending prompt return
[2026-06-02T02:13:23.582Z] message-hooks: ENTRY msgCount=49, sessions=ses_179fa6dd5ffes60VLPY7DAUkWq
[2026-06-02T02:13:23.582Z] message-hooks: MESSAGES: [0]user: text:"Continue com a execução do plano @docs/s...", file, text:"Called the Read tool with the following ..."(syn), text:"<path>/home/rlevidev/Projetos/rinha-2026..."(syn) | [1]assistant: step-start, reasoning, tool:completed, step-finish, patch | [2]assistant: step-start, reasoning, text:"I'm using the executing-plans skill to i...", tool:completed, tool:completed, step-finish, patch | [3]assistant: step-start, reasoning, tool:completed, tool:completed, tool:completed, step-finish, patch | [4]assistant: step-start, reasoning, tool:completed, tool:completed, tool:completed, step-finish, patch | [5]assistant: step-start, reasoning, tool:completed, tool:completed, tool:completed, step-finish, patch | [6]assistant: step-start, reasoning, tool:completed, tool:completed, tool:completed, step-finish, patch | [7]assistant: step-start, reasoning, tool:completed, tool:completed, tool:completed, step-finish, patch | [8]assistant: step-start, reasoning, tool:completed, tool:completed, tool:completed, step-finish, patch | [9]assistant: step-start, reasoning, tool:completed, tool:completed, tool:completed, step-finish, patch | [10]assistant: step-start, reasoning, text:"Now I understand the state. Tasks 1-3 ar...", tool:completed, tool:completed, step-finish, patch | [11]assistant: step-start, reasoning, tool:completed, step-finish, patch | [12]assistant: step-start, tool:completed, step-finish, patch | [13]assistant: step-start, tool:completed, step-finish, patch | [14]assistant: step-start, reasoning, tool:completed, tool:completed, step-finish, patch | [15]assistant: step-start, reasoning, tool:completed, step-finish, patch | [16]assistant: step-start, reasoning, tool:completed, step-finish, patch | [17]assistant: step-start, reasoning, tool:completed, tool:completed, step-finish, patch | [18]assistant: step-start, reasoning, tool:completed, tool:completed, step-finish, patch | [19]assistant: step-start, tool:completed, step-finish, patch | [20]assistant: step-start, tool:completed, tool:completed, step-finish, patch | [21]assistant: step-start, tool:completed, step-finish, patch | [22]assistant: step-start, reasoning, tool:completed, step-finish, patch | [23]assistant: step-start, reasoning, tool:completed, step-finish, patch | [24]assistant: step-start, reasoning, tool:completed, step-finish, patch | [25]assistant: step-start, reasoning, tool:completed, step-finish, patch | [26]assistant: step-start, reasoning, tool:completed, step-finish, patch | [27]assistant: step-start, reasoning, tool:completed, tool:completed, step-finish, patch | [28]assistant: step-start, reasoning, text:"Since Docker isn't available in this env...", tool:completed, step-finish, patch | [29]assistant: step-start, tool:completed, step-finish, patch | [30]assistant: step-start, reasoning, tool:completed, tool:completed, step-finish, patch | [31]assistant: step-start, tool:completed, step-finish, patch | [32]assistant: step-start, reasoning, tool:completed, step-finish, patch | [33]assistant: step-start, tool:completed, step-finish, patch | [34]assistant: step-start, reasoning, tool:completed, tool:completed, step-finish, patch | [35]assistant: step-start, tool:completed, step-finish, patch | [36]assistant: step-start, reasoning, tool:completed, tool:completed, step-finish, patch | [37]assistant: step-start, reasoning, tool:completed, tool:completed, step-finish, patch | [38]assistant: step-start, reasoning, tool:completed, step-finish, patch | [39]assistant: step-start, reasoning, tool:completed, tool:completed, step-finish, patch | [40]assistant: step-start, reasoning, tool:completed, step-finish, patch | [41]assistant: step-start, reasoning, tool:completed, step-finish, patch | [42]assistant: step-start, tool:completed, step-finish, patch | [43]assistant: step-start, tool:completed, tool:completed, step-finish, patch | [44]assistant: step-start, reasoning, text:"Now I'll use the finishing-a-development...", tool:completed, step-finish, patch | [45]assistant: step-start, reasoning, text:"I'm using the finishing-a-development-br...", tool:completed, tool:completed, step-finish, patch | [46]assistant: step-start, reasoning, text:"Tests all pass. Plan complete — 7 new co...", step-finish, patch | [47]user: text:"Acabei de fazer push dos commits para qu..." | [48]assistant: step-start, reasoning, tool:completed, tool:completed, step-finish, patch
[2026-06-02T02:13:23.582Z] message-hooks: post-filter, msgCount=49
[2026-06-02T02:13:23.582Z] message-hooks: about to search for OPENCODE_GENERIC
[2026-06-02T02:13:23.582Z] message-hooks: searching 49 messages for OPENCODE_GENERIC
[2026-06-02T02:13:23.582Z] message-hooks: found synthetic text at [0]: "Called the Read tool with the following input: {"f..." matches=false
[2026-06-02T02:13:23.582Z] message-hooks: found synthetic text at [0]: "<path>/home/rlevidev/Projetos/rinha-2026/docs/supe..." matches=false
[2026-06-02T02:13:23.582Z] message-hooks: generic search complete, found=false, index=-1
[2026-06-02T02:13:23.582Z] message-hooks: no generic part found, checking for pending prompt return
[2026-06-02T02:13:35.633Z] message-hooks: ENTRY msgCount=50, sessions=ses_179fa6dd5ffes60VLPY7DAUkWq
[2026-06-02T02:13:35.633Z] message-hooks: MESSAGES: [0]user: text:"Continue com a execução do plano @docs/s...", file, text:"Called the Read tool with the following ..."(syn), text:"<path>/home/rlevidev/Projetos/rinha-2026..."(syn) | [1]assistant: step-start, reasoning, tool:completed, step-finish, patch | [2]assistant: step-start, reasoning, text:"I'm using the executing-plans skill to i...", tool:completed, tool:completed, step-finish, patch | [3]assistant: step-start, reasoning, tool:completed, tool:completed, tool:completed, step-finish, patch | [4]assistant: step-start, reasoning, tool:completed, tool:completed, tool:completed, step-finish, patch | [5]assistant: step-start, reasoning, tool:completed, tool:completed, tool:completed, step-finish, patch | [6]assistant: step-start, reasoning, tool:completed, tool:completed, tool:completed, step-finish, patch | [7]assistant: step-start, reasoning, tool:completed, tool:completed, tool:completed, step-finish, patch | [8]assistant: step-start, reasoning, tool:completed, tool:completed, tool:completed, step-finish, patch | [9]assistant: step-start, reasoning, tool:completed, tool:completed, tool:completed, step-finish, patch | [10]assistant: step-start, reasoning, text:"Now I understand the state. Tasks 1-3 ar...", tool:completed, tool:completed, step-finish, patch | [11]assistant: step-start, reasoning, tool:completed, step-finish, patch | [12]assistant: step-start, tool:completed, step-finish, patch | [13]assistant: step-start, tool:completed, step-finish, patch | [14]assistant: step-start, reasoning, tool:completed, tool:completed, step-finish, patch | [15]assistant: step-start, reasoning, tool:completed, step-finish, patch | [16]assistant: step-start, reasoning, tool:completed, step-finish, patch | [17]assistant: step-start, reasoning, tool:completed, tool:completed, step-finish, patch | [18]assistant: step-start, reasoning, tool:completed, tool:completed, step-finish, patch | [19]assistant: step-start, tool:completed, step-finish, patch | [20]assistant: step-start, tool:completed, tool:completed, step-finish, patch | [21]assistant: step-start, tool:completed, step-finish, patch | [22]assistant: step-start, reasoning, tool:completed, step-finish, patch | [23]assistant: step-start, reasoning, tool:completed, step-finish, patch | [24]assistant: step-start, reasoning, tool:completed, step-finish, patch | [25]assistant: step-start, reasoning, tool:completed, step-finish, patch | [26]assistant: step-start, reasoning, tool:completed, step-finish, patch | [27]assistant: step-start, reasoning, tool:completed, tool:completed, step-finish, patch | [28]assistant: step-start, reasoning, text:"Since Docker isn't available in this env...", tool:completed, step-finish, patch | [29]assistant: step-start, tool:completed, step-finish, patch | [30]assistant: step-start, reasoning, tool:completed, tool:completed, step-finish, patch | [31]assistant: step-start, tool:completed, step-finish, patch | [32]assistant: step-start, reasoning, tool:completed, step-finish, patch | [33]assistant: step-start, tool:completed, step-finish, patch | [34]assistant: step-start, reasoning, tool:completed, tool:completed, step-finish, patch | [35]assistant: step-start, tool:completed, step-finish, patch | [36]assistant: step-start, reasoning, tool:completed, tool:completed, step-finish, patch | [37]assistant: step-start, reasoning, tool:completed, tool:completed, step-finish, patch | [38]assistant: step-start, reasoning, tool:completed, step-finish, patch | [39]assistant: step-start, reasoning, tool:completed, tool:completed, step-finish, patch | [40]assistant: step-start, reasoning, tool:completed, step-finish, patch | [41]assistant: step-start, reasoning, tool:completed, step-finish, patch | [42]assistant: step-start, tool:completed, step-finish, patch | [43]assistant: step-start, tool:completed, tool:completed, step-finish, patch | [44]assistant: step-start, reasoning, text:"Now I'll use the finishing-a-development...", tool:completed, step-finish, patch | [45]assistant: step-start, reasoning, text:"I'm using the finishing-a-development-br...", tool:completed, tool:completed, step-finish, patch | [46]assistant: step-start, reasoning, text:"Tests all pass. Plan complete — 7 new co...", step-finish, patch | [47]user: text:"Acabei de fazer push dos commits para qu..." | [48]assistant: step-start, reasoning, tool:completed, tool:completed, step-finish, patch | [49]assistant: step-start, reasoning, tool:completed, step-finish, patch
[2026-06-02T02:13:35.633Z] message-hooks: post-filter, msgCount=50
[2026-06-02T02:13:35.633Z] message-hooks: about to search for OPENCODE_GENERIC
[2026-06-02T02:13:35.633Z] message-hooks: searching 50 messages for OPENCODE_GENERIC
[2026-06-02T02:13:35.633Z] message-hooks: found synthetic text at [0]: "Called the Read tool with the following input: {"f..." matches=false
[2026-06-02T02:13:35.633Z] message-hooks: found synthetic text at [0]: "<path>/home/rlevidev/Projetos/rinha-2026/docs/supe..." matches=false
[2026-06-02T02:13:35.633Z] message-hooks: generic search complete, found=false, index=-1
[2026-06-02T02:13:35.633Z] message-hooks: no generic part found, checking for pending prompt return
[2026-06-02T02:13:47.114Z] session.idle: sessionID=ses_179fa6dd5ffes60VLPY7DAUkWq
[2026-06-02T02:22:38.173Z] message-hooks: ENTRY msgCount=52, sessions=ses_179fa6dd5ffes60VLPY7DAUkWq
[2026-06-02T02:22:38.173Z] message-hooks: MESSAGES: [0]user: text:"Continue com a execução do plano @docs/s...", file, text:"Called the Read tool with the following ..."(syn), text:"<path>/home/rlevidev/Projetos/rinha-2026..."(syn) | [1]assistant: step-start, reasoning, tool:completed, step-finish, patch | [2]assistant: step-start, reasoning, text:"I'm using the executing-plans skill to i...", tool:completed, tool:completed, step-finish, patch | [3]assistant: step-start, reasoning, tool:completed, tool:completed, tool:completed, step-finish, patch | [4]assistant: step-start, reasoning, tool:completed, tool:completed, tool:completed, step-finish, patch | [5]assistant: step-start, reasoning, tool:completed, tool:completed, tool:completed, step-finish, patch | [6]assistant: step-start, reasoning, tool:completed, tool:completed, tool:completed, step-finish, patch | [7]assistant: step-start, reasoning, tool:completed, tool:completed, tool:completed, step-finish, patch | [8]assistant: step-start, reasoning, tool:completed, tool:completed, tool:completed, step-finish, patch | [9]assistant: step-start, reasoning, tool:completed, tool:completed, tool:completed, step-finish, patch | [10]assistant: step-start, reasoning, text:"Now I understand the state. Tasks 1-3 ar...", tool:completed, tool:completed, step-finish, patch | [11]assistant: step-start, reasoning, tool:completed, step-finish, patch | [12]assistant: step-start, tool:completed, step-finish, patch | [13]assistant: step-start, tool:completed, step-finish, patch | [14]assistant: step-start, reasoning, tool:completed, tool:completed, step-finish, patch | [15]assistant: step-start, reasoning, tool:completed, step-finish, patch | [16]assistant: step-start, reasoning, tool:completed, step-finish, patch | [17]assistant: step-start, reasoning, tool:completed, tool:completed, step-finish, patch | [18]assistant: step-start, reasoning, tool:completed, tool:completed, step-finish, patch | [19]assistant: step-start, tool:completed, step-finish, patch | [20]assistant: step-start, tool:completed, tool:completed, step-finish, patch | [21]assistant: step-start, tool:completed, step-finish, patch | [22]assistant: step-start, reasoning, tool:completed, step-finish, patch | [23]assistant: step-start, reasoning, tool:completed, step-finish, patch | [24]assistant: step-start, reasoning, tool:completed, step-finish, patch | [25]assistant: step-start, reasoning, tool:completed, step-finish, patch | [26]assistant: step-start, reasoning, tool:completed, step-finish, patch | [27]assistant: step-start, reasoning, tool:completed, tool:completed, step-finish, patch | [28]assistant: step-start, reasoning, text:"Since Docker isn't available in this env...", tool:completed, step-finish, patch | [29]assistant: step-start, tool:completed, step-finish, patch | [30]assistant: step-start, reasoning, tool:completed, tool:completed, step-finish, patch | [31]assistant: step-start, tool:completed, step-finish, patch | [32]assistant: step-start, reasoning, tool:completed, step-finish, patch | [33]assistant: step-start, tool:completed, step-finish, patch | [34]assistant: step-start, reasoning, tool:completed, tool:completed, step-finish, patch | [35]assistant: step-start, tool:completed, step-finish, patch | [36]assistant: step-start, reasoning, tool:completed, tool:completed, step-finish, patch | [37]assistant: step-start, reasoning, tool:completed, tool:completed, step-finish, patch | [38]assistant: step-start, reasoning, tool:completed, step-finish, patch | [39]assistant: step-start, reasoning, tool:completed, tool:completed, step-finish, patch | [40]assistant: step-start, reasoning, tool:completed, step-finish, patch | [41]assistant: step-start, reasoning, tool:completed, step-finish, patch | [42]assistant: step-start, tool:completed, step-finish, patch | [43]assistant: step-start, tool:completed, tool:completed, step-finish, patch | [44]assistant: step-start, reasoning, text:"Now I'll use the finishing-a-development...", tool:completed, step-finish, patch | [45]assistant: step-start, reasoning, text:"I'm using the finishing-a-development-br...", tool:completed, tool:completed, step-finish, patch | [46]assistant: step-start, reasoning, text:"Tests all pass. Plan complete — 7 new co...", step-finish, patch | [47]user: text:"Acabei de fazer push dos commits para qu..." | [48]assistant: step-start, reasoning, tool:completed, tool:completed, step-finish, patch | [49]assistant: step-start, reasoning, tool:completed, step-finish, patch | [50]assistant: step-start, reasoning, text:"Não, está pronto. O CI rodou em 36s e o ...", step-finish, patch | [51]user: text:"Após rodar os testes(https://github.com/...", file, file, file, file, text:"Called the Read tool with the following ..."(syn), text:"<path>/home/rlevidev/Projetos/rinha-2026..."(syn), text:"Called the Read tool with the following ..."(syn), text:"<path>/home/rlevidev/Projetos/rinha-2026..."(syn), text:"Called the Read tool with the following ..."(syn), text:"<path>/home/rlevidev/Projetos/rinha-2026..."(syn), text:"Called the Read tool with the following ..."(syn), text:"<path>/home/rlevidev/Projetos/rinha-2026..."(syn), text:"<system-reminder>
# Plan Mode - System R..."(syn)
[2026-06-02T02:22:38.174Z] message-hooks: post-filter, msgCount=52
[2026-06-02T02:22:38.174Z] message-hooks: about to search for OPENCODE_GENERIC
[2026-06-02T02:22:38.174Z] message-hooks: searching 52 messages for OPENCODE_GENERIC
[2026-06-02T02:22:38.174Z] message-hooks: found synthetic text at [0]: "Called the Read tool with the following input: {"f..." matches=false
[2026-06-02T02:22:38.174Z] message-hooks: found synthetic text at [0]: "<path>/home/rlevidev/Projetos/rinha-2026/docs/supe..." matches=false
[2026-06-02T02:22:38.174Z] message-hooks: found synthetic text at [51]: "Called the Read tool with the following input: {"f..." matches=false
[2026-06-02T02:22:38.174Z] message-hooks: found synthetic text at [51]: "<path>/home/rlevidev/Projetos/rinha-2026/results/r..." matches=false
[2026-06-02T02:22:38.174Z] message-hooks: found synthetic text at [51]: "Called the Read tool with the following input: {"f..." matches=false
[2026-06-02T02:22:38.174Z] message-hooks: found synthetic text at [51]: "<path>/home/rlevidev/Projetos/rinha-2026/oponents/..." matches=false
[2026-06-02T02:22:38.174Z] message-hooks: found synthetic text at [51]: "Called the Read tool with the following input: {"f..." matches=false
[2026-06-02T02:22:38.174Z] message-hooks: found synthetic text at [51]: "<path>/home/rlevidev/Projetos/rinha-2026/rinha-bac..." matches=false
[2026-06-02T02:22:38.174Z] message-hooks: found synthetic text at [51]: "Called the Read tool with the following input: {"f..." matches=false
[2026-06-02T02:22:38.174Z] message-hooks: found synthetic text at [51]: "<path>/home/rlevidev/Projetos/rinha-2026/docs/br/<..." matches=false
[2026-06-02T02:22:38.174Z] message-hooks: found synthetic text at [51]: "<system-reminder>
# Plan Mode - System Reminder

C..." matches=false
[2026-06-02T02:22:38.174Z] message-hooks: generic search complete, found=false, index=-1
[2026-06-02T02:22:38.174Z] message-hooks: no generic part found, checking for pending prompt return
[2026-06-02T02:23:04.039Z] message-hooks: ENTRY msgCount=53, sessions=ses_179fa6dd5ffes60VLPY7DAUkWq
[2026-06-02T02:23:04.039Z] message-hooks: MESSAGES: [0]user: text:"Continue com a execução do plano @docs/s...", file, text:"Called the Read tool with the following ..."(syn), text:"<path>/home/rlevidev/Projetos/rinha-2026..."(syn) | [1]assistant: step-start, reasoning, tool:completed, step-finish, patch | [2]assistant: step-start, reasoning, text:"I'm using the executing-plans skill to i...", tool:completed, tool:completed, step-finish, patch | [3]assistant: step-start, reasoning, tool:completed, tool:completed, tool:completed, step-finish, patch | [4]assistant: step-start, reasoning, tool:completed, tool:completed, tool:completed, step-finish, patch | [5]assistant: step-start, reasoning, tool:completed, tool:completed, tool:completed, step-finish, patch | [6]assistant: step-start, reasoning, tool:completed, tool:completed, tool:completed, step-finish, patch | [7]assistant: step-start, reasoning, tool:completed, tool:completed, tool:completed, step-finish, patch | [8]assistant: step-start, reasoning, tool:completed, tool:completed, tool:completed, step-finish, patch | [9]assistant: step-start, reasoning, tool:completed, tool:completed, tool:completed, step-finish, patch | [10]assistant: step-start, reasoning, text:"Now I understand the state. Tasks 1-3 ar...", tool:completed, tool:completed, step-finish, patch | [11]assistant: step-start, reasoning, tool:completed, step-finish, patch | [12]assistant: step-start, tool:completed, step-finish, patch | [13]assistant: step-start, tool:completed, step-finish, patch | [14]assistant: step-start, reasoning, tool:completed, tool:completed, step-finish, patch | [15]assistant: step-start, reasoning, tool:completed, step-finish, patch | [16]assistant: step-start, reasoning, tool:completed, step-finish, patch | [17]assistant: step-start, reasoning, tool:completed, tool:completed, step-finish, patch | [18]assistant: step-start, reasoning, tool:completed, tool:completed, step-finish, patch | [19]assistant: step-start, tool:completed, step-finish, patch | [20]assistant: step-start, tool:completed, tool:completed, step-finish, patch | [21]assistant: step-start, tool:completed, step-finish, patch | [22]assistant: step-start, reasoning, tool:completed, step-finish, patch | [23]assistant: step-start, reasoning, tool:completed, step-finish, patch | [24]assistant: step-start, reasoning, tool:completed, step-finish, patch | [25]assistant: step-start, reasoning, tool:completed, step-finish, patch | [26]assistant: step-start, reasoning, tool:completed, step-finish, patch | [27]assistant: step-start, reasoning, tool:completed, tool:completed, step-finish, patch | [28]assistant: step-start, reasoning, text:"Since Docker isn't available in this env...", tool:completed, step-finish, patch | [29]assistant: step-start, tool:completed, step-finish, patch | [30]assistant: step-start, reasoning, tool:completed, tool:completed, step-finish, patch | [31]assistant: step-start, tool:completed, step-finish, patch | [32]assistant: step-start, reasoning, tool:completed, step-finish, patch | [33]assistant: step-start, tool:completed, step-finish, patch | [34]assistant: step-start, reasoning, tool:completed, tool:completed, step-finish, patch | [35]assistant: step-start, tool:completed, step-finish, patch | [36]assistant: step-start, reasoning, tool:completed, tool:completed, step-finish, patch | [37]assistant: step-start, reasoning, tool:completed, tool:completed, step-finish, patch | [38]assistant: step-start, reasoning, tool:completed, step-finish, patch | [39]assistant: step-start, reasoning, tool:completed, tool:completed, step-finish, patch | [40]assistant: step-start, reasoning, tool:completed, step-finish, patch | [41]assistant: step-start, reasoning, tool:completed, step-finish, patch | [42]assistant: step-start, tool:completed, step-finish, patch | [43]assistant: step-start, tool:completed, tool:completed, step-finish, patch | [44]assistant: step-start, reasoning, text:"Now I'll use the finishing-a-development...", tool:completed, step-finish, patch | [45]assistant: step-start, reasoning, text:"I'm using the finishing-a-development-br...", tool:completed, tool:completed, step-finish, patch | [46]assistant: step-start, reasoning, text:"Tests all pass. Plan complete — 7 new co...", step-finish, patch | [47]user: text:"Acabei de fazer push dos commits para qu..." | [48]assistant: step-start, reasoning, tool:completed, tool:completed, step-finish, patch | [49]assistant: step-start, reasoning, tool:completed, step-finish, patch | [50]assistant: step-start, reasoning, text:"Não, está pronto. O CI rodou em 36s e o ...", step-finish, patch | [51]user: text:"Após rodar os testes(https://github.com/...", file, file, file, file, text:"Called the Read tool with the following ..."(syn), text:"<path>/home/rlevidev/Projetos/rinha-2026..."(syn), text:"Called the Read tool with the following ..."(syn), text:"<path>/home/rlevidev/Projetos/rinha-2026..."(syn), text:"Called the Read tool with the following ..."(syn), text:"<path>/home/rlevidev/Projetos/rinha-2026..."(syn), text:"Called the Read tool with the following ..."(syn), text:"<path>/home/rlevidev/Projetos/rinha-2026..."(syn), text:"<system-reminder>
# Plan Mode - System R..."(syn) | [52]assistant: step-start, reasoning, text:"Vou usar a skill de brainstorming para p...", tool:completed, step-finish, patch
[2026-06-02T02:23:04.039Z] message-hooks: post-filter, msgCount=53
[2026-06-02T02:23:04.039Z] message-hooks: about to search for OPENCODE_GENERIC
[2026-06-02T02:23:04.039Z] message-hooks: searching 53 messages for OPENCODE_GENERIC
[2026-06-02T02:23:04.039Z] message-hooks: found synthetic text at [0]: "Called the Read tool with the following input: {"f..." matches=false
[2026-06-02T02:23:04.039Z] message-hooks: found synthetic text at [0]: "<path>/home/rlevidev/Projetos/rinha-2026/docs/supe..." matches=false
[2026-06-02T02:23:04.039Z] message-hooks: found synthetic text at [51]: "Called the Read tool with the following input: {"f..." matches=false
[2026-06-02T02:23:04.039Z] message-hooks: found synthetic text at [51]: "<path>/home/rlevidev/Projetos/rinha-2026/results/r..." matches=false
[2026-06-02T02:23:04.039Z] message-hooks: found synthetic text at [51]: "Called the Read tool with the following input: {"f..." matches=false
[2026-06-02T02:23:04.039Z] message-hooks: found synthetic text at [51]: "<path>/home/rlevidev/Projetos/rinha-2026/oponents/..." matches=false
[2026-06-02T02:23:04.039Z] message-hooks: found synthetic text at [51]: "Called the Read tool with the following input: {"f..." matches=false
[2026-06-02T02:23:04.039Z] message-hooks: found synthetic text at [51]: "<path>/home/rlevidev/Projetos/rinha-2026/rinha-bac..." matches=false
[2026-06-02T02:23:04.039Z] message-hooks: found synthetic text at [51]: "Called the Read tool with the following input: {"f..." matches=false
[2026-06-02T02:23:04.039Z] message-hooks: found synthetic text at [51]: "<path>/home/rlevidev/Projetos/rinha-2026/docs/br/<..." matches=false
[2026-06-02T02:23:04.039Z] message-hooks: found synthetic text at [51]: "<system-reminder>
# Plan Mode - System Reminder

C..." matches=false
[2026-06-02T02:23:04.039Z] message-hooks: generic search complete, found=false, index=-1
[2026-06-02T02:23:04.039Z] message-hooks: no generic part found, checking for pending prompt return
[2026-06-02T02:23:30.246Z] message-hooks: ENTRY msgCount=54, sessions=ses_179fa6dd5ffes60VLPY7DAUkWq
[2026-06-02T02:23:30.246Z] message-hooks: MESSAGES: [0]user: text:"Continue com a execução do plano @docs/s...", file, text:"Called the Read tool with the following ..."(syn), text:"<path>/home/rlevidev/Projetos/rinha-2026..."(syn) | [1]assistant: step-start, reasoning, tool:completed, step-finish, patch | [2]assistant: step-start, reasoning, text:"I'm using the executing-plans skill to i...", tool:completed, tool:completed, step-finish, patch | [3]assistant: step-start, reasoning, tool:completed, tool:completed, tool:completed, step-finish, patch | [4]assistant: step-start, reasoning, tool:completed, tool:completed, tool:completed, step-finish, patch | [5]assistant: step-start, reasoning, tool:completed, tool:completed, tool:completed, step-finish, patch | [6]assistant: step-start, reasoning, tool:completed, tool:completed, tool:completed, step-finish, patch | [7]assistant: step-start, reasoning, tool:completed, tool:completed, tool:completed, step-finish, patch | [8]assistant: step-start, reasoning, tool:completed, tool:completed, tool:completed, step-finish, patch | [9]assistant: step-start, reasoning, tool:completed, tool:completed, tool:completed, step-finish, patch | [10]assistant: step-start, reasoning, text:"Now I understand the state. Tasks 1-3 ar...", tool:completed, tool:completed, step-finish, patch | [11]assistant: step-start, reasoning, tool:completed, step-finish, patch | [12]assistant: step-start, tool:completed, step-finish, patch | [13]assistant: step-start, tool:completed, step-finish, patch | [14]assistant: step-start, reasoning, tool:completed, tool:completed, step-finish, patch | [15]assistant: step-start, reasoning, tool:completed, step-finish, patch | [16]assistant: step-start, reasoning, tool:completed, step-finish, patch | [17]assistant: step-start, reasoning, tool:completed, tool:completed, step-finish, patch | [18]assistant: step-start, reasoning, tool:completed, tool:completed, step-finish, patch | [19]assistant: step-start, tool:completed, step-finish, patch | [20]assistant: step-start, tool:completed, tool:completed, step-finish, patch | [21]assistant: step-start, tool:completed, step-finish, patch | [22]assistant: step-start, reasoning, tool:completed, step-finish, patch | [23]assistant: step-start, reasoning, tool:completed, step-finish, patch | [24]assistant: step-start, reasoning, tool:completed, step-finish, patch | [25]assistant: step-start, reasoning, tool:completed, step-finish, patch | [26]assistant: step-start, reasoning, tool:completed, step-finish, patch | [27]assistant: step-start, reasoning, tool:completed, tool:completed, step-finish, patch | [28]assistant: step-start, reasoning, text:"Since Docker isn't available in this env...", tool:completed, step-finish, patch | [29]assistant: step-start, tool:completed, step-finish, patch | [30]assistant: step-start, reasoning, tool:completed, tool:completed, step-finish, patch | [31]assistant: step-start, tool:completed, step-finish, patch | [32]assistant: step-start, reasoning, tool:completed, step-finish, patch | [33]assistant: step-start, tool:completed, step-finish, patch | [34]assistant: step-start, reasoning, tool:completed, tool:completed, step-finish, patch | [35]assistant: step-start, tool:completed, step-finish, patch | [36]assistant: step-start, reasoning, tool:completed, tool:completed, step-finish, patch | [37]assistant: step-start, reasoning, tool:completed, tool:completed, step-finish, patch | [38]assistant: step-start, reasoning, tool:completed, step-finish, patch | [39]assistant: step-start, reasoning, tool:completed, tool:completed, step-finish, patch | [40]assistant: step-start, reasoning, tool:completed, step-finish, patch | [41]assistant: step-start, reasoning, tool:completed, step-finish, patch | [42]assistant: step-start, tool:completed, step-finish, patch | [43]assistant: step-start, tool:completed, tool:completed, step-finish, patch | [44]assistant: step-start, reasoning, text:"Now I'll use the finishing-a-development...", tool:completed, step-finish, patch | [45]assistant: step-start, reasoning, text:"I'm using the finishing-a-development-br...", tool:completed, tool:completed, step-finish, patch | [46]assistant: step-start, reasoning, text:"Tests all pass. Plan complete — 7 new co...", step-finish, patch | [47]user: text:"Acabei de fazer push dos commits para qu..." | [48]assistant: step-start, reasoning, tool:completed, tool:completed, step-finish, patch | [49]assistant: step-start, reasoning, tool:completed, step-finish, patch | [50]assistant: step-start, reasoning, text:"Não, está pronto. O CI rodou em 36s e o ...", step-finish, patch | [51]user: text:"Após rodar os testes(https://github.com/...", file, file, file, file, text:"Called the Read tool with the following ..."(syn), text:"<path>/home/rlevidev/Projetos/rinha-2026..."(syn), text:"Called the Read tool with the following ..."(syn), text:"<path>/home/rlevidev/Projetos/rinha-2026..."(syn), text:"Called the Read tool with the following ..."(syn), text:"<path>/home/rlevidev/Projetos/rinha-2026..."(syn), text:"Called the Read tool with the following ..."(syn), text:"<path>/home/rlevidev/Projetos/rinha-2026..."(syn), text:"<system-reminder>
# Plan Mode - System R..."(syn) | [52]assistant: step-start, reasoning, text:"Vou usar a skill de brainstorming para p...", tool:completed, step-finish, patch | [53]assistant: step-start, reasoning, tool:completed, tool:completed, tool:completed, tool:completed, step-finish, patch
[2026-06-02T02:23:30.246Z] message-hooks: post-filter, msgCount=54
[2026-06-02T02:23:30.246Z] message-hooks: about to search for OPENCODE_GENERIC
[2026-06-02T02:23:30.246Z] message-hooks: searching 54 messages for OPENCODE_GENERIC
[2026-06-02T02:23:30.246Z] message-hooks: found synthetic text at [0]: "Called the Read tool with the following input: {"f..." matches=false
[2026-06-02T02:23:30.246Z] message-hooks: found synthetic text at [0]: "<path>/home/rlevidev/Projetos/rinha-2026/docs/supe..." matches=false
[2026-06-02T02:23:30.246Z] message-hooks: found synthetic text at [51]: "Called the Read tool with the following input: {"f..." matches=false
[2026-06-02T02:23:30.246Z] message-hooks: found synthetic text at [51]: "<path>/home/rlevidev/Projetos/rinha-2026/results/r..." matches=false
[2026-06-02T02:23:30.246Z] message-hooks: found synthetic text at [51]: "Called the Read tool with the following input: {"f..." matches=false
[2026-06-02T02:23:30.246Z] message-hooks: found synthetic text at [51]: "<path>/home/rlevidev/Projetos/rinha-2026/oponents/..." matches=false
[2026-06-02T02:23:30.246Z] message-hooks: found synthetic text at [51]: "Called the Read tool with the following input: {"f..." matches=false
[2026-06-02T02:23:30.246Z] message-hooks: found synthetic text at [51]: "<path>/home/rlevidev/Projetos/rinha-2026/rinha-bac..." matches=false
[2026-06-02T02:23:30.246Z] message-hooks: found synthetic text at [51]: "Called the Read tool with the following input: {"f..." matches=false
[2026-06-02T02:23:30.246Z] message-hooks: found synthetic text at [51]: "<path>/home/rlevidev/Projetos/rinha-2026/docs/br/<..." matches=false
[2026-06-02T02:23:30.246Z] message-hooks: found synthetic text at [51]: "<system-reminder>
# Plan Mode - System Reminder

C..." matches=false
[2026-06-02T02:23:30.246Z] message-hooks: generic search complete, found=false, index=-1
[2026-06-02T02:23:30.246Z] message-hooks: no generic part found, checking for pending prompt return
[2026-06-02T02:23:42.050Z] message-hooks: ENTRY msgCount=55, sessions=ses_179fa6dd5ffes60VLPY7DAUkWq
[2026-06-02T02:23:42.050Z] message-hooks: MESSAGES: [0]user: text:"Continue com a execução do plano @docs/s...", file, text:"Called the Read tool with the following ..."(syn), text:"<path>/home/rlevidev/Projetos/rinha-2026..."(syn) | [1]assistant: step-start, reasoning, tool:completed, step-finish, patch | [2]assistant: step-start, reasoning, text:"I'm using the executing-plans skill to i...", tool:completed, tool:completed, step-finish, patch | [3]assistant: step-start, reasoning, tool:completed, tool:completed, tool:completed, step-finish, patch | [4]assistant: step-start, reasoning, tool:completed, tool:completed, tool:completed, step-finish, patch | [5]assistant: step-start, reasoning, tool:completed, tool:completed, tool:completed, step-finish, patch | [6]assistant: step-start, reasoning, tool:completed, tool:completed, tool:completed, step-finish, patch | [7]assistant: step-start, reasoning, tool:completed, tool:completed, tool:completed, step-finish, patch | [8]assistant: step-start, reasoning, tool:completed, tool:completed, tool:completed, step-finish, patch | [9]assistant: step-start, reasoning, tool:completed, tool:completed, tool:completed, step-finish, patch | [10]assistant: step-start, reasoning, text:"Now I understand the state. Tasks 1-3 ar...", tool:completed, tool:completed, step-finish, patch | [11]assistant: step-start, reasoning, tool:completed, step-finish, patch | [12]assistant: step-start, tool:completed, step-finish, patch | [13]assistant: step-start, tool:completed, step-finish, patch | [14]assistant: step-start, reasoning, tool:completed, tool:completed, step-finish, patch | [15]assistant: step-start, reasoning, tool:completed, step-finish, patch | [16]assistant: step-start, reasoning, tool:completed, step-finish, patch | [17]assistant: step-start, reasoning, tool:completed, tool:completed, step-finish, patch | [18]assistant: step-start, reasoning, tool:completed, tool:completed, step-finish, patch | [19]assistant: step-start, tool:completed, step-finish, patch | [20]assistant: step-start, tool:completed, tool:completed, step-finish, patch | [21]assistant: step-start, tool:completed, step-finish, patch | [22]assistant: step-start, reasoning, tool:completed, step-finish, patch | [23]assistant: step-start, reasoning, tool:completed, step-finish, patch | [24]assistant: step-start, reasoning, tool:completed, step-finish, patch | [25]assistant: step-start, reasoning, tool:completed, step-finish, patch | [26]assistant: step-start, reasoning, tool:completed, step-finish, patch | [27]assistant: step-start, reasoning, tool:completed, tool:completed, step-finish, patch | [28]assistant: step-start, reasoning, text:"Since Docker isn't available in this env...", tool:completed, step-finish, patch | [29]assistant: step-start, tool:completed, step-finish, patch | [30]assistant: step-start, reasoning, tool:completed, tool:completed, step-finish, patch | [31]assistant: step-start, tool:completed, step-finish, patch | [32]assistant: step-start, reasoning, tool:completed, step-finish, patch | [33]assistant: step-start, tool:completed, step-finish, patch | [34]assistant: step-start, reasoning, tool:completed, tool:completed, step-finish, patch | [35]assistant: step-start, tool:completed, step-finish, patch | [36]assistant: step-start, reasoning, tool:completed, tool:completed, step-finish, patch | [37]assistant: step-start, reasoning, tool:completed, tool:completed, step-finish, patch | [38]assistant: step-start, reasoning, tool:completed, step-finish, patch | [39]assistant: step-start, reasoning, tool:completed, tool:completed, step-finish, patch | [40]assistant: step-start, reasoning, tool:completed, step-finish, patch | [41]assistant: step-start, reasoning, tool:completed, step-finish, patch | [42]assistant: step-start, tool:completed, step-finish, patch | [43]assistant: step-start, tool:completed, tool:completed, step-finish, patch | [44]assistant: step-start, reasoning, text:"Now I'll use the finishing-a-development...", tool:completed, step-finish, patch | [45]assistant: step-start, reasoning, text:"I'm using the finishing-a-development-br...", tool:completed, tool:completed, step-finish, patch | [46]assistant: step-start, reasoning, text:"Tests all pass. Plan complete — 7 new co...", step-finish, patch | [47]user: text:"Acabei de fazer push dos commits para qu..." | [48]assistant: step-start, reasoning, tool:completed, tool:completed, step-finish, patch | [49]assistant: step-start, reasoning, tool:completed, step-finish, patch | [50]assistant: step-start, reasoning, text:"Não, está pronto. O CI rodou em 36s e o ...", step-finish, patch | [51]user: text:"Após rodar os testes(https://github.com/...", file, file, file, file, text:"Called the Read tool with the following ..."(syn), text:"<path>/home/rlevidev/Projetos/rinha-2026..."(syn), text:"Called the Read tool with the following ..."(syn), text:"<path>/home/rlevidev/Projetos/rinha-2026..."(syn), text:"Called the Read tool with the following ..."(syn), text:"<path>/home/rlevidev/Projetos/rinha-2026..."(syn), text:"Called the Read tool with the following ..."(syn), text:"<path>/home/rlevidev/Projetos/rinha-2026..."(syn), text:"<system-reminder>
# Plan Mode - System R..."(syn) | [52]assistant: step-start, reasoning, text:"Vou usar a skill de brainstorming para p...", tool:completed, step-finish, patch | [53]assistant: step-start, reasoning, tool:completed, tool:completed, tool:completed, tool:completed, step-finish, patch | [54]assistant: step-start, reasoning, tool:completed, tool:completed, tool:completed, step-finish, patch
[2026-06-02T02:23:42.050Z] message-hooks: post-filter, msgCount=55
[2026-06-02T02:23:42.050Z] message-hooks: about to search for OPENCODE_GENERIC
[2026-06-02T02:23:42.050Z] message-hooks: searching 55 messages for OPENCODE_GENERIC
[2026-06-02T02:23:42.050Z] message-hooks: found synthetic text at [0]: "Called the Read tool with the following input: {"f..." matches=false
[2026-06-02T02:23:42.050Z] message-hooks: found synthetic text at [0]: "<path>/home/rlevidev/Projetos/rinha-2026/docs/supe..." matches=false
[2026-06-02T02:23:42.050Z] message-hooks: found synthetic text at [51]: "Called the Read tool with the following input: {"f..." matches=false
[2026-06-02T02:23:42.050Z] message-hooks: found synthetic text at [51]: "<path>/home/rlevidev/Projetos/rinha-2026/results/r..." matches=false
[2026-06-02T02:23:42.050Z] message-hooks: found synthetic text at [51]: "Called the Read tool with the following input: {"f..." matches=false
[2026-06-02T02:23:42.050Z] message-hooks: found synthetic text at [51]: "<path>/home/rlevidev/Projetos/rinha-2026/oponents/..." matches=false
[2026-06-02T02:23:42.050Z] message-hooks: found synthetic text at [51]: "Called the Read tool with the following input: {"f..." matches=false
[2026-06-02T02:23:42.050Z] message-hooks: found synthetic text at [51]: "<path>/home/rlevidev/Projetos/rinha-2026/rinha-bac..." matches=false
[2026-06-02T02:23:42.050Z] message-hooks: found synthetic text at [51]: "Called the Read tool with the following input: {"f..." matches=false
[2026-06-02T02:23:42.050Z] message-hooks: found synthetic text at [51]: "<path>/home/rlevidev/Projetos/rinha-2026/docs/br/<..." matches=false
[2026-06-02T02:23:42.050Z] message-hooks: found synthetic text at [51]: "<system-reminder>
# Plan Mode - System Reminder

C..." matches=false
[2026-06-02T02:23:42.050Z] message-hooks: generic search complete, found=false, index=-1
[2026-06-02T02:23:42.050Z] message-hooks: no generic part found, checking for pending prompt return
[2026-06-02T02:23:55.917Z] message-hooks: ENTRY msgCount=56, sessions=ses_179fa6dd5ffes60VLPY7DAUkWq
[2026-06-02T02:23:55.917Z] message-hooks: MESSAGES: [0]user: text:"Continue com a execução do plano @docs/s...", file, text:"Called the Read tool with the following ..."(syn), text:"<path>/home/rlevidev/Projetos/rinha-2026..."(syn) | [1]assistant: step-start, reasoning, tool:completed, step-finish, patch | [2]assistant: step-start, reasoning, text:"I'm using the executing-plans skill to i...", tool:completed, tool:completed, step-finish, patch | [3]assistant: step-start, reasoning, tool:completed, tool:completed, tool:completed, step-finish, patch | [4]assistant: step-start, reasoning, tool:completed, tool:completed, tool:completed, step-finish, patch | [5]assistant: step-start, reasoning, tool:completed, tool:completed, tool:completed, step-finish, patch | [6]assistant: step-start, reasoning, tool:completed, tool:completed, tool:completed, step-finish, patch | [7]assistant: step-start, reasoning, tool:completed, tool:completed, tool:completed, step-finish, patch | [8]assistant: step-start, reasoning, tool:completed, tool:completed, tool:completed, step-finish, patch | [9]assistant: step-start, reasoning, tool:completed, tool:completed, tool:completed, step-finish, patch | [10]assistant: step-start, reasoning, text:"Now I understand the state. Tasks 1-3 ar...", tool:completed, tool:completed, step-finish, patch | [11]assistant: step-start, reasoning, tool:completed, step-finish, patch | [12]assistant: step-start, tool:completed, step-finish, patch | [13]assistant: step-start, tool:completed, step-finish, patch | [14]assistant: step-start, reasoning, tool:completed, tool:completed, step-finish, patch | [15]assistant: step-start, reasoning, tool:completed, step-finish, patch | [16]assistant: step-start, reasoning, tool:completed, step-finish, patch | [17]assistant: step-start, reasoning, tool:completed, tool:completed, step-finish, patch | [18]assistant: step-start, reasoning, tool:completed, tool:completed, step-finish, patch | [19]assistant: step-start, tool:completed, step-finish, patch | [20]assistant: step-start, tool:completed, tool:completed, step-finish, patch | [21]assistant: step-start, tool:completed, step-finish, patch | [22]assistant: step-start, reasoning, tool:completed, step-finish, patch | [23]assistant: step-start, reasoning, tool:completed, step-finish, patch | [24]assistant: step-start, reasoning, tool:completed, step-finish, patch | [25]assistant: step-start, reasoning, tool:completed, step-finish, patch | [26]assistant: step-start, reasoning, tool:completed, step-finish, patch | [27]assistant: step-start, reasoning, tool:completed, tool:completed, step-finish, patch | [28]assistant: step-start, reasoning, text:"Since Docker isn't available in this env...", tool:completed, step-finish, patch | [29]assistant: step-start, tool:completed, step-finish, patch | [30]assistant: step-start, reasoning, tool:completed, tool:completed, step-finish, patch | [31]assistant: step-start, tool:completed, step-finish, patch | [32]assistant: step-start, reasoning, tool:completed, step-finish, patch | [33]assistant: step-start, tool:completed, step-finish, patch | [34]assistant: step-start, reasoning, tool:completed, tool:completed, step-finish, patch | [35]assistant: step-start, tool:completed, step-finish, patch | [36]assistant: step-start, reasoning, tool:completed, tool:completed, step-finish, patch | [37]assistant: step-start, reasoning, tool:completed, tool:completed, step-finish, patch | [38]assistant: step-start, reasoning, tool:completed, step-finish, patch | [39]assistant: step-start, reasoning, tool:completed, tool:completed, step-finish, patch | [40]assistant: step-start, reasoning, tool:completed, step-finish, patch | [41]assistant: step-start, reasoning, tool:completed, step-finish, patch | [42]assistant: step-start, tool:completed, step-finish, patch | [43]assistant: step-start, tool:completed, tool:completed, step-finish, patch | [44]assistant: step-start, reasoning, text:"Now I'll use the finishing-a-development...", tool:completed, step-finish, patch | [45]assistant: step-start, reasoning, text:"I'm using the finishing-a-development-br...", tool:completed, tool:completed, step-finish, patch | [46]assistant: step-start, reasoning, text:"Tests all pass. Plan complete — 7 new co...", step-finish, patch | [47]user: text:"Acabei de fazer push dos commits para qu..." | [48]assistant: step-start, reasoning, tool:completed, tool:completed, step-finish, patch | [49]assistant: step-start, reasoning, tool:completed, step-finish, patch | [50]assistant: step-start, reasoning, text:"Não, está pronto. O CI rodou em 36s e o ...", step-finish, patch | [51]user: text:"Após rodar os testes(https://github.com/...", file, file, file, file, text:"Called the Read tool with the following ..."(syn), text:"<path>/home/rlevidev/Projetos/rinha-2026..."(syn), text:"Called the Read tool with the following ..."(syn), text:"<path>/home/rlevidev/Projetos/rinha-2026..."(syn), text:"Called the Read tool with the following ..."(syn), text:"<path>/home/rlevidev/Projetos/rinha-2026..."(syn), text:"Called the Read tool with the following ..."(syn), text:"<path>/home/rlevidev/Projetos/rinha-2026..."(syn), text:"<system-reminder>
# Plan Mode - System R..."(syn) | [52]assistant: step-start, reasoning, text:"Vou usar a skill de brainstorming para p...", tool:completed, step-finish, patch | [53]assistant: step-start, reasoning, tool:completed, tool:completed, tool:completed, tool:completed, step-finish, patch | [54]assistant: step-start, reasoning, tool:completed, tool:completed, tool:completed, step-finish, patch | [55]assistant: step-start, reasoning, tool:completed, tool:completed, tool:completed, step-finish, patch
[2026-06-02T02:23:55.917Z] message-hooks: post-filter, msgCount=56
[2026-06-02T02:23:55.917Z] message-hooks: about to search for OPENCODE_GENERIC
[2026-06-02T02:23:55.917Z] message-hooks: searching 56 messages for OPENCODE_GENERIC
[2026-06-02T02:23:55.917Z] message-hooks: found synthetic text at [0]: "Called the Read tool with the following input: {"f..." matches=false
[2026-06-02T02:23:55.917Z] message-hooks: found synthetic text at [0]: "<path>/home/rlevidev/Projetos/rinha-2026/docs/supe..." matches=false
[2026-06-02T02:23:55.917Z] message-hooks: found synthetic text at [51]: "Called the Read tool with the following input: {"f..." matches=false
[2026-06-02T02:23:55.917Z] message-hooks: found synthetic text at [51]: "<path>/home/rlevidev/Projetos/rinha-2026/results/r..." matches=false
[2026-06-02T02:23:55.917Z] message-hooks: found synthetic text at [51]: "Called the Read tool with the following input: {"f..." matches=false
[2026-06-02T02:23:55.917Z] message-hooks: found synthetic text at [51]: "<path>/home/rlevidev/Projetos/rinha-2026/oponents/..." matches=false
[2026-06-02T02:23:55.917Z] message-hooks: found synthetic text at [51]: "Called the Read tool with the following input: {"f..." matches=false
[2026-06-02T02:23:55.917Z] message-hooks: found synthetic text at [51]: "<path>/home/rlevidev/Projetos/rinha-2026/rinha-bac..." matches=false
[2026-06-02T02:23:55.917Z] message-hooks: found synthetic text at [51]: "Called the Read tool with the following input: {"f..." matches=false
[2026-06-02T02:23:55.917Z] message-hooks: found synthetic text at [51]: "<path>/home/rlevidev/Projetos/rinha-2026/docs/br/<..." matches=false
[2026-06-02T02:23:55.917Z] message-hooks: found synthetic text at [51]: "<system-reminder>
# Plan Mode - System Reminder

C..." matches=false
[2026-06-02T02:23:55.917Z] message-hooks: generic search complete, found=false, index=-1
[2026-06-02T02:23:55.917Z] message-hooks: no generic part found, checking for pending prompt return
[2026-06-02T02:24:15.286Z] message-hooks: ENTRY msgCount=57, sessions=ses_179fa6dd5ffes60VLPY7DAUkWq
[2026-06-02T02:24:15.286Z] message-hooks: MESSAGES: [0]user: text:"Continue com a execução do plano @docs/s...", file, text:"Called the Read tool with the following ..."(syn), text:"<path>/home/rlevidev/Projetos/rinha-2026..."(syn) | [1]assistant: step-start, reasoning, tool:completed, step-finish, patch | [2]assistant: step-start, reasoning, text:"I'm using the executing-plans skill to i...", tool:completed, tool:completed, step-finish, patch | [3]assistant: step-start, reasoning, tool:completed, tool:completed, tool:completed, step-finish, patch | [4]assistant: step-start, reasoning, tool:completed, tool:completed, tool:completed, step-finish, patch | [5]assistant: step-start, reasoning, tool:completed, tool:completed, tool:completed, step-finish, patch | [6]assistant: step-start, reasoning, tool:completed, tool:completed, tool:completed, step-finish, patch | [7]assistant: step-start, reasoning, tool:completed, tool:completed, tool:completed, step-finish, patch | [8]assistant: step-start, reasoning, tool:completed, tool:completed, tool:completed, step-finish, patch | [9]assistant: step-start, reasoning, tool:completed, tool:completed, tool:completed, step-finish, patch | [10]assistant: step-start, reasoning, text:"Now I understand the state. Tasks 1-3 ar...", tool:completed, tool:completed, step-finish, patch | [11]assistant: step-start, reasoning, tool:completed, step-finish, patch | [12]assistant: step-start, tool:completed, step-finish, patch | [13]assistant: step-start, tool:completed, step-finish, patch | [14]assistant: step-start, reasoning, tool:completed, tool:completed, step-finish, patch | [15]assistant: step-start, reasoning, tool:completed, step-finish, patch | [16]assistant: step-start, reasoning, tool:completed, step-finish, patch | [17]assistant: step-start, reasoning, tool:completed, tool:completed, step-finish, patch | [18]assistant: step-start, reasoning, tool:completed, tool:completed, step-finish, patch | [19]assistant: step-start, tool:completed, step-finish, patch | [20]assistant: step-start, tool:completed, tool:completed, step-finish, patch | [21]assistant: step-start, tool:completed, step-finish, patch | [22]assistant: step-start, reasoning, tool:completed, step-finish, patch | [23]assistant: step-start, reasoning, tool:completed, step-finish, patch | [24]assistant: step-start, reasoning, tool:completed, step-finish, patch | [25]assistant: step-start, reasoning, tool:completed, step-finish, patch | [26]assistant: step-start, reasoning, tool:completed, step-finish, patch | [27]assistant: step-start, reasoning, tool:completed, tool:completed, step-finish, patch | [28]assistant: step-start, reasoning, text:"Since Docker isn't available in this env...", tool:completed, step-finish, patch | [29]assistant: step-start, tool:completed, step-finish, patch | [30]assistant: step-start, reasoning, tool:completed, tool:completed, step-finish, patch | [31]assistant: step-start, tool:completed, step-finish, patch | [32]assistant: step-start, reasoning, tool:completed, step-finish, patch | [33]assistant: step-start, tool:completed, step-finish, patch | [34]assistant: step-start, reasoning, tool:completed, tool:completed, step-finish, patch | [35]assistant: step-start, tool:completed, step-finish, patch | [36]assistant: step-start, reasoning, tool:completed, tool:completed, step-finish, patch | [37]assistant: step-start, reasoning, tool:completed, tool:completed, step-finish, patch | [38]assistant: step-start, reasoning, tool:completed, step-finish, patch | [39]assistant: step-start, reasoning, tool:completed, tool:completed, step-finish, patch | [40]assistant: step-start, reasoning, tool:completed, step-finish, patch | [41]assistant: step-start, reasoning, tool:completed, step-finish, patch | [42]assistant: step-start, tool:completed, step-finish, patch | [43]assistant: step-start, tool:completed, tool:completed, step-finish, patch | [44]assistant: step-start, reasoning, text:"Now I'll use the finishing-a-development...", tool:completed, step-finish, patch | [45]assistant: step-start, reasoning, text:"I'm using the finishing-a-development-br...", tool:completed, tool:completed, step-finish, patch | [46]assistant: step-start, reasoning, text:"Tests all pass. Plan complete — 7 new co...", step-finish, patch | [47]user: text:"Acabei de fazer push dos commits para qu..." | [48]assistant: step-start, reasoning, tool:completed, tool:completed, step-finish, patch | [49]assistant: step-start, reasoning, tool:completed, step-finish, patch | [50]assistant: step-start, reasoning, text:"Não, está pronto. O CI rodou em 36s e o ...", step-finish, patch | [51]user: text:"Após rodar os testes(https://github.com/...", file, file, file, file, text:"Called the Read tool with the following ..."(syn), text:"<path>/home/rlevidev/Projetos/rinha-2026..."(syn), text:"Called the Read tool with the following ..."(syn), text:"<path>/home/rlevidev/Projetos/rinha-2026..."(syn), text:"Called the Read tool with the following ..."(syn), text:"<path>/home/rlevidev/Projetos/rinha-2026..."(syn), text:"Called the Read tool with the following ..."(syn), text:"<path>/home/rlevidev/Projetos/rinha-2026..."(syn), text:"<system-reminder>
# Plan Mode - System R..."(syn) | [52]assistant: step-start, reasoning, text:"Vou usar a skill de brainstorming para p...", tool:completed, step-finish, patch | [53]assistant: step-start, reasoning, tool:completed, tool:completed, tool:completed, tool:completed, step-finish, patch | [54]assistant: step-start, reasoning, tool:completed, tool:completed, tool:completed, step-finish, patch | [55]assistant: step-start, reasoning, tool:completed, tool:completed, tool:completed, step-finish, patch | [56]assistant: step-start, reasoning, tool:completed, tool:completed, tool:completed, tool:completed, tool:completed, step-finish, patch
[2026-06-02T02:24:15.286Z] message-hooks: post-filter, msgCount=57
[2026-06-02T02:24:15.286Z] message-hooks: about to search for OPENCODE_GENERIC
[2026-06-02T02:24:15.286Z] message-hooks: searching 57 messages for OPENCODE_GENERIC
[2026-06-02T02:24:15.286Z] message-hooks: found synthetic text at [0]: "Called the Read tool with the following input: {"f..." matches=false
[2026-06-02T02:24:15.286Z] message-hooks: found synthetic text at [0]: "<path>/home/rlevidev/Projetos/rinha-2026/docs/supe..." matches=false
[2026-06-02T02:24:15.286Z] message-hooks: found synthetic text at [51]: "Called the Read tool with the following input: {"f..." matches=false
[2026-06-02T02:24:15.286Z] message-hooks: found synthetic text at [51]: "<path>/home/rlevidev/Projetos/rinha-2026/results/r..." matches=false
[2026-06-02T02:24:15.286Z] message-hooks: found synthetic text at [51]: "Called the Read tool with the following input: {"f..." matches=false
[2026-06-02T02:24:15.286Z] message-hooks: found synthetic text at [51]: "<path>/home/rlevidev/Projetos/rinha-2026/oponents/..." matches=false
[2026-06-02T02:24:15.286Z] message-hooks: found synthetic text at [51]: "Called the Read tool with the following input: {"f..." matches=false
[2026-06-02T02:24:15.286Z] message-hooks: found synthetic text at [51]: "<path>/home/rlevidev/Projetos/rinha-2026/rinha-bac..." matches=false
[2026-06-02T02:24:15.286Z] message-hooks: found synthetic text at [51]: "Called the Read tool with the following input: {"f..." matches=false
[2026-06-02T02:24:15.286Z] message-hooks: found synthetic text at [51]: "<path>/home/rlevidev/Projetos/rinha-2026/docs/br/<..." matches=false
[2026-06-02T02:24:15.286Z] message-hooks: found synthetic text at [51]: "<system-reminder>
# Plan Mode - System Reminder

C..." matches=false
[2026-06-02T02:24:15.286Z] message-hooks: generic search complete, found=false, index=-1
[2026-06-02T02:24:15.286Z] message-hooks: no generic part found, checking for pending prompt return
[2026-06-02T02:24:25.277Z] message-hooks: ENTRY msgCount=58, sessions=ses_179fa6dd5ffes60VLPY7DAUkWq
[2026-06-02T02:24:25.277Z] message-hooks: MESSAGES: [0]user: text:"Continue com a execução do plano @docs/s...", file, text:"Called the Read tool with the following ..."(syn), text:"<path>/home/rlevidev/Projetos/rinha-2026..."(syn) | [1]assistant: step-start, reasoning, tool:completed, step-finish, patch | [2]assistant: step-start, reasoning, text:"I'm using the executing-plans skill to i...", tool:completed, tool:completed, step-finish, patch | [3]assistant: step-start, reasoning, tool:completed, tool:completed, tool:completed, step-finish, patch | [4]assistant: step-start, reasoning, tool:completed, tool:completed, tool:completed, step-finish, patch | [5]assistant: step-start, reasoning, tool:completed, tool:completed, tool:completed, step-finish, patch | [6]assistant: step-start, reasoning, tool:completed, tool:completed, tool:completed, step-finish, patch | [7]assistant: step-start, reasoning, tool:completed, tool:completed, tool:completed, step-finish, patch | [8]assistant: step-start, reasoning, tool:completed, tool:completed, tool:completed, step-finish, patch | [9]assistant: step-start, reasoning, tool:completed, tool:completed, tool:completed, step-finish, patch | [10]assistant: step-start, reasoning, text:"Now I understand the state. Tasks 1-3 ar...", tool:completed, tool:completed, step-finish, patch | [11]assistant: step-start, reasoning, tool:completed, step-finish, patch | [12]assistant: step-start, tool:completed, step-finish, patch | [13]assistant: step-start, tool:completed, step-finish, patch | [14]assistant: step-start, reasoning, tool:completed, tool:completed, step-finish, patch | [15]assistant: step-start, reasoning, tool:completed, step-finish, patch | [16]assistant: step-start, reasoning, tool:completed, step-finish, patch | [17]assistant: step-start, reasoning, tool:completed, tool:completed, step-finish, patch | [18]assistant: step-start, reasoning, tool:completed, tool:completed, step-finish, patch | [19]assistant: step-start, tool:completed, step-finish, patch | [20]assistant: step-start, tool:completed, tool:completed, step-finish, patch | [21]assistant: step-start, tool:completed, step-finish, patch | [22]assistant: step-start, reasoning, tool:completed, step-finish, patch | [23]assistant: step-start, reasoning, tool:completed, step-finish, patch | [24]assistant: step-start, reasoning, tool:completed, step-finish, patch | [25]assistant: step-start, reasoning, tool:completed, step-finish, patch | [26]assistant: step-start, reasoning, tool:completed, step-finish, patch | [27]assistant: step-start, reasoning, tool:completed, tool:completed, step-finish, patch | [28]assistant: step-start, reasoning, text:"Since Docker isn't available in this env...", tool:completed, step-finish, patch | [29]assistant: step-start, tool:completed, step-finish, patch | [30]assistant: step-start, reasoning, tool:completed, tool:completed, step-finish, patch | [31]assistant: step-start, tool:completed, step-finish, patch | [32]assistant: step-start, reasoning, tool:completed, step-finish, patch | [33]assistant: step-start, tool:completed, step-finish, patch | [34]assistant: step-start, reasoning, tool:completed, tool:completed, step-finish, patch | [35]assistant: step-start, tool:completed, step-finish, patch | [36]assistant: step-start, reasoning, tool:completed, tool:completed, step-finish, patch | [37]assistant: step-start, reasoning, tool:completed, tool:completed, step-finish, patch | [38]assistant: step-start, reasoning, tool:completed, step-finish, patch | [39]assistant: step-start, reasoning, tool:completed, tool:completed, step-finish, patch | [40]assistant: step-start, reasoning, tool:completed, step-finish, patch | [41]assistant: step-start, reasoning, tool:completed, step-finish, patch | [42]assistant: step-start, tool:completed, step-finish, patch | [43]assistant: step-start, tool:completed, tool:completed, step-finish, patch | [44]assistant: step-start, reasoning, text:"Now I'll use the finishing-a-development...", tool:completed, step-finish, patch | [45]assistant: step-start, reasoning, text:"I'm using the finishing-a-development-br...", tool:completed, tool:completed, step-finish, patch | [46]assistant: step-start, reasoning, text:"Tests all pass. Plan complete — 7 new co...", step-finish, patch | [47]user: text:"Acabei de fazer push dos commits para qu..." | [48]assistant: step-start, reasoning, tool:completed, tool:completed, step-finish, patch | [49]assistant: step-start, reasoning, tool:completed, step-finish, patch | [50]assistant: step-start, reasoning, text:"Não, está pronto. O CI rodou em 36s e o ...", step-finish, patch | [51]user: text:"Após rodar os testes(https://github.com/...", file, file, file, file, text:"Called the Read tool with the following ..."(syn), text:"<path>/home/rlevidev/Projetos/rinha-2026..."(syn), text:"Called the Read tool with the following ..."(syn), text:"<path>/home/rlevidev/Projetos/rinha-2026..."(syn), text:"Called the Read tool with the following ..."(syn), text:"<path>/home/rlevidev/Projetos/rinha-2026..."(syn), text:"Called the Read tool with the following ..."(syn), text:"<path>/home/rlevidev/Projetos/rinha-2026..."(syn), text:"<system-reminder>
# Plan Mode - System R..."(syn) | [52]assistant: step-start, reasoning, text:"Vou usar a skill de brainstorming para p...", tool:completed, step-finish, patch | [53]assistant: step-start, reasoning, tool:completed, tool:completed, tool:completed, tool:completed, step-finish, patch | [54]assistant: step-start, reasoning, tool:completed, tool:completed, tool:completed, step-finish, patch | [55]assistant: step-start, reasoning, tool:completed, tool:completed, tool:completed, step-finish, patch | [56]assistant: step-start, reasoning, tool:completed, tool:completed, tool:completed, tool:completed, tool:completed, step-finish, patch | [57]assistant: step-start, reasoning, tool:completed, tool:completed, tool:completed, tool:completed, step-finish, patch
[2026-06-02T02:24:25.277Z] message-hooks: post-filter, msgCount=58
[2026-06-02T02:24:25.277Z] message-hooks: about to search for OPENCODE_GENERIC
[2026-06-02T02:24:25.277Z] message-hooks: searching 58 messages for OPENCODE_GENERIC
[2026-06-02T02:24:25.277Z] message-hooks: found synthetic text at [0]: "Called the Read tool with the following input: {"f..." matches=false
[2026-06-02T02:24:25.277Z] message-hooks: found synthetic text at [0]: "<path>/home/rlevidev/Projetos/rinha-2026/docs/supe..." matches=false
[2026-06-02T02:24:25.277Z] message-hooks: found synthetic text at [51]: "Called the Read tool with the following input: {"f..." matches=false
[2026-06-02T02:24:25.277Z] message-hooks: found synthetic text at [51]: "<path>/home/rlevidev/Projetos/rinha-2026/results/r..." matches=false
[2026-06-02T02:24:25.277Z] message-hooks: found synthetic text at [51]: "Called the Read tool with the following input: {"f..." matches=false
[2026-06-02T02:24:25.277Z] message-hooks: found synthetic text at [51]: "<path>/home/rlevidev/Projetos/rinha-2026/oponents/..." matches=false
[2026-06-02T02:24:25.277Z] message-hooks: found synthetic text at [51]: "Called the Read tool with the following input: {"f..." matches=false
[2026-06-02T02:24:25.277Z] message-hooks: found synthetic text at [51]: "<path>/home/rlevidev/Projetos/rinha-2026/rinha-bac..." matches=false
[2026-06-02T02:24:25.277Z] message-hooks: found synthetic text at [51]: "Called the Read tool with the following input: {"f..." matches=false
[2026-06-02T02:24:25.277Z] message-hooks: found synthetic text at [51]: "<path>/home/rlevidev/Projetos/rinha-2026/docs/br/<..." matches=false
[2026-06-02T02:24:25.277Z] message-hooks: found synthetic text at [51]: "<system-reminder>
# Plan Mode - System Reminder

C..." matches=false
[2026-06-02T02:24:25.277Z] message-hooks: generic search complete, found=false, index=-1
[2026-06-02T02:24:25.277Z] message-hooks: no generic part found, checking for pending prompt return
[2026-06-02T02:24:38.321Z] message-hooks: ENTRY msgCount=59, sessions=ses_179fa6dd5ffes60VLPY7DAUkWq
[2026-06-02T02:24:38.321Z] message-hooks: MESSAGES: [0]user: text:"Continue com a execução do plano @docs/s...", file, text:"Called the Read tool with the following ..."(syn), text:"<path>/home/rlevidev/Projetos/rinha-2026..."(syn) | [1]assistant: step-start, reasoning, tool:completed, step-finish, patch | [2]assistant: step-start, reasoning, text:"I'm using the executing-plans skill to i...", tool:completed, tool:completed, step-finish, patch | [3]assistant: step-start, reasoning, tool:completed, tool:completed, tool:completed, step-finish, patch | [4]assistant: step-start, reasoning, tool:completed, tool:completed, tool:completed, step-finish, patch | [5]assistant: step-start, reasoning, tool:completed, tool:completed, tool:completed, step-finish, patch | [6]assistant: step-start, reasoning, tool:completed, tool:completed, tool:completed, step-finish, patch | [7]assistant: step-start, reasoning, tool:completed, tool:completed, tool:completed, step-finish, patch | [8]assistant: step-start, reasoning, tool:completed, tool:completed, tool:completed, step-finish, patch | [9]assistant: step-start, reasoning, tool:completed, tool:completed, tool:completed, step-finish, patch | [10]assistant: step-start, reasoning, text:"Now I understand the state. Tasks 1-3 ar...", tool:completed, tool:completed, step-finish, patch | [11]assistant: step-start, reasoning, tool:completed, step-finish, patch | [12]assistant: step-start, tool:completed, step-finish, patch | [13]assistant: step-start, tool:completed, step-finish, patch | [14]assistant: step-start, reasoning, tool:completed, tool:completed, step-finish, patch | [15]assistant: step-start, reasoning, tool:completed, step-finish, patch | [16]assistant: step-start, reasoning, tool:completed, step-finish, patch | [17]assistant: step-start, reasoning, tool:completed, tool:completed, step-finish, patch | [18]assistant: step-start, reasoning, tool:completed, tool:completed, step-finish, patch | [19]assistant: step-start, tool:completed, step-finish, patch | [20]assistant: step-start, tool:completed, tool:completed, step-finish, patch | [21]assistant: step-start, tool:completed, step-finish, patch | [22]assistant: step-start, reasoning, tool:completed, step-finish, patch | [23]assistant: step-start, reasoning, tool:completed, step-finish, patch | [24]assistant: step-start, reasoning, tool:completed, step-finish, patch | [25]assistant: step-start, reasoning, tool:completed, step-finish, patch | [26]assistant: step-start, reasoning, tool:completed, step-finish, patch | [27]assistant: step-start, reasoning, tool:completed, tool:completed, step-finish, patch | [28]assistant: step-start, reasoning, text:"Since Docker isn't available in this env...", tool:completed, step-finish, patch | [29]assistant: step-start, tool:completed, step-finish, patch | [30]assistant: step-start, reasoning, tool:completed, tool:completed, step-finish, patch | [31]assistant: step-start, tool:completed, step-finish, patch | [32]assistant: step-start, reasoning, tool:completed, step-finish, patch | [33]assistant: step-start, tool:completed, step-finish, patch | [34]assistant: step-start, reasoning, tool:completed, tool:completed, step-finish, patch | [35]assistant: step-start, tool:completed, step-finish, patch | [36]assistant: step-start, reasoning, tool:completed, tool:completed, step-finish, patch | [37]assistant: step-start, reasoning, tool:completed, tool:completed, step-finish, patch | [38]assistant: step-start, reasoning, tool:completed, step-finish, patch | [39]assistant: step-start, reasoning, tool:completed, tool:completed, step-finish, patch | [40]assistant: step-start, reasoning, tool:completed, step-finish, patch | [41]assistant: step-start, reasoning, tool:completed, step-finish, patch | [42]assistant: step-start, tool:completed, step-finish, patch | [43]assistant: step-start, tool:completed, tool:completed, step-finish, patch | [44]assistant: step-start, reasoning, text:"Now I'll use the finishing-a-development...", tool:completed, step-finish, patch | [45]assistant: step-start, reasoning, text:"I'm using the finishing-a-development-br...", tool:completed, tool:completed, step-finish, patch | [46]assistant: step-start, reasoning, text:"Tests all pass. Plan complete — 7 new co...", step-finish, patch | [47]user: text:"Acabei de fazer push dos commits para qu..." | [48]assistant: step-start, reasoning, tool:completed, tool:completed, step-finish, patch | [49]assistant: step-start, reasoning, tool:completed, step-finish, patch | [50]assistant: step-start, reasoning, text:"Não, está pronto. O CI rodou em 36s e o ...", step-finish, patch | [51]user: text:"Após rodar os testes(https://github.com/...", file, file, file, file, text:"Called the Read tool with the following ..."(syn), text:"<path>/home/rlevidev/Projetos/rinha-2026..."(syn), text:"Called the Read tool with the following ..."(syn), text:"<path>/home/rlevidev/Projetos/rinha-2026..."(syn), text:"Called the Read tool with the following ..."(syn), text:"<path>/home/rlevidev/Projetos/rinha-2026..."(syn), text:"Called the Read tool with the following ..."(syn), text:"<path>/home/rlevidev/Projetos/rinha-2026..."(syn), text:"<system-reminder>
# Plan Mode - System R..."(syn) | [52]assistant: step-start, reasoning, text:"Vou usar a skill de brainstorming para p...", tool:completed, step-finish, patch | [53]assistant: step-start, reasoning, tool:completed, tool:completed, tool:completed, tool:completed, step-finish, patch | [54]assistant: step-start, reasoning, tool:completed, tool:completed, tool:completed, step-finish, patch | [55]assistant: step-start, reasoning, tool:completed, tool:completed, tool:completed, step-finish, patch | [56]assistant: step-start, reasoning, tool:completed, tool:completed, tool:completed, tool:completed, tool:completed, step-finish, patch | [57]assistant: step-start, reasoning, tool:completed, tool:completed, tool:completed, tool:completed, step-finish, patch | [58]assistant: step-start, reasoning, tool:completed, tool:completed, tool:completed, tool:completed, tool:completed, tool:completed, step-finish, patch
[2026-06-02T02:24:38.321Z] message-hooks: post-filter, msgCount=59
[2026-06-02T02:24:38.321Z] message-hooks: about to search for OPENCODE_GENERIC
[2026-06-02T02:24:38.321Z] message-hooks: searching 59 messages for OPENCODE_GENERIC
[2026-06-02T02:24:38.321Z] message-hooks: found synthetic text at [0]: "Called the Read tool with the following input: {"f..." matches=false
[2026-06-02T02:24:38.321Z] message-hooks: found synthetic text at [0]: "<path>/home/rlevidev/Projetos/rinha-2026/docs/supe..." matches=false
[2026-06-02T02:24:38.321Z] message-hooks: found synthetic text at [51]: "Called the Read tool with the following input: {"f..." matches=false
[2026-06-02T02:24:38.321Z] message-hooks: found synthetic text at [51]: "<path>/home/rlevidev/Projetos/rinha-2026/results/r..." matches=false
[2026-06-02T02:24:38.321Z] message-hooks: found synthetic text at [51]: "Called the Read tool with the following input: {"f..." matches=false
[2026-06-02T02:24:38.321Z] message-hooks: found synthetic text at [51]: "<path>/home/rlevidev/Projetos/rinha-2026/oponents/..." matches=false
[2026-06-02T02:24:38.321Z] message-hooks: found synthetic text at [51]: "Called the Read tool with the following input: {"f..." matches=false
[2026-06-02T02:24:38.321Z] message-hooks: found synthetic text at [51]: "<path>/home/rlevidev/Projetos/rinha-2026/rinha-bac..." matches=false
[2026-06-02T02:24:38.321Z] message-hooks: found synthetic text at [51]: "Called the Read tool with the following input: {"f..." matches=false
[2026-06-02T02:24:38.321Z] message-hooks: found synthetic text at [51]: "<path>/home/rlevidev/Projetos/rinha-2026/docs/br/<..." matches=false
[2026-06-02T02:24:38.321Z] message-hooks: found synthetic text at [51]: "<system-reminder>
# Plan Mode - System Reminder

C..." matches=false
[2026-06-02T02:24:38.321Z] message-hooks: generic search complete, found=false, index=-1
[2026-06-02T02:24:38.321Z] message-hooks: no generic part found, checking for pending prompt return
[2026-06-02T02:24:48.200Z] message-hooks: ENTRY msgCount=60, sessions=ses_179fa6dd5ffes60VLPY7DAUkWq
[2026-06-02T02:24:48.200Z] message-hooks: MESSAGES: [0]user: text:"Continue com a execução do plano @docs/s...", file, text:"Called the Read tool with the following ..."(syn), text:"<path>/home/rlevidev/Projetos/rinha-2026..."(syn) | [1]assistant: step-start, reasoning, tool:completed, step-finish, patch | [2]assistant: step-start, reasoning, text:"I'm using the executing-plans skill to i...", tool:completed, tool:completed, step-finish, patch | [3]assistant: step-start, reasoning, tool:completed, tool:completed, tool:completed, step-finish, patch | [4]assistant: step-start, reasoning, tool:completed, tool:completed, tool:completed, step-finish, patch | [5]assistant: step-start, reasoning, tool:completed, tool:completed, tool:completed, step-finish, patch | [6]assistant: step-start, reasoning, tool:completed, tool:completed, tool:completed, step-finish, patch | [7]assistant: step-start, reasoning, tool:completed, tool:completed, tool:completed, step-finish, patch | [8]assistant: step-start, reasoning, tool:completed, tool:completed, tool:completed, step-finish, patch | [9]assistant: step-start, reasoning, tool:completed, tool:completed, tool:completed, step-finish, patch | [10]assistant: step-start, reasoning, text:"Now I understand the state. Tasks 1-3 ar...", tool:completed, tool:completed, step-finish, patch | [11]assistant: step-start, reasoning, tool:completed, step-finish, patch | [12]assistant: step-start, tool:completed, step-finish, patch | [13]assistant: step-start, tool:completed, step-finish, patch | [14]assistant: step-start, reasoning, tool:completed, tool:completed, step-finish, patch | [15]assistant: step-start, reasoning, tool:completed, step-finish, patch | [16]assistant: step-start, reasoning, tool:completed, step-finish, patch | [17]assistant: step-start, reasoning, tool:completed, tool:completed, step-finish, patch | [18]assistant: step-start, reasoning, tool:completed, tool:completed, step-finish, patch | [19]assistant: step-start, tool:completed, step-finish, patch | [20]assistant: step-start, tool:completed, tool:completed, step-finish, patch | [21]assistant: step-start, tool:completed, step-finish, patch | [22]assistant: step-start, reasoning, tool:completed, step-finish, patch | [23]assistant: step-start, reasoning, tool:completed, step-finish, patch | [24]assistant: step-start, reasoning, tool:completed, step-finish, patch | [25]assistant: step-start, reasoning, tool:completed, step-finish, patch | [26]assistant: step-start, reasoning, tool:completed, step-finish, patch | [27]assistant: step-start, reasoning, tool:completed, tool:completed, step-finish, patch | [28]assistant: step-start, reasoning, text:"Since Docker isn't available in this env...", tool:completed, step-finish, patch | [29]assistant: step-start, tool:completed, step-finish, patch | [30]assistant: step-start, reasoning, tool:completed, tool:completed, step-finish, patch | [31]assistant: step-start, tool:completed, step-finish, patch | [32]assistant: step-start, reasoning, tool:completed, step-finish, patch | [33]assistant: step-start, tool:completed, step-finish, patch | [34]assistant: step-start, reasoning, tool:completed, tool:completed, step-finish, patch | [35]assistant: step-start, tool:completed, step-finish, patch | [36]assistant: step-start, reasoning, tool:completed, tool:completed, step-finish, patch | [37]assistant: step-start, reasoning, tool:completed, tool:completed, step-finish, patch | [38]assistant: step-start, reasoning, tool:completed, step-finish, patch | [39]assistant: step-start, reasoning, tool:completed, tool:completed, step-finish, patch | [40]assistant: step-start, reasoning, tool:completed, step-finish, patch | [41]assistant: step-start, reasoning, tool:completed, step-finish, patch | [42]assistant: step-start, tool:completed, step-finish, patch | [43]assistant: step-start, tool:completed, tool:completed, step-finish, patch | [44]assistant: step-start, reasoning, text:"Now I'll use the finishing-a-development...", tool:completed, step-finish, patch | [45]assistant: step-start, reasoning, text:"I'm using the finishing-a-development-br...", tool:completed, tool:completed, step-finish, patch | [46]assistant: step-start, reasoning, text:"Tests all pass. Plan complete — 7 new co...", step-finish, patch | [47]user: text:"Acabei de fazer push dos commits para qu..." | [48]assistant: step-start, reasoning, tool:completed, tool:completed, step-finish, patch | [49]assistant: step-start, reasoning, tool:completed, step-finish, patch | [50]assistant: step-start, reasoning, text:"Não, está pronto. O CI rodou em 36s e o ...", step-finish, patch | [51]user: text:"Após rodar os testes(https://github.com/...", file, file, file, file, text:"Called the Read tool with the following ..."(syn), text:"<path>/home/rlevidev/Projetos/rinha-2026..."(syn), text:"Called the Read tool with the following ..."(syn), text:"<path>/home/rlevidev/Projetos/rinha-2026..."(syn), text:"Called the Read tool with the following ..."(syn), text:"<path>/home/rlevidev/Projetos/rinha-2026..."(syn), text:"Called the Read tool with the following ..."(syn), text:"<path>/home/rlevidev/Projetos/rinha-2026..."(syn), text:"<system-reminder>
# Plan Mode - System R..."(syn) | [52]assistant: step-start, reasoning, text:"Vou usar a skill de brainstorming para p...", tool:completed, step-finish, patch | [53]assistant: step-start, reasoning, tool:completed, tool:completed, tool:completed, tool:completed, step-finish, patch | [54]assistant: step-start, reasoning, tool:completed, tool:completed, tool:completed, step-finish, patch | [55]assistant: step-start, reasoning, tool:completed, tool:completed, tool:completed, step-finish, patch | [56]assistant: step-start, reasoning, tool:completed, tool:completed, tool:completed, tool:completed, tool:completed, step-finish, patch | [57]assistant: step-start, reasoning, tool:completed, tool:completed, tool:completed, tool:completed, step-finish, patch | [58]assistant: step-start, reasoning, tool:completed, tool:completed, tool:completed, tool:completed, tool:completed, tool:completed, step-finish, patch | [59]assistant: step-start, reasoning, tool:completed, tool:completed, step-finish, patch
[2026-06-02T02:24:48.201Z] message-hooks: post-filter, msgCount=60
[2026-06-02T02:24:48.201Z] message-hooks: about to search for OPENCODE_GENERIC
[2026-06-02T02:24:48.201Z] message-hooks: searching 60 messages for OPENCODE_GENERIC
[2026-06-02T02:24:48.201Z] message-hooks: found synthetic text at [0]: "Called the Read tool with the following input: {"f..." matches=false
[2026-06-02T02:24:48.201Z] message-hooks: found synthetic text at [0]: "<path>/home/rlevidev/Projetos/rinha-2026/docs/supe..." matches=false
[2026-06-02T02:24:48.201Z] message-hooks: found synthetic text at [51]: "Called the Read tool with the following input: {"f..." matches=false
[2026-06-02T02:24:48.201Z] message-hooks: found synthetic text at [51]: "<path>/home/rlevidev/Projetos/rinha-2026/results/r..." matches=false
[2026-06-02T02:24:48.201Z] message-hooks: found synthetic text at [51]: "Called the Read tool with the following input: {"f..." matches=false
[2026-06-02T02:24:48.201Z] message-hooks: found synthetic text at [51]: "<path>/home/rlevidev/Projetos/rinha-2026/oponents/..." matches=false
[2026-06-02T02:24:48.201Z] message-hooks: found synthetic text at [51]: "Called the Read tool with the following input: {"f..." matches=false
[2026-06-02T02:24:48.201Z] message-hooks: found synthetic text at [51]: "<path>/home/rlevidev/Projetos/rinha-2026/rinha-bac..." matches=false
[2026-06-02T02:24:48.201Z] message-hooks: found synthetic text at [51]: "Called the Read tool with the following input: {"f..." matches=false
[2026-06-02T02:24:48.201Z] message-hooks: found synthetic text at [51]: "<path>/home/rlevidev/Projetos/rinha-2026/docs/br/<..." matches=false
[2026-06-02T02:24:48.201Z] message-hooks: found synthetic text at [51]: "<system-reminder>
# Plan Mode - System Reminder

C..." matches=false
[2026-06-02T02:24:48.201Z] message-hooks: generic search complete, found=false, index=-1
[2026-06-02T02:24:48.201Z] message-hooks: no generic part found, checking for pending prompt return
[2026-06-02T02:24:59.980Z] message-hooks: ENTRY msgCount=61, sessions=ses_179fa6dd5ffes60VLPY7DAUkWq
[2026-06-02T02:24:59.980Z] message-hooks: MESSAGES: [0]user: text:"Continue com a execução do plano @docs/s...", file, text:"Called the Read tool with the following ..."(syn), text:"<path>/home/rlevidev/Projetos/rinha-2026..."(syn) | [1]assistant: step-start, reasoning, tool:completed, step-finish, patch | [2]assistant: step-start, reasoning, text:"I'm using the executing-plans skill to i...", tool:completed, tool:completed, step-finish, patch | [3]assistant: step-start, reasoning, tool:completed, tool:completed, tool:completed, step-finish, patch | [4]assistant: step-start, reasoning, tool:completed, tool:completed, tool:completed, step-finish, patch | [5]assistant: step-start, reasoning, tool:completed, tool:completed, tool:completed, step-finish, patch | [6]assistant: step-start, reasoning, tool:completed, tool:completed, tool:completed, step-finish, patch | [7]assistant: step-start, reasoning, tool:completed, tool:completed, tool:completed, step-finish, patch | [8]assistant: step-start, reasoning, tool:completed, tool:completed, tool:completed, step-finish, patch | [9]assistant: step-start, reasoning, tool:completed, tool:completed, tool:completed, step-finish, patch | [10]assistant: step-start, reasoning, text:"Now I understand the state. Tasks 1-3 ar...", tool:completed, tool:completed, step-finish, patch | [11]assistant: step-start, reasoning, tool:completed, step-finish, patch | [12]assistant: step-start, tool:completed, step-finish, patch | [13]assistant: step-start, tool:completed, step-finish, patch | [14]assistant: step-start, reasoning, tool:completed, tool:completed, step-finish, patch | [15]assistant: step-start, reasoning, tool:completed, step-finish, patch | [16]assistant: step-start, reasoning, tool:completed, step-finish, patch | [17]assistant: step-start, reasoning, tool:completed, tool:completed, step-finish, patch | [18]assistant: step-start, reasoning, tool:completed, tool:completed, step-finish, patch | [19]assistant: step-start, tool:completed, step-finish, patch | [20]assistant: step-start, tool:completed, tool:completed, step-finish, patch | [21]assistant: step-start, tool:completed, step-finish, patch | [22]assistant: step-start, reasoning, tool:completed, step-finish, patch | [23]assistant: step-start, reasoning, tool:completed, step-finish, patch | [24]assistant: step-start, reasoning, tool:completed, step-finish, patch | [25]assistant: step-start, reasoning, tool:completed, step-finish, patch | [26]assistant: step-start, reasoning, tool:completed, step-finish, patch | [27]assistant: step-start, reasoning, tool:completed, tool:completed, step-finish, patch | [28]assistant: step-start, reasoning, text:"Since Docker isn't available in this env...", tool:completed, step-finish, patch | [29]assistant: step-start, tool:completed, step-finish, patch | [30]assistant: step-start, reasoning, tool:completed, tool:completed, step-finish, patch | [31]assistant: step-start, tool:completed, step-finish, patch | [32]assistant: step-start, reasoning, tool:completed, step-finish, patch | [33]assistant: step-start, tool:completed, step-finish, patch | [34]assistant: step-start, reasoning, tool:completed, tool:completed, step-finish, patch | [35]assistant: step-start, tool:completed, step-finish, patch | [36]assistant: step-start, reasoning, tool:completed, tool:completed, step-finish, patch | [37]assistant: step-start, reasoning, tool:completed, tool:completed, step-finish, patch | [38]assistant: step-start, reasoning, tool:completed, step-finish, patch | [39]assistant: step-start, reasoning, tool:completed, tool:completed, step-finish, patch | [40]assistant: step-start, reasoning, tool:completed, step-finish, patch | [41]assistant: step-start, reasoning, tool:completed, step-finish, patch | [42]assistant: step-start, tool:completed, step-finish, patch | [43]assistant: step-start, tool:completed, tool:completed, step-finish, patch | [44]assistant: step-start, reasoning, text:"Now I'll use the finishing-a-development...", tool:completed, step-finish, patch | [45]assistant: step-start, reasoning, text:"I'm using the finishing-a-development-br...", tool:completed, tool:completed, step-finish, patch | [46]assistant: step-start, reasoning, text:"Tests all pass. Plan complete — 7 new co...", step-finish, patch | [47]user: text:"Acabei de fazer push dos commits para qu..." | [48]assistant: step-start, reasoning, tool:completed, tool:completed, step-finish, patch | [49]assistant: step-start, reasoning, tool:completed, step-finish, patch | [50]assistant: step-start, reasoning, text:"Não, está pronto. O CI rodou em 36s e o ...", step-finish, patch | [51]user: text:"Após rodar os testes(https://github.com/...", file, file, file, file, text:"Called the Read tool with the following ..."(syn), text:"<path>/home/rlevidev/Projetos/rinha-2026..."(syn), text:"Called the Read tool with the following ..."(syn), text:"<path>/home/rlevidev/Projetos/rinha-2026..."(syn), text:"Called the Read tool with the following ..."(syn), text:"<path>/home/rlevidev/Projetos/rinha-2026..."(syn), text:"Called the Read tool with the following ..."(syn), text:"<path>/home/rlevidev/Projetos/rinha-2026..."(syn), text:"<system-reminder>
# Plan Mode - System R..."(syn) | [52]assistant: step-start, reasoning, text:"Vou usar a skill de brainstorming para p...", tool:completed, step-finish, patch | [53]assistant: step-start, reasoning, tool:completed, tool:completed, tool:completed, tool:completed, step-finish, patch | [54]assistant: step-start, reasoning, tool:completed, tool:completed, tool:completed, step-finish, patch | [55]assistant: step-start, reasoning, tool:completed, tool:completed, tool:completed, step-finish, patch | [56]assistant: step-start, reasoning, tool:completed, tool:completed, tool:completed, tool:completed, tool:completed, step-finish, patch | [57]assistant: step-start, reasoning, tool:completed, tool:completed, tool:completed, tool:completed, step-finish, patch | [58]assistant: step-start, reasoning, tool:completed, tool:completed, tool:completed, tool:completed, tool:completed, tool:completed, step-finish, patch | [59]assistant: step-start, reasoning, tool:completed, tool:completed, step-finish, patch | [60]assistant: step-start, reasoning, tool:completed, tool:completed, tool:completed, step-finish, patch
[2026-06-02T02:24:59.980Z] message-hooks: post-filter, msgCount=61
[2026-06-02T02:24:59.980Z] message-hooks: about to search for OPENCODE_GENERIC
[2026-06-02T02:24:59.980Z] message-hooks: searching 61 messages for OPENCODE_GENERIC
[2026-06-02T02:24:59.980Z] message-hooks: found synthetic text at [0]: "Called the Read tool with the following input: {"f..." matches=false
[2026-06-02T02:24:59.980Z] message-hooks: found synthetic text at [0]: "<path>/home/rlevidev/Projetos/rinha-2026/docs/supe..." matches=false
[2026-06-02T02:24:59.980Z] message-hooks: found synthetic text at [51]: "Called the Read tool with the following input: {"f..." matches=false
[2026-06-02T02:24:59.980Z] message-hooks: found synthetic text at [51]: "<path>/home/rlevidev/Projetos/rinha-2026/results/r..." matches=false
[2026-06-02T02:24:59.980Z] message-hooks: found synthetic text at [51]: "Called the Read tool with the following input: {"f..." matches=false
[2026-06-02T02:24:59.980Z] message-hooks: found synthetic text at [51]: "<path>/home/rlevidev/Projetos/rinha-2026/oponents/..." matches=false
[2026-06-02T02:24:59.980Z] message-hooks: found synthetic text at [51]: "Called the Read tool with the following input: {"f..." matches=false
[2026-06-02T02:24:59.980Z] message-hooks: found synthetic text at [51]: "<path>/home/rlevidev/Projetos/rinha-2026/rinha-bac..." matches=false
[2026-06-02T02:24:59.980Z] message-hooks: found synthetic text at [51]: "Called the Read tool with the following input: {"f..." matches=false
[2026-06-02T02:24:59.980Z] message-hooks: found synthetic text at [51]: "<path>/home/rlevidev/Projetos/rinha-2026/docs/br/<..." matches=false
[2026-06-02T02:24:59.980Z] message-hooks: found synthetic text at [51]: "<system-reminder>
# Plan Mode - System Reminder

C..." matches=false
[2026-06-02T02:24:59.980Z] message-hooks: generic search complete, found=false, index=-1
[2026-06-02T02:24:59.980Z] message-hooks: no generic part found, checking for pending prompt return
[2026-06-02T02:25:08.810Z] message-hooks: ENTRY msgCount=62, sessions=ses_179fa6dd5ffes60VLPY7DAUkWq
[2026-06-02T02:25:08.810Z] message-hooks: MESSAGES: [0]user: text:"Continue com a execução do plano @docs/s...", file, text:"Called the Read tool with the following ..."(syn), text:"<path>/home/rlevidev/Projetos/rinha-2026..."(syn) | [1]assistant: step-start, reasoning, tool:completed, step-finish, patch | [2]assistant: step-start, reasoning, text:"I'm using the executing-plans skill to i...", tool:completed, tool:completed, step-finish, patch | [3]assistant: step-start, reasoning, tool:completed, tool:completed, tool:completed, step-finish, patch | [4]assistant: step-start, reasoning, tool:completed, tool:completed, tool:completed, step-finish, patch | [5]assistant: step-start, reasoning, tool:completed, tool:completed, tool:completed, step-finish, patch | [6]assistant: step-start, reasoning, tool:completed, tool:completed, tool:completed, step-finish, patch | [7]assistant: step-start, reasoning, tool:completed, tool:completed, tool:completed, step-finish, patch | [8]assistant: step-start, reasoning, tool:completed, tool:completed, tool:completed, step-finish, patch | [9]assistant: step-start, reasoning, tool:completed, tool:completed, tool:completed, step-finish, patch | [10]assistant: step-start, reasoning, text:"Now I understand the state. Tasks 1-3 ar...", tool:completed, tool:completed, step-finish, patch | [11]assistant: step-start, reasoning, tool:completed, step-finish, patch | [12]assistant: step-start, tool:completed, step-finish, patch | [13]assistant: step-start, tool:completed, step-finish, patch | [14]assistant: step-start, reasoning, tool:completed, tool:completed, step-finish, patch | [15]assistant: step-start, reasoning, tool:completed, step-finish, patch | [16]assistant: step-start, reasoning, tool:completed, step-finish, patch | [17]assistant: step-start, reasoning, tool:completed, tool:completed, step-finish, patch | [18]assistant: step-start, reasoning, tool:completed, tool:completed, step-finish, patch | [19]assistant: step-start, tool:completed, step-finish, patch | [20]assistant: step-start, tool:completed, tool:completed, step-finish, patch | [21]assistant: step-start, tool:completed, step-finish, patch | [22]assistant: step-start, reasoning, tool:completed, step-finish, patch | [23]assistant: step-start, reasoning, tool:completed, step-finish, patch | [24]assistant: step-start, reasoning, tool:completed, step-finish, patch | [25]assistant: step-start, reasoning, tool:completed, step-finish, patch | [26]assistant: step-start, reasoning, tool:completed, step-finish, patch | [27]assistant: step-start, reasoning, tool:completed, tool:completed, step-finish, patch | [28]assistant: step-start, reasoning, text:"Since Docker isn't available in this env...", tool:completed, step-finish, patch | [29]assistant: step-start, tool:completed, step-finish, patch | [30]assistant: step-start, reasoning, tool:completed, tool:completed, step-finish, patch | [31]assistant: step-start, tool:completed, step-finish, patch | [32]assistant: step-start, reasoning, tool:completed, step-finish, patch | [33]assistant: step-start, tool:completed, step-finish, patch | [34]assistant: step-start, reasoning, tool:completed, tool:completed, step-finish, patch | [35]assistant: step-start, tool:completed, step-finish, patch | [36]assistant: step-start, reasoning, tool:completed, tool:completed, step-finish, patch | [37]assistant: step-start, reasoning, tool:completed, tool:completed, step-finish, patch | [38]assistant: step-start, reasoning, tool:completed, step-finish, patch | [39]assistant: step-start, reasoning, tool:completed, tool:completed, step-finish, patch | [40]assistant: step-start, reasoning, tool:completed, step-finish, patch | [41]assistant: step-start, reasoning, tool:completed, step-finish, patch | [42]assistant: step-start, tool:completed, step-finish, patch | [43]assistant: step-start, tool:completed, tool:completed, step-finish, patch | [44]assistant: step-start, reasoning, text:"Now I'll use the finishing-a-development...", tool:completed, step-finish, patch | [45]assistant: step-start, reasoning, text:"I'm using the finishing-a-development-br...", tool:completed, tool:completed, step-finish, patch | [46]assistant: step-start, reasoning, text:"Tests all pass. Plan complete — 7 new co...", step-finish, patch | [47]user: text:"Acabei de fazer push dos commits para qu..." | [48]assistant: step-start, reasoning, tool:completed, tool:completed, step-finish, patch | [49]assistant: step-start, reasoning, tool:completed, step-finish, patch | [50]assistant: step-start, reasoning, text:"Não, está pronto. O CI rodou em 36s e o ...", step-finish, patch | [51]user: text:"Após rodar os testes(https://github.com/...", file, file, file, file, text:"Called the Read tool with the following ..."(syn), text:"<path>/home/rlevidev/Projetos/rinha-2026..."(syn), text:"Called the Read tool with the following ..."(syn), text:"<path>/home/rlevidev/Projetos/rinha-2026..."(syn), text:"Called the Read tool with the following ..."(syn), text:"<path>/home/rlevidev/Projetos/rinha-2026..."(syn), text:"Called the Read tool with the following ..."(syn), text:"<path>/home/rlevidev/Projetos/rinha-2026..."(syn), text:"<system-reminder>
# Plan Mode - System R..."(syn) | [52]assistant: step-start, reasoning, text:"Vou usar a skill de brainstorming para p...", tool:completed, step-finish, patch | [53]assistant: step-start, reasoning, tool:completed, tool:completed, tool:completed, tool:completed, step-finish, patch | [54]assistant: step-start, reasoning, tool:completed, tool:completed, tool:completed, step-finish, patch | [55]assistant: step-start, reasoning, tool:completed, tool:completed, tool:completed, step-finish, patch | [56]assistant: step-start, reasoning, tool:completed, tool:completed, tool:completed, tool:completed, tool:completed, step-finish, patch | [57]assistant: step-start, reasoning, tool:completed, tool:completed, tool:completed, tool:completed, step-finish, patch | [58]assistant: step-start, reasoning, tool:completed, tool:completed, tool:completed, tool:completed, tool:completed, tool:completed, step-finish, patch | [59]assistant: step-start, reasoning, tool:completed, tool:completed, step-finish, patch | [60]assistant: step-start, reasoning, tool:completed, tool:completed, tool:completed, step-finish, patch | [61]assistant: step-start, reasoning, tool:completed, tool:completed, step-finish, patch
[2026-06-02T02:25:08.810Z] message-hooks: post-filter, msgCount=62
[2026-06-02T02:25:08.810Z] message-hooks: about to search for OPENCODE_GENERIC
[2026-06-02T02:25:08.810Z] message-hooks: searching 62 messages for OPENCODE_GENERIC
[2026-06-02T02:25:08.810Z] message-hooks: found synthetic text at [0]: "Called the Read tool with the following input: {"f..." matches=false
[2026-06-02T02:25:08.810Z] message-hooks: found synthetic text at [0]: "<path>/home/rlevidev/Projetos/rinha-2026/docs/supe..." matches=false
[2026-06-02T02:25:08.810Z] message-hooks: found synthetic text at [51]: "Called the Read tool with the following input: {"f..." matches=false
[2026-06-02T02:25:08.810Z] message-hooks: found synthetic text at [51]: "<path>/home/rlevidev/Projetos/rinha-2026/results/r..." matches=false
[2026-06-02T02:25:08.810Z] message-hooks: found synthetic text at [51]: "Called the Read tool with the following input: {"f..." matches=false
[2026-06-02T02:25:08.810Z] message-hooks: found synthetic text at [51]: "<path>/home/rlevidev/Projetos/rinha-2026/oponents/..." matches=false
[2026-06-02T02:25:08.810Z] message-hooks: found synthetic text at [51]: "Called the Read tool with the following input: {"f..." matches=false
[2026-06-02T02:25:08.810Z] message-hooks: found synthetic text at [51]: "<path>/home/rlevidev/Projetos/rinha-2026/rinha-bac..." matches=false
[2026-06-02T02:25:08.810Z] message-hooks: found synthetic text at [51]: "Called the Read tool with the following input: {"f..." matches=false
[2026-06-02T02:25:08.810Z] message-hooks: found synthetic text at [51]: "<path>/home/rlevidev/Projetos/rinha-2026/docs/br/<..." matches=false
[2026-06-02T02:25:08.810Z] message-hooks: found synthetic text at [51]: "<system-reminder>
# Plan Mode - System Reminder

C..." matches=false
[2026-06-02T02:25:08.810Z] message-hooks: generic search complete, found=false, index=-1
[2026-06-02T02:25:08.810Z] message-hooks: no generic part found, checking for pending prompt return
[2026-06-02T02:25:39.175Z] message-hooks: ENTRY msgCount=63, sessions=ses_179fa6dd5ffes60VLPY7DAUkWq
[2026-06-02T02:25:39.175Z] message-hooks: MESSAGES: [0]user: text:"Continue com a execução do plano @docs/s...", file, text:"Called the Read tool with the following ..."(syn), text:"<path>/home/rlevidev/Projetos/rinha-2026..."(syn) | [1]assistant: step-start, reasoning, tool:completed, step-finish, patch | [2]assistant: step-start, reasoning, text:"I'm using the executing-plans skill to i...", tool:completed, tool:completed, step-finish, patch | [3]assistant: step-start, reasoning, tool:completed, tool:completed, tool:completed, step-finish, patch | [4]assistant: step-start, reasoning, tool:completed, tool:completed, tool:completed, step-finish, patch | [5]assistant: step-start, reasoning, tool:completed, tool:completed, tool:completed, step-finish, patch | [6]assistant: step-start, reasoning, tool:completed, tool:completed, tool:completed, step-finish, patch | [7]assistant: step-start, reasoning, tool:completed, tool:completed, tool:completed, step-finish, patch | [8]assistant: step-start, reasoning, tool:completed, tool:completed, tool:completed, step-finish, patch | [9]assistant: step-start, reasoning, tool:completed, tool:completed, tool:completed, step-finish, patch | [10]assistant: step-start, reasoning, text:"Now I understand the state. Tasks 1-3 ar...", tool:completed, tool:completed, step-finish, patch | [11]assistant: step-start, reasoning, tool:completed, step-finish, patch | [12]assistant: step-start, tool:completed, step-finish, patch | [13]assistant: step-start, tool:completed, step-finish, patch | [14]assistant: step-start, reasoning, tool:completed, tool:completed, step-finish, patch | [15]assistant: step-start, reasoning, tool:completed, step-finish, patch | [16]assistant: step-start, reasoning, tool:completed, step-finish, patch | [17]assistant: step-start, reasoning, tool:completed, tool:completed, step-finish, patch | [18]assistant: step-start, reasoning, tool:completed, tool:completed, step-finish, patch | [19]assistant: step-start, tool:completed, step-finish, patch | [20]assistant: step-start, tool:completed, tool:completed, step-finish, patch | [21]assistant: step-start, tool:completed, step-finish, patch | [22]assistant: step-start, reasoning, tool:completed, step-finish, patch | [23]assistant: step-start, reasoning, tool:completed, step-finish, patch | [24]assistant: step-start, reasoning, tool:completed, step-finish, patch | [25]assistant: step-start, reasoning, tool:completed, step-finish, patch | [26]assistant: step-start, reasoning, tool:completed, step-finish, patch | [27]assistant: step-start, reasoning, tool:completed, tool:completed, step-finish, patch | [28]assistant: step-start, reasoning, text:"Since Docker isn't available in this env...", tool:completed, step-finish, patch | [29]assistant: step-start, tool:completed, step-finish, patch | [30]assistant: step-start, reasoning, tool:completed, tool:completed, step-finish, patch | [31]assistant: step-start, tool:completed, step-finish, patch | [32]assistant: step-start, reasoning, tool:completed, step-finish, patch | [33]assistant: step-start, tool:completed, step-finish, patch | [34]assistant: step-start, reasoning, tool:completed, tool:completed, step-finish, patch | [35]assistant: step-start, tool:completed, step-finish, patch | [36]assistant: step-start, reasoning, tool:completed, tool:completed, step-finish, patch | [37]assistant: step-start, reasoning, tool:completed, tool:completed, step-finish, patch | [38]assistant: step-start, reasoning, tool:completed, step-finish, patch | [39]assistant: step-start, reasoning, tool:completed, tool:completed, step-finish, patch | [40]assistant: step-start, reasoning, tool:completed, step-finish, patch | [41]assistant: step-start, reasoning, tool:completed, step-finish, patch | [42]assistant: step-start, tool:completed, step-finish, patch | [43]assistant: step-start, tool:completed, tool:completed, step-finish, patch | [44]assistant: step-start, reasoning, text:"Now I'll use the finishing-a-development...", tool:completed, step-finish, patch | [45]assistant: step-start, reasoning, text:"I'm using the finishing-a-development-br...", tool:completed, tool:completed, step-finish, patch | [46]assistant: step-start, reasoning, text:"Tests all pass. Plan complete — 7 new co...", step-finish, patch | [47]user: text:"Acabei de fazer push dos commits para qu..." | [48]assistant: step-start, reasoning, tool:completed, tool:completed, step-finish, patch | [49]assistant: step-start, reasoning, tool:completed, step-finish, patch | [50]assistant: step-start, reasoning, text:"Não, está pronto. O CI rodou em 36s e o ...", step-finish, patch | [51]user: text:"Após rodar os testes(https://github.com/...", file, file, file, file, text:"Called the Read tool with the following ..."(syn), text:"<path>/home/rlevidev/Projetos/rinha-2026..."(syn), text:"Called the Read tool with the following ..."(syn), text:"<path>/home/rlevidev/Projetos/rinha-2026..."(syn), text:"Called the Read tool with the following ..."(syn), text:"<path>/home/rlevidev/Projetos/rinha-2026..."(syn), text:"Called the Read tool with the following ..."(syn), text:"<path>/home/rlevidev/Projetos/rinha-2026..."(syn), text:"<system-reminder>
# Plan Mode - System R..."(syn) | [52]assistant: step-start, reasoning, text:"Vou usar a skill de brainstorming para p...", tool:completed, step-finish, patch | [53]assistant: step-start, reasoning, tool:completed, tool:completed, tool:completed, tool:completed, step-finish, patch | [54]assistant: step-start, reasoning, tool:completed, tool:completed, tool:completed, step-finish, patch | [55]assistant: step-start, reasoning, tool:completed, tool:completed, tool:completed, step-finish, patch | [56]assistant: step-start, reasoning, tool:completed, tool:completed, tool:completed, tool:completed, tool:completed, step-finish, patch | [57]assistant: step-start, reasoning, tool:completed, tool:completed, tool:completed, tool:completed, step-finish, patch | [58]assistant: step-start, reasoning, tool:completed, tool:completed, tool:completed, tool:completed, tool:completed, tool:completed, step-finish, patch | [59]assistant: step-start, reasoning, tool:completed, tool:completed, step-finish, patch | [60]assistant: step-start, reasoning, tool:completed, tool:completed, tool:completed, step-finish, patch | [61]assistant: step-start, reasoning, tool:completed, tool:completed, step-finish, patch | [62]assistant: step-start, reasoning, tool:completed, tool:completed, step-finish, patch
[2026-06-02T02:25:39.175Z] message-hooks: post-filter, msgCount=63
[2026-06-02T02:25:39.175Z] message-hooks: about to search for OPENCODE_GENERIC
[2026-06-02T02:25:39.175Z] message-hooks: searching 63 messages for OPENCODE_GENERIC
[2026-06-02T02:25:39.175Z] message-hooks: found synthetic text at [0]: "Called the Read tool with the following input: {"f..." matches=false
[2026-06-02T02:25:39.175Z] message-hooks: found synthetic text at [0]: "<path>/home/rlevidev/Projetos/rinha-2026/docs/supe..." matches=false
[2026-06-02T02:25:39.175Z] message-hooks: found synthetic text at [51]: "Called the Read tool with the following input: {"f..." matches=false
[2026-06-02T02:25:39.175Z] message-hooks: found synthetic text at [51]: "<path>/home/rlevidev/Projetos/rinha-2026/results/r..." matches=false
[2026-06-02T02:25:39.175Z] message-hooks: found synthetic text at [51]: "Called the Read tool with the following input: {"f..." matches=false
[2026-06-02T02:25:39.175Z] message-hooks: found synthetic text at [51]: "<path>/home/rlevidev/Projetos/rinha-2026/oponents/..." matches=false
[2026-06-02T02:25:39.175Z] message-hooks: found synthetic text at [51]: "Called the Read tool with the following input: {"f..." matches=false
[2026-06-02T02:25:39.175Z] message-hooks: found synthetic text at [51]: "<path>/home/rlevidev/Projetos/rinha-2026/rinha-bac..." matches=false
[2026-06-02T02:25:39.175Z] message-hooks: found synthetic text at [51]: "Called the Read tool with the following input: {"f..." matches=false
[2026-06-02T02:25:39.175Z] message-hooks: found synthetic text at [51]: "<path>/home/rlevidev/Projetos/rinha-2026/docs/br/<..." matches=false
[2026-06-02T02:25:39.175Z] message-hooks: found synthetic text at [51]: "<system-reminder>
# Plan Mode - System Reminder

C..." matches=false
[2026-06-02T02:25:39.175Z] message-hooks: generic search complete, found=false, index=-1
[2026-06-02T02:25:39.175Z] message-hooks: no generic part found, checking for pending prompt return
[2026-06-02T02:25:50.503Z] message-hooks: ENTRY msgCount=64, sessions=ses_179fa6dd5ffes60VLPY7DAUkWq
[2026-06-02T02:25:50.503Z] message-hooks: MESSAGES: [0]user: text:"Continue com a execução do plano @docs/s...", file, text:"Called the Read tool with the following ..."(syn), text:"<path>/home/rlevidev/Projetos/rinha-2026..."(syn) | [1]assistant: step-start, reasoning, tool:completed, step-finish, patch | [2]assistant: step-start, reasoning, text:"I'm using the executing-plans skill to i...", tool:completed, tool:completed, step-finish, patch | [3]assistant: step-start, reasoning, tool:completed, tool:completed, tool:completed, step-finish, patch | [4]assistant: step-start, reasoning, tool:completed, tool:completed, tool:completed, step-finish, patch | [5]assistant: step-start, reasoning, tool:completed, tool:completed, tool:completed, step-finish, patch | [6]assistant: step-start, reasoning, tool:completed, tool:completed, tool:completed, step-finish, patch | [7]assistant: step-start, reasoning, tool:completed, tool:completed, tool:completed, step-finish, patch | [8]assistant: step-start, reasoning, tool:completed, tool:completed, tool:completed, step-finish, patch | [9]assistant: step-start, reasoning, tool:completed, tool:completed, tool:completed, step-finish, patch | [10]assistant: step-start, reasoning, text:"Now I understand the state. Tasks 1-3 ar...", tool:completed, tool:completed, step-finish, patch | [11]assistant: step-start, reasoning, tool:completed, step-finish, patch | [12]assistant: step-start, tool:completed, step-finish, patch | [13]assistant: step-start, tool:completed, step-finish, patch | [14]assistant: step-start, reasoning, tool:completed, tool:completed, step-finish, patch | [15]assistant: step-start, reasoning, tool:completed, step-finish, patch | [16]assistant: step-start, reasoning, tool:completed, step-finish, patch | [17]assistant: step-start, reasoning, tool:completed, tool:completed, step-finish, patch | [18]assistant: step-start, reasoning, tool:completed, tool:completed, step-finish, patch | [19]assistant: step-start, tool:completed, step-finish, patch | [20]assistant: step-start, tool:completed, tool:completed, step-finish, patch | [21]assistant: step-start, tool:completed, step-finish, patch | [22]assistant: step-start, reasoning, tool:completed, step-finish, patch | [23]assistant: step-start, reasoning, tool:completed, step-finish, patch | [24]assistant: step-start, reasoning, tool:completed, step-finish, patch | [25]assistant: step-start, reasoning, tool:completed, step-finish, patch | [26]assistant: step-start, reasoning, tool:completed, step-finish, patch | [27]assistant: step-start, reasoning, tool:completed, tool:completed, step-finish, patch | [28]assistant: step-start, reasoning, text:"Since Docker isn't available in this env...", tool:completed, step-finish, patch | [29]assistant: step-start, tool:completed, step-finish, patch | [30]assistant: step-start, reasoning, tool:completed, tool:completed, step-finish, patch | [31]assistant: step-start, tool:completed, step-finish, patch | [32]assistant: step-start, reasoning, tool:completed, step-finish, patch | [33]assistant: step-start, tool:completed, step-finish, patch | [34]assistant: step-start, reasoning, tool:completed, tool:completed, step-finish, patch | [35]assistant: step-start, tool:completed, step-finish, patch | [36]assistant: step-start, reasoning, tool:completed, tool:completed, step-finish, patch | [37]assistant: step-start, reasoning, tool:completed, tool:completed, step-finish, patch | [38]assistant: step-start, reasoning, tool:completed, step-finish, patch | [39]assistant: step-start, reasoning, tool:completed, tool:completed, step-finish, patch | [40]assistant: step-start, reasoning, tool:completed, step-finish, patch | [41]assistant: step-start, reasoning, tool:completed, step-finish, patch | [42]assistant: step-start, tool:completed, step-finish, patch | [43]assistant: step-start, tool:completed, tool:completed, step-finish, patch | [44]assistant: step-start, reasoning, text:"Now I'll use the finishing-a-development...", tool:completed, step-finish, patch | [45]assistant: step-start, reasoning, text:"I'm using the finishing-a-development-br...", tool:completed, tool:completed, step-finish, patch | [46]assistant: step-start, reasoning, text:"Tests all pass. Plan complete — 7 new co...", step-finish, patch | [47]user: text:"Acabei de fazer push dos commits para qu..." | [48]assistant: step-start, reasoning, tool:completed, tool:completed, step-finish, patch | [49]assistant: step-start, reasoning, tool:completed, step-finish, patch | [50]assistant: step-start, reasoning, text:"Não, está pronto. O CI rodou em 36s e o ...", step-finish, patch | [51]user: text:"Após rodar os testes(https://github.com/...", file, file, file, file, text:"Called the Read tool with the following ..."(syn), text:"<path>/home/rlevidev/Projetos/rinha-2026..."(syn), text:"Called the Read tool with the following ..."(syn), text:"<path>/home/rlevidev/Projetos/rinha-2026..."(syn), text:"Called the Read tool with the following ..."(syn), text:"<path>/home/rlevidev/Projetos/rinha-2026..."(syn), text:"Called the Read tool with the following ..."(syn), text:"<path>/home/rlevidev/Projetos/rinha-2026..."(syn), text:"<system-reminder>
# Plan Mode - System R..."(syn) | [52]assistant: step-start, reasoning, text:"Vou usar a skill de brainstorming para p...", tool:completed, step-finish, patch | [53]assistant: step-start, reasoning, tool:completed, tool:completed, tool:completed, tool:completed, step-finish, patch | [54]assistant: step-start, reasoning, tool:completed, tool:completed, tool:completed, step-finish, patch | [55]assistant: step-start, reasoning, tool:completed, tool:completed, tool:completed, step-finish, patch | [56]assistant: step-start, reasoning, tool:completed, tool:completed, tool:completed, tool:completed, tool:completed, step-finish, patch | [57]assistant: step-start, reasoning, tool:completed, tool:completed, tool:completed, tool:completed, step-finish, patch | [58]assistant: step-start, reasoning, tool:completed, tool:completed, tool:completed, tool:completed, tool:completed, tool:completed, step-finish, patch | [59]assistant: step-start, reasoning, tool:completed, tool:completed, step-finish, patch | [60]assistant: step-start, reasoning, tool:completed, tool:completed, tool:completed, step-finish, patch | [61]assistant: step-start, reasoning, tool:completed, tool:completed, step-finish, patch | [62]assistant: step-start, reasoning, tool:completed, tool:completed, step-finish, patch | [63]assistant: step-start, tool:completed, tool:completed, tool:completed, step-finish, patch
[2026-06-02T02:25:50.503Z] message-hooks: post-filter, msgCount=64
[2026-06-02T02:25:50.503Z] message-hooks: about to search for OPENCODE_GENERIC
[2026-06-02T02:25:50.503Z] message-hooks: searching 64 messages for OPENCODE_GENERIC
[2026-06-02T02:25:50.503Z] message-hooks: found synthetic text at [0]: "Called the Read tool with the following input: {"f..." matches=false
[2026-06-02T02:25:50.503Z] message-hooks: found synthetic text at [0]: "<path>/home/rlevidev/Projetos/rinha-2026/docs/supe..." matches=false
[2026-06-02T02:25:50.503Z] message-hooks: found synthetic text at [51]: "Called the Read tool with the following input: {"f..." matches=false
[2026-06-02T02:25:50.503Z] message-hooks: found synthetic text at [51]: "<path>/home/rlevidev/Projetos/rinha-2026/results/r..." matches=false
[2026-06-02T02:25:50.503Z] message-hooks: found synthetic text at [51]: "Called the Read tool with the following input: {"f..." matches=false
[2026-06-02T02:25:50.503Z] message-hooks: found synthetic text at [51]: "<path>/home/rlevidev/Projetos/rinha-2026/oponents/..." matches=false
[2026-06-02T02:25:50.503Z] message-hooks: found synthetic text at [51]: "Called the Read tool with the following input: {"f..." matches=false
[2026-06-02T02:25:50.503Z] message-hooks: found synthetic text at [51]: "<path>/home/rlevidev/Projetos/rinha-2026/rinha-bac..." matches=false
[2026-06-02T02:25:50.503Z] message-hooks: found synthetic text at [51]: "Called the Read tool with the following input: {"f..." matches=false
[2026-06-02T02:25:50.503Z] message-hooks: found synthetic text at [51]: "<path>/home/rlevidev/Projetos/rinha-2026/docs/br/<..." matches=false
[2026-06-02T02:25:50.503Z] message-hooks: found synthetic text at [51]: "<system-reminder>
# Plan Mode - System Reminder

C..." matches=false
[2026-06-02T02:25:50.503Z] message-hooks: generic search complete, found=false, index=-1
[2026-06-02T02:25:50.503Z] message-hooks: no generic part found, checking for pending prompt return
[2026-06-02T02:26:02.121Z] message-hooks: ENTRY msgCount=65, sessions=ses_179fa6dd5ffes60VLPY7DAUkWq
[2026-06-02T02:26:02.121Z] message-hooks: MESSAGES: [0]user: text:"Continue com a execução do plano @docs/s...", file, text:"Called the Read tool with the following ..."(syn), text:"<path>/home/rlevidev/Projetos/rinha-2026..."(syn) | [1]assistant: step-start, reasoning, tool:completed, step-finish, patch | [2]assistant: step-start, reasoning, text:"I'm using the executing-plans skill to i...", tool:completed, tool:completed, step-finish, patch | [3]assistant: step-start, reasoning, tool:completed, tool:completed, tool:completed, step-finish, patch | [4]assistant: step-start, reasoning, tool:completed, tool:completed, tool:completed, step-finish, patch | [5]assistant: step-start, reasoning, tool:completed, tool:completed, tool:completed, step-finish, patch | [6]assistant: step-start, reasoning, tool:completed, tool:completed, tool:completed, step-finish, patch | [7]assistant: step-start, reasoning, tool:completed, tool:completed, tool:completed, step-finish, patch | [8]assistant: step-start, reasoning, tool:completed, tool:completed, tool:completed, step-finish, patch | [9]assistant: step-start, reasoning, tool:completed, tool:completed, tool:completed, step-finish, patch | [10]assistant: step-start, reasoning, text:"Now I understand the state. Tasks 1-3 ar...", tool:completed, tool:completed, step-finish, patch | [11]assistant: step-start, reasoning, tool:completed, step-finish, patch | [12]assistant: step-start, tool:completed, step-finish, patch | [13]assistant: step-start, tool:completed, step-finish, patch | [14]assistant: step-start, reasoning, tool:completed, tool:completed, step-finish, patch | [15]assistant: step-start, reasoning, tool:completed, step-finish, patch | [16]assistant: step-start, reasoning, tool:completed, step-finish, patch | [17]assistant: step-start, reasoning, tool:completed, tool:completed, step-finish, patch | [18]assistant: step-start, reasoning, tool:completed, tool:completed, step-finish, patch | [19]assistant: step-start, tool:completed, step-finish, patch | [20]assistant: step-start, tool:completed, tool:completed, step-finish, patch | [21]assistant: step-start, tool:completed, step-finish, patch | [22]assistant: step-start, reasoning, tool:completed, step-finish, patch | [23]assistant: step-start, reasoning, tool:completed, step-finish, patch | [24]assistant: step-start, reasoning, tool:completed, step-finish, patch | [25]assistant: step-start, reasoning, tool:completed, step-finish, patch | [26]assistant: step-start, reasoning, tool:completed, step-finish, patch | [27]assistant: step-start, reasoning, tool:completed, tool:completed, step-finish, patch | [28]assistant: step-start, reasoning, text:"Since Docker isn't available in this env...", tool:completed, step-finish, patch | [29]assistant: step-start, tool:completed, step-finish, patch | [30]assistant: step-start, reasoning, tool:completed, tool:completed, step-finish, patch | [31]assistant: step-start, tool:completed, step-finish, patch | [32]assistant: step-start, reasoning, tool:completed, step-finish, patch | [33]assistant: step-start, tool:completed, step-finish, patch | [34]assistant: step-start, reasoning, tool:completed, tool:completed, step-finish, patch | [35]assistant: step-start, tool:completed, step-finish, patch | [36]assistant: step-start, reasoning, tool:completed, tool:completed, step-finish, patch | [37]assistant: step-start, reasoning, tool:completed, tool:completed, step-finish, patch | [38]assistant: step-start, reasoning, tool:completed, step-finish, patch | [39]assistant: step-start, reasoning, tool:completed, tool:completed, step-finish, patch | [40]assistant: step-start, reasoning, tool:completed, step-finish, patch | [41]assistant: step-start, reasoning, tool:completed, step-finish, patch | [42]assistant: step-start, tool:completed, step-finish, patch | [43]assistant: step-start, tool:completed, tool:completed, step-finish, patch | [44]assistant: step-start, reasoning, text:"Now I'll use the finishing-a-development...", tool:completed, step-finish, patch | [45]assistant: step-start, reasoning, text:"I'm using the finishing-a-development-br...", tool:completed, tool:completed, step-finish, patch | [46]assistant: step-start, reasoning, text:"Tests all pass. Plan complete — 7 new co...", step-finish, patch | [47]user: text:"Acabei de fazer push dos commits para qu..." | [48]assistant: step-start, reasoning, tool:completed, tool:completed, step-finish, patch | [49]assistant: step-start, reasoning, tool:completed, step-finish, patch | [50]assistant: step-start, reasoning, text:"Não, está pronto. O CI rodou em 36s e o ...", step-finish, patch | [51]user: text:"Após rodar os testes(https://github.com/...", file, file, file, file, text:"Called the Read tool with the following ..."(syn), text:"<path>/home/rlevidev/Projetos/rinha-2026..."(syn), text:"Called the Read tool with the following ..."(syn), text:"<path>/home/rlevidev/Projetos/rinha-2026..."(syn), text:"Called the Read tool with the following ..."(syn), text:"<path>/home/rlevidev/Projetos/rinha-2026..."(syn), text:"Called the Read tool with the following ..."(syn), text:"<path>/home/rlevidev/Projetos/rinha-2026..."(syn), text:"<system-reminder>
# Plan Mode - System R..."(syn) | [52]assistant: step-start, reasoning, text:"Vou usar a skill de brainstorming para p...", tool:completed, step-finish, patch | [53]assistant: step-start, reasoning, tool:completed, tool:completed, tool:completed, tool:completed, step-finish, patch | [54]assistant: step-start, reasoning, tool:completed, tool:completed, tool:completed, step-finish, patch | [55]assistant: step-start, reasoning, tool:completed, tool:completed, tool:completed, step-finish, patch | [56]assistant: step-start, reasoning, tool:completed, tool:completed, tool:completed, tool:completed, tool:completed, step-finish, patch | [57]assistant: step-start, reasoning, tool:completed, tool:completed, tool:completed, tool:completed, step-finish, patch | [58]assistant: step-start, reasoning, tool:completed, tool:completed, tool:completed, tool:completed, tool:completed, tool:completed, step-finish, patch | [59]assistant: step-start, reasoning, tool:completed, tool:completed, step-finish, patch | [60]assistant: step-start, reasoning, tool:completed, tool:completed, tool:completed, step-finish, patch | [61]assistant: step-start, reasoning, tool:completed, tool:completed, step-finish, patch | [62]assistant: step-start, reasoning, tool:completed, tool:completed, step-finish, patch | [63]assistant: step-start, tool:completed, tool:completed, tool:completed, step-finish, patch | [64]assistant: step-start, tool:completed, tool:completed, tool:completed, step-finish, patch
[2026-06-02T02:26:02.121Z] message-hooks: post-filter, msgCount=65
[2026-06-02T02:26:02.121Z] message-hooks: about to search for OPENCODE_GENERIC
[2026-06-02T02:26:02.121Z] message-hooks: searching 65 messages for OPENCODE_GENERIC
[2026-06-02T02:26:02.121Z] message-hooks: found synthetic text at [0]: "Called the Read tool with the following input: {"f..." matches=false
[2026-06-02T02:26:02.121Z] message-hooks: found synthetic text at [0]: "<path>/home/rlevidev/Projetos/rinha-2026/docs/supe..." matches=false
[2026-06-02T02:26:02.121Z] message-hooks: found synthetic text at [51]: "Called the Read tool with the following input: {"f..." matches=false
[2026-06-02T02:26:02.121Z] message-hooks: found synthetic text at [51]: "<path>/home/rlevidev/Projetos/rinha-2026/results/r..." matches=false
[2026-06-02T02:26:02.121Z] message-hooks: found synthetic text at [51]: "Called the Read tool with the following input: {"f..." matches=false
[2026-06-02T02:26:02.121Z] message-hooks: found synthetic text at [51]: "<path>/home/rlevidev/Projetos/rinha-2026/oponents/..." matches=false
[2026-06-02T02:26:02.121Z] message-hooks: found synthetic text at [51]: "Called the Read tool with the following input: {"f..." matches=false
[2026-06-02T02:26:02.121Z] message-hooks: found synthetic text at [51]: "<path>/home/rlevidev/Projetos/rinha-2026/rinha-bac..." matches=false
[2026-06-02T02:26:02.121Z] message-hooks: found synthetic text at [51]: "Called the Read tool with the following input: {"f..." matches=false
[2026-06-02T02:26:02.121Z] message-hooks: found synthetic text at [51]: "<path>/home/rlevidev/Projetos/rinha-2026/docs/br/<..." matches=false
[2026-06-02T02:26:02.121Z] message-hooks: found synthetic text at [51]: "<system-reminder>
# Plan Mode - System Reminder

C..." matches=false
[2026-06-02T02:26:02.121Z] message-hooks: generic search complete, found=false, index=-1
[2026-06-02T02:26:02.121Z] message-hooks: no generic part found, checking for pending prompt return
[2026-06-02T02:27:32.994Z] message-hooks: ENTRY msgCount=66, sessions=ses_179fa6dd5ffes60VLPY7DAUkWq
[2026-06-02T02:27:32.994Z] message-hooks: MESSAGES: [0]user: text:"Continue com a execução do plano @docs/s...", file, text:"Called the Read tool with the following ..."(syn), text:"<path>/home/rlevidev/Projetos/rinha-2026..."(syn) | [1]assistant: step-start, reasoning, tool:completed, step-finish, patch | [2]assistant: step-start, reasoning, text:"I'm using the executing-plans skill to i...", tool:completed, tool:completed, step-finish, patch | [3]assistant: step-start, reasoning, tool:completed, tool:completed, tool:completed, step-finish, patch | [4]assistant: step-start, reasoning, tool:completed, tool:completed, tool:completed, step-finish, patch | [5]assistant: step-start, reasoning, tool:completed, tool:completed, tool:completed, step-finish, patch | [6]assistant: step-start, reasoning, tool:completed, tool:completed, tool:completed, step-finish, patch | [7]assistant: step-start, reasoning, tool:completed, tool:completed, tool:completed, step-finish, patch | [8]assistant: step-start, reasoning, tool:completed, tool:completed, tool:completed, step-finish, patch | [9]assistant: step-start, reasoning, tool:completed, tool:completed, tool:completed, step-finish, patch | [10]assistant: step-start, reasoning, text:"Now I understand the state. Tasks 1-3 ar...", tool:completed, tool:completed, step-finish, patch | [11]assistant: step-start, reasoning, tool:completed, step-finish, patch | [12]assistant: step-start, tool:completed, step-finish, patch | [13]assistant: step-start, tool:completed, step-finish, patch | [14]assistant: step-start, reasoning, tool:completed, tool:completed, step-finish, patch | [15]assistant: step-start, reasoning, tool:completed, step-finish, patch | [16]assistant: step-start, reasoning, tool:completed, step-finish, patch | [17]assistant: step-start, reasoning, tool:completed, tool:completed, step-finish, patch | [18]assistant: step-start, reasoning, tool:completed, tool:completed, step-finish, patch | [19]assistant: step-start, tool:completed, step-finish, patch | [20]assistant: step-start, tool:completed, tool:completed, step-finish, patch | [21]assistant: step-start, tool:completed, step-finish, patch | [22]assistant: step-start, reasoning, tool:completed, step-finish, patch | [23]assistant: step-start, reasoning, tool:completed, step-finish, patch | [24]assistant: step-start, reasoning, tool:completed, step-finish, patch | [25]assistant: step-start, reasoning, tool:completed, step-finish, patch | [26]assistant: step-start, reasoning, tool:completed, step-finish, patch | [27]assistant: step-start, reasoning, tool:completed, tool:completed, step-finish, patch | [28]assistant: step-start, reasoning, text:"Since Docker isn't available in this env...", tool:completed, step-finish, patch | [29]assistant: step-start, tool:completed, step-finish, patch | [30]assistant: step-start, reasoning, tool:completed, tool:completed, step-finish, patch | [31]assistant: step-start, tool:completed, step-finish, patch | [32]assistant: step-start, reasoning, tool:completed, step-finish, patch | [33]assistant: step-start, tool:completed, step-finish, patch | [34]assistant: step-start, reasoning, tool:completed, tool:completed, step-finish, patch | [35]assistant: step-start, tool:completed, step-finish, patch | [36]assistant: step-start, reasoning, tool:completed, tool:completed, step-finish, patch | [37]assistant: step-start, reasoning, tool:completed, tool:completed, step-finish, patch | [38]assistant: step-start, reasoning, tool:completed, step-finish, patch | [39]assistant: step-start, reasoning, tool:completed, tool:completed, step-finish, patch | [40]assistant: step-start, reasoning, tool:completed, step-finish, patch | [41]assistant: step-start, reasoning, tool:completed, step-finish, patch | [42]assistant: step-start, tool:completed, step-finish, patch | [43]assistant: step-start, tool:completed, tool:completed, step-finish, patch | [44]assistant: step-start, reasoning, text:"Now I'll use the finishing-a-development...", tool:completed, step-finish, patch | [45]assistant: step-start, reasoning, text:"I'm using the finishing-a-development-br...", tool:completed, tool:completed, step-finish, patch | [46]assistant: step-start, reasoning, text:"Tests all pass. Plan complete — 7 new co...", step-finish, patch | [47]user: text:"Acabei de fazer push dos commits para qu..." | [48]assistant: step-start, reasoning, tool:completed, tool:completed, step-finish, patch | [49]assistant: step-start, reasoning, tool:completed, step-finish, patch | [50]assistant: step-start, reasoning, text:"Não, está pronto. O CI rodou em 36s e o ...", step-finish, patch | [51]user: text:"Após rodar os testes(https://github.com/...", file, file, file, file, text:"Called the Read tool with the following ..."(syn), text:"<path>/home/rlevidev/Projetos/rinha-2026..."(syn), text:"Called the Read tool with the following ..."(syn), text:"<path>/home/rlevidev/Projetos/rinha-2026..."(syn), text:"Called the Read tool with the following ..."(syn), text:"<path>/home/rlevidev/Projetos/rinha-2026..."(syn), text:"Called the Read tool with the following ..."(syn), text:"<path>/home/rlevidev/Projetos/rinha-2026..."(syn), text:"<system-reminder>
# Plan Mode - System R..."(syn) | [52]assistant: step-start, reasoning, text:"Vou usar a skill de brainstorming para p...", tool:completed, step-finish, patch | [53]assistant: step-start, reasoning, tool:completed, tool:completed, tool:completed, tool:completed, step-finish, patch | [54]assistant: step-start, reasoning, tool:completed, tool:completed, tool:completed, step-finish, patch | [55]assistant: step-start, reasoning, tool:completed, tool:completed, tool:completed, step-finish, patch | [56]assistant: step-start, reasoning, tool:completed, tool:completed, tool:completed, tool:completed, tool:completed, step-finish, patch | [57]assistant: step-start, reasoning, tool:completed, tool:completed, tool:completed, tool:completed, step-finish, patch | [58]assistant: step-start, reasoning, tool:completed, tool:completed, tool:completed, tool:completed, tool:completed, tool:completed, step-finish, patch | [59]assistant: step-start, reasoning, tool:completed, tool:completed, step-finish, patch | [60]assistant: step-start, reasoning, tool:completed, tool:completed, tool:completed, step-finish, patch | [61]assistant: step-start, reasoning, tool:completed, tool:completed, step-finish, patch | [62]assistant: step-start, reasoning, tool:completed, tool:completed, step-finish, patch | [63]assistant: step-start, tool:completed, tool:completed, tool:completed, step-finish, patch | [64]assistant: step-start, tool:completed, tool:completed, tool:completed, step-finish, patch | [65]assistant: step-start, reasoning, text:"Li tudo: docs em `docs/br/`, README do V...", tool:completed, step-finish, patch
[2026-06-02T02:27:32.994Z] message-hooks: post-filter, msgCount=66
[2026-06-02T02:27:32.994Z] message-hooks: about to search for OPENCODE_GENERIC
[2026-06-02T02:27:32.994Z] message-hooks: searching 66 messages for OPENCODE_GENERIC
[2026-06-02T02:27:32.994Z] message-hooks: found synthetic text at [0]: "Called the Read tool with the following input: {"f..." matches=false
[2026-06-02T02:27:32.994Z] message-hooks: found synthetic text at [0]: "<path>/home/rlevidev/Projetos/rinha-2026/docs/supe..." matches=false
[2026-06-02T02:27:32.994Z] message-hooks: found synthetic text at [51]: "Called the Read tool with the following input: {"f..." matches=false
[2026-06-02T02:27:32.994Z] message-hooks: found synthetic text at [51]: "<path>/home/rlevidev/Projetos/rinha-2026/results/r..." matches=false
[2026-06-02T02:27:32.994Z] message-hooks: found synthetic text at [51]: "Called the Read tool with the following input: {"f..." matches=false
[2026-06-02T02:27:32.994Z] message-hooks: found synthetic text at [51]: "<path>/home/rlevidev/Projetos/rinha-2026/oponents/..." matches=false
[2026-06-02T02:27:32.994Z] message-hooks: found synthetic text at [51]: "Called the Read tool with the following input: {"f..." matches=false
[2026-06-02T02:27:32.994Z] message-hooks: found synthetic text at [51]: "<path>/home/rlevidev/Projetos/rinha-2026/rinha-bac..." matches=false
[2026-06-02T02:27:32.994Z] message-hooks: found synthetic text at [51]: "Called the Read tool with the following input: {"f..." matches=false
[2026-06-02T02:27:32.994Z] message-hooks: found synthetic text at [51]: "<path>/home/rlevidev/Projetos/rinha-2026/docs/br/<..." matches=false
[2026-06-02T02:27:32.994Z] message-hooks: found synthetic text at [51]: "<system-reminder>
# Plan Mode - System Reminder

C..." matches=false
[2026-06-02T02:27:32.994Z] message-hooks: generic search complete, found=false, index=-1
[2026-06-02T02:27:32.994Z] message-hooks: no generic part found, checking for pending prompt return
[2026-06-02T02:29:37.384Z] message-hooks: ENTRY msgCount=67, sessions=ses_179fa6dd5ffes60VLPY7DAUkWq
[2026-06-02T02:29:37.384Z] message-hooks: MESSAGES: [0]user: text:"Continue com a execução do plano @docs/s...", file, text:"Called the Read tool with the following ..."(syn), text:"<path>/home/rlevidev/Projetos/rinha-2026..."(syn) | [1]assistant: step-start, reasoning, tool:completed, step-finish, patch | [2]assistant: step-start, reasoning, text:"I'm using the executing-plans skill to i...", tool:completed, tool:completed, step-finish, patch | [3]assistant: step-start, reasoning, tool:completed, tool:completed, tool:completed, step-finish, patch | [4]assistant: step-start, reasoning, tool:completed, tool:completed, tool:completed, step-finish, patch | [5]assistant: step-start, reasoning, tool:completed, tool:completed, tool:completed, step-finish, patch | [6]assistant: step-start, reasoning, tool:completed, tool:completed, tool:completed, step-finish, patch | [7]assistant: step-start, reasoning, tool:completed, tool:completed, tool:completed, step-finish, patch | [8]assistant: step-start, reasoning, tool:completed, tool:completed, tool:completed, step-finish, patch | [9]assistant: step-start, reasoning, tool:completed, tool:completed, tool:completed, step-finish, patch | [10]assistant: step-start, reasoning, text:"Now I understand the state. Tasks 1-3 ar...", tool:completed, tool:completed, step-finish, patch | [11]assistant: step-start, reasoning, tool:completed, step-finish, patch | [12]assistant: step-start, tool:completed, step-finish, patch | [13]assistant: step-start, tool:completed, step-finish, patch | [14]assistant: step-start, reasoning, tool:completed, tool:completed, step-finish, patch | [15]assistant: step-start, reasoning, tool:completed, step-finish, patch | [16]assistant: step-start, reasoning, tool:completed, step-finish, patch | [17]assistant: step-start, reasoning, tool:completed, tool:completed, step-finish, patch | [18]assistant: step-start, reasoning, tool:completed, tool:completed, step-finish, patch | [19]assistant: step-start, tool:completed, step-finish, patch | [20]assistant: step-start, tool:completed, tool:completed, step-finish, patch | [21]assistant: step-start, tool:completed, step-finish, patch | [22]assistant: step-start, reasoning, tool:completed, step-finish, patch | [23]assistant: step-start, reasoning, tool:completed, step-finish, patch | [24]assistant: step-start, reasoning, tool:completed, step-finish, patch | [25]assistant: step-start, reasoning, tool:completed, step-finish, patch | [26]assistant: step-start, reasoning, tool:completed, step-finish, patch | [27]assistant: step-start, reasoning, tool:completed, tool:completed, step-finish, patch | [28]assistant: step-start, reasoning, text:"Since Docker isn't available in this env...", tool:completed, step-finish, patch | [29]assistant: step-start, tool:completed, step-finish, patch | [30]assistant: step-start, reasoning, tool:completed, tool:completed, step-finish, patch | [31]assistant: step-start, tool:completed, step-finish, patch | [32]assistant: step-start, reasoning, tool:completed, step-finish, patch | [33]assistant: step-start, tool:completed, step-finish, patch | [34]assistant: step-start, reasoning, tool:completed, tool:completed, step-finish, patch | [35]assistant: step-start, tool:completed, step-finish, patch | [36]assistant: step-start, reasoning, tool:completed, tool:completed, step-finish, patch | [37]assistant: step-start, reasoning, tool:completed, tool:completed, step-finish, patch | [38]assistant: step-start, reasoning, tool:completed, step-finish, patch | [39]assistant: step-start, reasoning, tool:completed, tool:completed, step-finish, patch | [40]assistant: step-start, reasoning, tool:completed, step-finish, patch | [41]assistant: step-start, reasoning, tool:completed, step-finish, patch | [42]assistant: step-start, tool:completed, step-finish, patch | [43]assistant: step-start, tool:completed, tool:completed, step-finish, patch | [44]assistant: step-start, reasoning, text:"Now I'll use the finishing-a-development...", tool:completed, step-finish, patch | [45]assistant: step-start, reasoning, text:"I'm using the finishing-a-development-br...", tool:completed, tool:completed, step-finish, patch | [46]assistant: step-start, reasoning, text:"Tests all pass. Plan complete — 7 new co...", step-finish, patch | [47]user: text:"Acabei de fazer push dos commits para qu..." | [48]assistant: step-start, reasoning, tool:completed, tool:completed, step-finish, patch | [49]assistant: step-start, reasoning, tool:completed, step-finish, patch | [50]assistant: step-start, reasoning, text:"Não, está pronto. O CI rodou em 36s e o ...", step-finish, patch | [51]user: text:"Após rodar os testes(https://github.com/...", file, file, file, file, text:"Called the Read tool with the following ..."(syn), text:"<path>/home/rlevidev/Projetos/rinha-2026..."(syn), text:"Called the Read tool with the following ..."(syn), text:"<path>/home/rlevidev/Projetos/rinha-2026..."(syn), text:"Called the Read tool with the following ..."(syn), text:"<path>/home/rlevidev/Projetos/rinha-2026..."(syn), text:"Called the Read tool with the following ..."(syn), text:"<path>/home/rlevidev/Projetos/rinha-2026..."(syn), text:"<system-reminder>
# Plan Mode - System R..."(syn) | [52]assistant: step-start, reasoning, text:"Vou usar a skill de brainstorming para p...", tool:completed, step-finish, patch | [53]assistant: step-start, reasoning, tool:completed, tool:completed, tool:completed, tool:completed, step-finish, patch | [54]assistant: step-start, reasoning, tool:completed, tool:completed, tool:completed, step-finish, patch | [55]assistant: step-start, reasoning, tool:completed, tool:completed, tool:completed, step-finish, patch | [56]assistant: step-start, reasoning, tool:completed, tool:completed, tool:completed, tool:completed, tool:completed, step-finish, patch | [57]assistant: step-start, reasoning, tool:completed, tool:completed, tool:completed, tool:completed, step-finish, patch | [58]assistant: step-start, reasoning, tool:completed, tool:completed, tool:completed, tool:completed, tool:completed, tool:completed, step-finish, patch | [59]assistant: step-start, reasoning, tool:completed, tool:completed, step-finish, patch | [60]assistant: step-start, reasoning, tool:completed, tool:completed, tool:completed, step-finish, patch | [61]assistant: step-start, reasoning, tool:completed, tool:completed, step-finish, patch | [62]assistant: step-start, reasoning, tool:completed, tool:completed, step-finish, patch | [63]assistant: step-start, tool:completed, tool:completed, tool:completed, step-finish, patch | [64]assistant: step-start, tool:completed, tool:completed, tool:completed, step-finish, patch | [65]assistant: step-start, reasoning, text:"Li tudo: docs em `docs/br/`, README do V...", tool:completed, step-finish, patch | [66]assistant: step-start, reasoning, text:"Antes de propor as abordagens, preciso e...", tool:completed, step-finish, patch
[2026-06-02T02:29:37.384Z] message-hooks: post-filter, msgCount=67
[2026-06-02T02:29:37.384Z] message-hooks: about to search for OPENCODE_GENERIC
[2026-06-02T02:29:37.384Z] message-hooks: searching 67 messages for OPENCODE_GENERIC
[2026-06-02T02:29:37.384Z] message-hooks: found synthetic text at [0]: "Called the Read tool with the following input: {"f..." matches=false
[2026-06-02T02:29:37.384Z] message-hooks: found synthetic text at [0]: "<path>/home/rlevidev/Projetos/rinha-2026/docs/supe..." matches=false
[2026-06-02T02:29:37.384Z] message-hooks: found synthetic text at [51]: "Called the Read tool with the following input: {"f..." matches=false
[2026-06-02T02:29:37.384Z] message-hooks: found synthetic text at [51]: "<path>/home/rlevidev/Projetos/rinha-2026/results/r..." matches=false
[2026-06-02T02:29:37.384Z] message-hooks: found synthetic text at [51]: "Called the Read tool with the following input: {"f..." matches=false
[2026-06-02T02:29:37.384Z] message-hooks: found synthetic text at [51]: "<path>/home/rlevidev/Projetos/rinha-2026/oponents/..." matches=false
[2026-06-02T02:29:37.384Z] message-hooks: found synthetic text at [51]: "Called the Read tool with the following input: {"f..." matches=false
[2026-06-02T02:29:37.384Z] message-hooks: found synthetic text at [51]: "<path>/home/rlevidev/Projetos/rinha-2026/rinha-bac..." matches=false
[2026-06-02T02:29:37.384Z] message-hooks: found synthetic text at [51]: "Called the Read tool with the following input: {"f..." matches=false
[2026-06-02T02:29:37.384Z] message-hooks: found synthetic text at [51]: "<path>/home/rlevidev/Projetos/rinha-2026/docs/br/<..." matches=false
[2026-06-02T02:29:37.384Z] message-hooks: found synthetic text at [51]: "<system-reminder>
# Plan Mode - System Reminder

C..." matches=false
[2026-06-02T02:29:37.384Z] message-hooks: generic search complete, found=false, index=-1
[2026-06-02T02:29:37.384Z] message-hooks: no generic part found, checking for pending prompt return
[2026-06-02T02:31:32.593Z] message-hooks: ENTRY msgCount=68, sessions=ses_179fa6dd5ffes60VLPY7DAUkWq
[2026-06-02T02:31:32.593Z] message-hooks: MESSAGES: [0]user: text:"Continue com a execução do plano @docs/s...", file, text:"Called the Read tool with the following ..."(syn), text:"<path>/home/rlevidev/Projetos/rinha-2026..."(syn) | [1]assistant: step-start, reasoning, tool:completed, step-finish, patch | [2]assistant: step-start, reasoning, text:"I'm using the executing-plans skill to i...", tool:completed, tool:completed, step-finish, patch | [3]assistant: step-start, reasoning, tool:completed, tool:completed, tool:completed, step-finish, patch | [4]assistant: step-start, reasoning, tool:completed, tool:completed, tool:completed, step-finish, patch | [5]assistant: step-start, reasoning, tool:completed, tool:completed, tool:completed, step-finish, patch | [6]assistant: step-start, reasoning, tool:completed, tool:completed, tool:completed, step-finish, patch | [7]assistant: step-start, reasoning, tool:completed, tool:completed, tool:completed, step-finish, patch | [8]assistant: step-start, reasoning, tool:completed, tool:completed, tool:completed, step-finish, patch | [9]assistant: step-start, reasoning, tool:completed, tool:completed, tool:completed, step-finish, patch | [10]assistant: step-start, reasoning, text:"Now I understand the state. Tasks 1-3 ar...", tool:completed, tool:completed, step-finish, patch | [11]assistant: step-start, reasoning, tool:completed, step-finish, patch | [12]assistant: step-start, tool:completed, step-finish, patch | [13]assistant: step-start, tool:completed, step-finish, patch | [14]assistant: step-start, reasoning, tool:completed, tool:completed, step-finish, patch | [15]assistant: step-start, reasoning, tool:completed, step-finish, patch | [16]assistant: step-start, reasoning, tool:completed, step-finish, patch | [17]assistant: step-start, reasoning, tool:completed, tool:completed, step-finish, patch | [18]assistant: step-start, reasoning, tool:completed, tool:completed, step-finish, patch | [19]assistant: step-start, tool:completed, step-finish, patch | [20]assistant: step-start, tool:completed, tool:completed, step-finish, patch | [21]assistant: step-start, tool:completed, step-finish, patch | [22]assistant: step-start, reasoning, tool:completed, step-finish, patch | [23]assistant: step-start, reasoning, tool:completed, step-finish, patch | [24]assistant: step-start, reasoning, tool:completed, step-finish, patch | [25]assistant: step-start, reasoning, tool:completed, step-finish, patch | [26]assistant: step-start, reasoning, tool:completed, step-finish, patch | [27]assistant: step-start, reasoning, tool:completed, tool:completed, step-finish, patch | [28]assistant: step-start, reasoning, text:"Since Docker isn't available in this env...", tool:completed, step-finish, patch | [29]assistant: step-start, tool:completed, step-finish, patch | [30]assistant: step-start, reasoning, tool:completed, tool:completed, step-finish, patch | [31]assistant: step-start, tool:completed, step-finish, patch | [32]assistant: step-start, reasoning, tool:completed, step-finish, patch | [33]assistant: step-start, tool:completed, step-finish, patch | [34]assistant: step-start, reasoning, tool:completed, tool:completed, step-finish, patch | [35]assistant: step-start, tool:completed, step-finish, patch | [36]assistant: step-start, reasoning, tool:completed, tool:completed, step-finish, patch | [37]assistant: step-start, reasoning, tool:completed, tool:completed, step-finish, patch | [38]assistant: step-start, reasoning, tool:completed, step-finish, patch | [39]assistant: step-start, reasoning, tool:completed, tool:completed, step-finish, patch | [40]assistant: step-start, reasoning, tool:completed, step-finish, patch | [41]assistant: step-start, reasoning, tool:completed, step-finish, patch | [42]assistant: step-start, tool:completed, step-finish, patch | [43]assistant: step-start, tool:completed, tool:completed, step-finish, patch | [44]assistant: step-start, reasoning, text:"Now I'll use the finishing-a-development...", tool:completed, step-finish, patch | [45]assistant: step-start, reasoning, text:"I'm using the finishing-a-development-br...", tool:completed, tool:completed, step-finish, patch | [46]assistant: step-start, reasoning, text:"Tests all pass. Plan complete — 7 new co...", step-finish, patch | [47]user: text:"Acabei de fazer push dos commits para qu..." | [48]assistant: step-start, reasoning, tool:completed, tool:completed, step-finish, patch | [49]assistant: step-start, reasoning, tool:completed, step-finish, patch | [50]assistant: step-start, reasoning, text:"Não, está pronto. O CI rodou em 36s e o ...", step-finish, patch | [51]user: text:"Após rodar os testes(https://github.com/...", file, file, file, file, text:"Called the Read tool with the following ..."(syn), text:"<path>/home/rlevidev/Projetos/rinha-2026..."(syn), text:"Called the Read tool with the following ..."(syn), text:"<path>/home/rlevidev/Projetos/rinha-2026..."(syn), text:"Called the Read tool with the following ..."(syn), text:"<path>/home/rlevidev/Projetos/rinha-2026..."(syn), text:"Called the Read tool with the following ..."(syn), text:"<path>/home/rlevidev/Projetos/rinha-2026..."(syn), text:"<system-reminder>
# Plan Mode - System R..."(syn) | [52]assistant: step-start, reasoning, text:"Vou usar a skill de brainstorming para p...", tool:completed, step-finish, patch | [53]assistant: step-start, reasoning, tool:completed, tool:completed, tool:completed, tool:completed, step-finish, patch | [54]assistant: step-start, reasoning, tool:completed, tool:completed, tool:completed, step-finish, patch | [55]assistant: step-start, reasoning, tool:completed, tool:completed, tool:completed, step-finish, patch | [56]assistant: step-start, reasoning, tool:completed, tool:completed, tool:completed, tool:completed, tool:completed, step-finish, patch | [57]assistant: step-start, reasoning, tool:completed, tool:completed, tool:completed, tool:completed, step-finish, patch | [58]assistant: step-start, reasoning, tool:completed, tool:completed, tool:completed, tool:completed, tool:completed, tool:completed, step-finish, patch | [59]assistant: step-start, reasoning, tool:completed, tool:completed, step-finish, patch | [60]assistant: step-start, reasoning, tool:completed, tool:completed, tool:completed, step-finish, patch | [61]assistant: step-start, reasoning, tool:completed, tool:completed, step-finish, patch | [62]assistant: step-start, reasoning, tool:completed, tool:completed, step-finish, patch | [63]assistant: step-start, tool:completed, tool:completed, tool:completed, step-finish, patch | [64]assistant: step-start, tool:completed, tool:completed, tool:completed, step-finish, patch | [65]assistant: step-start, reasoning, text:"Li tudo: docs em `docs/br/`, README do V...", tool:completed, step-finish, patch | [66]assistant: step-start, reasoning, text:"Antes de propor as abordagens, preciso e...", tool:completed, step-finish, patch | [67]assistant: step-start, reasoning, text:"Boa, com as três respostas em mãos, a ab...", tool:completed, step-finish, patch
[2026-06-02T02:31:32.593Z] message-hooks: post-filter, msgCount=68
[2026-06-02T02:31:32.593Z] message-hooks: about to search for OPENCODE_GENERIC
[2026-06-02T02:31:32.593Z] message-hooks: searching 68 messages for OPENCODE_GENERIC
[2026-06-02T02:31:32.593Z] message-hooks: found synthetic text at [0]: "Called the Read tool with the following input: {"f..." matches=false
[2026-06-02T02:31:32.593Z] message-hooks: found synthetic text at [0]: "<path>/home/rlevidev/Projetos/rinha-2026/docs/supe..." matches=false
[2026-06-02T02:31:32.593Z] message-hooks: found synthetic text at [51]: "Called the Read tool with the following input: {"f..." matches=false
[2026-06-02T02:31:32.593Z] message-hooks: found synthetic text at [51]: "<path>/home/rlevidev/Projetos/rinha-2026/results/r..." matches=false
[2026-06-02T02:31:32.593Z] message-hooks: found synthetic text at [51]: "Called the Read tool with the following input: {"f..." matches=false
[2026-06-02T02:31:32.593Z] message-hooks: found synthetic text at [51]: "<path>/home/rlevidev/Projetos/rinha-2026/oponents/..." matches=false
[2026-06-02T02:31:32.593Z] message-hooks: found synthetic text at [51]: "Called the Read tool with the following input: {"f..." matches=false
[2026-06-02T02:31:32.593Z] message-hooks: found synthetic text at [51]: "<path>/home/rlevidev/Projetos/rinha-2026/rinha-bac..." matches=false
[2026-06-02T02:31:32.593Z] message-hooks: found synthetic text at [51]: "Called the Read tool with the following input: {"f..." matches=false
[2026-06-02T02:31:32.593Z] message-hooks: found synthetic text at [51]: "<path>/home/rlevidev/Projetos/rinha-2026/docs/br/<..." matches=false
[2026-06-02T02:31:32.593Z] message-hooks: found synthetic text at [51]: "<system-reminder>
# Plan Mode - System Reminder

C..." matches=false
[2026-06-02T02:31:32.593Z] message-hooks: generic search complete, found=false, index=-1
[2026-06-02T02:31:32.593Z] message-hooks: no generic part found, checking for pending prompt return
[2026-06-02T02:33:38.287Z] session.idle: sessionID=ses_179fa6dd5ffes60VLPY7DAUkWq
[2026-06-02T02:55:36.602Z] message-hooks: ENTRY msgCount=70, sessions=ses_179fa6dd5ffes60VLPY7DAUkWq
[2026-06-02T02:55:36.602Z] message-hooks: MESSAGES: [0]user: text:"Continue com a execução do plano @docs/s...", file, text:"Called the Read tool with the following ..."(syn), text:"<path>/home/rlevidev/Projetos/rinha-2026..."(syn) | [1]assistant: step-start, reasoning, tool:completed, step-finish, patch | [2]assistant: step-start, reasoning, text:"I'm using the executing-plans skill to i...", tool:completed, tool:completed, step-finish, patch | [3]assistant: step-start, reasoning, tool:completed, tool:completed, tool:completed, step-finish, patch | [4]assistant: step-start, reasoning, tool:completed, tool:completed, tool:completed, step-finish, patch | [5]assistant: step-start, reasoning, tool:completed, tool:completed, tool:completed, step-finish, patch | [6]assistant: step-start, reasoning, tool:completed, tool:completed, tool:completed, step-finish, patch | [7]assistant: step-start, reasoning, tool:completed, tool:completed, tool:completed, step-finish, patch | [8]assistant: step-start, reasoning, tool:completed, tool:completed, tool:completed, step-finish, patch | [9]assistant: step-start, reasoning, tool:completed, tool:completed, tool:completed, step-finish, patch | [10]assistant: step-start, reasoning, text:"Now I understand the state. Tasks 1-3 ar...", tool:completed, tool:completed, step-finish, patch | [11]assistant: step-start, reasoning, tool:completed, step-finish, patch | [12]assistant: step-start, tool:completed, step-finish, patch | [13]assistant: step-start, tool:completed, step-finish, patch | [14]assistant: step-start, reasoning, tool:completed, tool:completed, step-finish, patch | [15]assistant: step-start, reasoning, tool:completed, step-finish, patch | [16]assistant: step-start, reasoning, tool:completed, step-finish, patch | [17]assistant: step-start, reasoning, tool:completed, tool:completed, step-finish, patch | [18]assistant: step-start, reasoning, tool:completed, tool:completed, step-finish, patch | [19]assistant: step-start, tool:completed, step-finish, patch | [20]assistant: step-start, tool:completed, tool:completed, step-finish, patch | [21]assistant: step-start, tool:completed, step-finish, patch | [22]assistant: step-start, reasoning, tool:completed, step-finish, patch | [23]assistant: step-start, reasoning, tool:completed, step-finish, patch | [24]assistant: step-start, reasoning, tool:completed, step-finish, patch | [25]assistant: step-start, reasoning, tool:completed, step-finish, patch | [26]assistant: step-start, reasoning, tool:completed, step-finish, patch | [27]assistant: step-start, reasoning, tool:completed, tool:completed, step-finish, patch | [28]assistant: step-start, reasoning, text:"Since Docker isn't available in this env...", tool:completed, step-finish, patch | [29]assistant: step-start, tool:completed, step-finish, patch | [30]assistant: step-start, reasoning, tool:completed, tool:completed, step-finish, patch | [31]assistant: step-start, tool:completed, step-finish, patch | [32]assistant: step-start, reasoning, tool:completed, step-finish, patch | [33]assistant: step-start, tool:completed, step-finish, patch | [34]assistant: step-start, reasoning, tool:completed, tool:completed, step-finish, patch | [35]assistant: step-start, tool:completed, step-finish, patch | [36]assistant: step-start, reasoning, tool:completed, tool:completed, step-finish, patch | [37]assistant: step-start, reasoning, tool:completed, tool:completed, step-finish, patch | [38]assistant: step-start, reasoning, tool:completed, step-finish, patch | [39]assistant: step-start, reasoning, tool:completed, tool:completed, step-finish, patch | [40]assistant: step-start, reasoning, tool:completed, step-finish, patch | [41]assistant: step-start, reasoning, tool:completed, step-finish, patch | [42]assistant: step-start, tool:completed, step-finish, patch | [43]assistant: step-start, tool:completed, tool:completed, step-finish, patch | [44]assistant: step-start, reasoning, text:"Now I'll use the finishing-a-development...", tool:completed, step-finish, patch | [45]assistant: step-start, reasoning, text:"I'm using the finishing-a-development-br...", tool:completed, tool:completed, step-finish, patch | [46]assistant: step-start, reasoning, text:"Tests all pass. Plan complete — 7 new co...", step-finish, patch | [47]user: text:"Acabei de fazer push dos commits para qu..." | [48]assistant: step-start, reasoning, tool:completed, tool:completed, step-finish, patch | [49]assistant: step-start, reasoning, tool:completed, step-finish, patch | [50]assistant: step-start, reasoning, text:"Não, está pronto. O CI rodou em 36s e o ...", step-finish, patch | [51]user: text:"Após rodar os testes(https://github.com/...", file, file, file, file, text:"Called the Read tool with the following ..."(syn), text:"<path>/home/rlevidev/Projetos/rinha-2026..."(syn), text:"Called the Read tool with the following ..."(syn), text:"<path>/home/rlevidev/Projetos/rinha-2026..."(syn), text:"Called the Read tool with the following ..."(syn), text:"<path>/home/rlevidev/Projetos/rinha-2026..."(syn), text:"Called the Read tool with the following ..."(syn), text:"<path>/home/rlevidev/Projetos/rinha-2026..."(syn) | [52]assistant: step-start, reasoning, text:"Vou usar a skill de brainstorming para p...", tool:completed, step-finish, patch | [53]assistant: step-start, reasoning, tool:completed, tool:completed, tool:completed, tool:completed, step-finish, patch | [54]assistant: step-start, reasoning, tool:completed, tool:completed, tool:completed, step-finish, patch | [55]assistant: step-start, reasoning, tool:completed, tool:completed, tool:completed, step-finish, patch | [56]assistant: step-start, reasoning, tool:completed, tool:completed, tool:completed, tool:completed, tool:completed, step-finish, patch | [57]assistant: step-start, reasoning, tool:completed, tool:completed, tool:completed, tool:completed, step-finish, patch | [58]assistant: step-start, reasoning, tool:completed, tool:completed, tool:completed, tool:completed, tool:completed, tool:completed, step-finish, patch | [59]assistant: step-start, reasoning, tool:completed, tool:completed, step-finish, patch | [60]assistant: step-start, reasoning, tool:completed, tool:completed, tool:completed, step-finish, patch | [61]assistant: step-start, reasoning, tool:completed, tool:completed, step-finish, patch | [62]assistant: step-start, reasoning, tool:completed, tool:completed, step-finish, patch | [63]assistant: step-start, tool:completed, tool:completed, tool:completed, step-finish, patch | [64]assistant: step-start, tool:completed, tool:completed, tool:completed, step-finish, patch | [65]assistant: step-start, reasoning, text:"Li tudo: docs em `docs/br/`, README do V...", tool:completed, step-finish, patch | [66]assistant: step-start, reasoning, text:"Antes de propor as abordagens, preciso e...", tool:completed, step-finish, patch | [67]assistant: step-start, reasoning, text:"Boa, com as três respostas em mãos, a ab...", tool:completed, step-finish, patch | [68]assistant: step-start, reasoning, text:"Vou apresentar o design em seções curtas...", step-finish, patch | [69]user: text:"Eu aprovo", text:"<system-reminder>
Your operational mode ..."(syn)
[2026-06-02T02:55:36.604Z] message-hooks: post-filter, msgCount=70
[2026-06-02T02:55:36.604Z] message-hooks: about to search for OPENCODE_GENERIC
[2026-06-02T02:55:36.604Z] message-hooks: searching 70 messages for OPENCODE_GENERIC
[2026-06-02T02:55:36.604Z] message-hooks: found synthetic text at [0]: "Called the Read tool with the following input: {"f..." matches=false
[2026-06-02T02:55:36.604Z] message-hooks: found synthetic text at [0]: "<path>/home/rlevidev/Projetos/rinha-2026/docs/supe..." matches=false
[2026-06-02T02:55:36.604Z] message-hooks: found synthetic text at [51]: "Called the Read tool with the following input: {"f..." matches=false
[2026-06-02T02:55:36.604Z] message-hooks: found synthetic text at [51]: "<path>/home/rlevidev/Projetos/rinha-2026/results/r..." matches=false
[2026-06-02T02:55:36.604Z] message-hooks: found synthetic text at [51]: "Called the Read tool with the following input: {"f..." matches=false
[2026-06-02T02:55:36.604Z] message-hooks: found synthetic text at [51]: "<path>/home/rlevidev/Projetos/rinha-2026/oponents/..." matches=false
[2026-06-02T02:55:36.604Z] message-hooks: found synthetic text at [51]: "Called the Read tool with the following input: {"f..." matches=false
[2026-06-02T02:55:36.604Z] message-hooks: found synthetic text at [51]: "<path>/home/rlevidev/Projetos/rinha-2026/rinha-bac..." matches=false
[2026-06-02T02:55:36.604Z] message-hooks: found synthetic text at [51]: "Called the Read tool with the following input: {"f..." matches=false
[2026-06-02T02:55:36.604Z] message-hooks: found synthetic text at [51]: "<path>/home/rlevidev/Projetos/rinha-2026/docs/br/<..." matches=false
[2026-06-02T02:55:36.604Z] message-hooks: found synthetic text at [69]: "<system-reminder>
Your operational mode has change..." matches=false
[2026-06-02T02:55:36.604Z] message-hooks: generic search complete, found=false, index=-1
[2026-06-02T02:55:36.604Z] message-hooks: no generic part found, checking for pending prompt return
[2026-06-02T02:55:50.480Z] message-hooks: ENTRY msgCount=71, sessions=ses_179fa6dd5ffes60VLPY7DAUkWq
[2026-06-02T02:55:50.480Z] message-hooks: MESSAGES: [0]user: text:"Continue com a execução do plano @docs/s...", file, text:"Called the Read tool with the following ..."(syn), text:"<path>/home/rlevidev/Projetos/rinha-2026..."(syn) | [1]assistant: step-start, reasoning, tool:completed, step-finish, patch | [2]assistant: step-start, reasoning, text:"I'm using the executing-plans skill to i...", tool:completed, tool:completed, step-finish, patch | [3]assistant: step-start, reasoning, tool:completed, tool:completed, tool:completed, step-finish, patch | [4]assistant: step-start, reasoning, tool:completed, tool:completed, tool:completed, step-finish, patch | [5]assistant: step-start, reasoning, tool:completed, tool:completed, tool:completed, step-finish, patch | [6]assistant: step-start, reasoning, tool:completed, tool:completed, tool:completed, step-finish, patch | [7]assistant: step-start, reasoning, tool:completed, tool:completed, tool:completed, step-finish, patch | [8]assistant: step-start, reasoning, tool:completed, tool:completed, tool:completed, step-finish, patch | [9]assistant: step-start, reasoning, tool:completed, tool:completed, tool:completed, step-finish, patch | [10]assistant: step-start, reasoning, text:"Now I understand the state. Tasks 1-3 ar...", tool:completed, tool:completed, step-finish, patch | [11]assistant: step-start, reasoning, tool:completed, step-finish, patch | [12]assistant: step-start, tool:completed, step-finish, patch | [13]assistant: step-start, tool:completed, step-finish, patch | [14]assistant: step-start, reasoning, tool:completed, tool:completed, step-finish, patch | [15]assistant: step-start, reasoning, tool:completed, step-finish, patch | [16]assistant: step-start, reasoning, tool:completed, step-finish, patch | [17]assistant: step-start, reasoning, tool:completed, tool:completed, step-finish, patch | [18]assistant: step-start, reasoning, tool:completed, tool:completed, step-finish, patch | [19]assistant: step-start, tool:completed, step-finish, patch | [20]assistant: step-start, tool:completed, tool:completed, step-finish, patch | [21]assistant: step-start, tool:completed, step-finish, patch | [22]assistant: step-start, reasoning, tool:completed, step-finish, patch | [23]assistant: step-start, reasoning, tool:completed, step-finish, patch | [24]assistant: step-start, reasoning, tool:completed, step-finish, patch | [25]assistant: step-start, reasoning, tool:completed, step-finish, patch | [26]assistant: step-start, reasoning, tool:completed, step-finish, patch | [27]assistant: step-start, reasoning, tool:completed, tool:completed, step-finish, patch | [28]assistant: step-start, reasoning, text:"Since Docker isn't available in this env...", tool:completed, step-finish, patch | [29]assistant: step-start, tool:completed, step-finish, patch | [30]assistant: step-start, reasoning, tool:completed, tool:completed, step-finish, patch | [31]assistant: step-start, tool:completed, step-finish, patch | [32]assistant: step-start, reasoning, tool:completed, step-finish, patch | [33]assistant: step-start, tool:completed, step-finish, patch | [34]assistant: step-start, reasoning, tool:completed, tool:completed, step-finish, patch | [35]assistant: step-start, tool:completed, step-finish, patch | [36]assistant: step-start, reasoning, tool:completed, tool:completed, step-finish, patch | [37]assistant: step-start, reasoning, tool:completed, tool:completed, step-finish, patch | [38]assistant: step-start, reasoning, tool:completed, step-finish, patch | [39]assistant: step-start, reasoning, tool:completed, tool:completed, step-finish, patch | [40]assistant: step-start, reasoning, tool:completed, step-finish, patch | [41]assistant: step-start, reasoning, tool:completed, step-finish, patch | [42]assistant: step-start, tool:completed, step-finish, patch | [43]assistant: step-start, tool:completed, tool:completed, step-finish, patch | [44]assistant: step-start, reasoning, text:"Now I'll use the finishing-a-development...", tool:completed, step-finish, patch | [45]assistant: step-start, reasoning, text:"I'm using the finishing-a-development-br...", tool:completed, tool:completed, step-finish, patch | [46]assistant: step-start, reasoning, text:"Tests all pass. Plan complete — 7 new co...", step-finish, patch | [47]user: text:"Acabei de fazer push dos commits para qu..." | [48]assistant: step-start, reasoning, tool:completed, tool:completed, step-finish, patch | [49]assistant: step-start, reasoning, tool:completed, step-finish, patch | [50]assistant: step-start, reasoning, text:"Não, está pronto. O CI rodou em 36s e o ...", step-finish, patch | [51]user: text:"Após rodar os testes(https://github.com/...", file, file, file, file, text:"Called the Read tool with the following ..."(syn), text:"<path>/home/rlevidev/Projetos/rinha-2026..."(syn), text:"Called the Read tool with the following ..."(syn), text:"<path>/home/rlevidev/Projetos/rinha-2026..."(syn), text:"Called the Read tool with the following ..."(syn), text:"<path>/home/rlevidev/Projetos/rinha-2026..."(syn), text:"Called the Read tool with the following ..."(syn), text:"<path>/home/rlevidev/Projetos/rinha-2026..."(syn) | [52]assistant: step-start, reasoning, text:"Vou usar a skill de brainstorming para p...", tool:completed, step-finish, patch | [53]assistant: step-start, reasoning, tool:completed, tool:completed, tool:completed, tool:completed, step-finish, patch | [54]assistant: step-start, reasoning, tool:completed, tool:completed, tool:completed, step-finish, patch | [55]assistant: step-start, reasoning, tool:completed, tool:completed, tool:completed, step-finish, patch | [56]assistant: step-start, reasoning, tool:completed, tool:completed, tool:completed, tool:completed, tool:completed, step-finish, patch | [57]assistant: step-start, reasoning, tool:completed, tool:completed, tool:completed, tool:completed, step-finish, patch | [58]assistant: step-start, reasoning, tool:completed, tool:completed, tool:completed, tool:completed, tool:completed, tool:completed, step-finish, patch | [59]assistant: step-start, reasoning, tool:completed, tool:completed, step-finish, patch | [60]assistant: step-start, reasoning, tool:completed, tool:completed, tool:completed, step-finish, patch | [61]assistant: step-start, reasoning, tool:completed, tool:completed, step-finish, patch | [62]assistant: step-start, reasoning, tool:completed, tool:completed, step-finish, patch | [63]assistant: step-start, tool:completed, tool:completed, tool:completed, step-finish, patch | [64]assistant: step-start, tool:completed, tool:completed, tool:completed, step-finish, patch | [65]assistant: step-start, reasoning, text:"Li tudo: docs em `docs/br/`, README do V...", tool:completed, step-finish, patch | [66]assistant: step-start, reasoning, text:"Antes de propor as abordagens, preciso e...", tool:completed, step-finish, patch | [67]assistant: step-start, reasoning, text:"Boa, com as três respostas em mãos, a ab...", tool:completed, step-finish, patch | [68]assistant: step-start, reasoning, text:"Vou apresentar o design em seções curtas...", step-finish, patch | [69]user: text:"Eu aprovo", text:"<system-reminder>
Your operational mode ..."(syn) | [70]assistant: step-start, reasoning, text:"Aprovado. Vou consolidar no spec e segui...", tool:completed, tool:completed, step-finish, patch
[2026-06-02T02:55:50.480Z] message-hooks: post-filter, msgCount=71
[2026-06-02T02:55:50.480Z] message-hooks: about to search for OPENCODE_GENERIC
[2026-06-02T02:55:50.480Z] message-hooks: searching 71 messages for OPENCODE_GENERIC
[2026-06-02T02:55:50.480Z] message-hooks: found synthetic text at [0]: "Called the Read tool with the following input: {"f..." matches=false
[2026-06-02T02:55:50.480Z] message-hooks: found synthetic text at [0]: "<path>/home/rlevidev/Projetos/rinha-2026/docs/supe..." matches=false
[2026-06-02T02:55:50.480Z] message-hooks: found synthetic text at [51]: "Called the Read tool with the following input: {"f..." matches=false
[2026-06-02T02:55:50.480Z] message-hooks: found synthetic text at [51]: "<path>/home/rlevidev/Projetos/rinha-2026/results/r..." matches=false
[2026-06-02T02:55:50.480Z] message-hooks: found synthetic text at [51]: "Called the Read tool with the following input: {"f..." matches=false
[2026-06-02T02:55:50.480Z] message-hooks: found synthetic text at [51]: "<path>/home/rlevidev/Projetos/rinha-2026/oponents/..." matches=false
[2026-06-02T02:55:50.480Z] message-hooks: found synthetic text at [51]: "Called the Read tool with the following input: {"f..." matches=false
[2026-06-02T02:55:50.480Z] message-hooks: found synthetic text at [51]: "<path>/home/rlevidev/Projetos/rinha-2026/rinha-bac..." matches=false
[2026-06-02T02:55:50.480Z] message-hooks: found synthetic text at [51]: "Called the Read tool with the following input: {"f..." matches=false
[2026-06-02T02:55:50.480Z] message-hooks: found synthetic text at [51]: "<path>/home/rlevidev/Projetos/rinha-2026/docs/br/<..." matches=false
[2026-06-02T02:55:50.480Z] message-hooks: found synthetic text at [69]: "<system-reminder>
Your operational mode has change..." matches=false
[2026-06-02T02:55:50.480Z] message-hooks: generic search complete, found=false, index=-1
[2026-06-02T02:55:50.480Z] message-hooks: no generic part found, checking for pending prompt return
[2026-06-02T02:56:19.950Z] message-hooks: ENTRY msgCount=72, sessions=ses_179fa6dd5ffes60VLPY7DAUkWq
[2026-06-02T02:56:19.950Z] message-hooks: MESSAGES: [0]user: text:"Continue com a execução do plano @docs/s...", file, text:"Called the Read tool with the following ..."(syn), text:"<path>/home/rlevidev/Projetos/rinha-2026..."(syn) | [1]assistant: step-start, reasoning, tool:completed, step-finish, patch | [2]assistant: step-start, reasoning, text:"I'm using the executing-plans skill to i...", tool:completed, tool:completed, step-finish, patch | [3]assistant: step-start, reasoning, tool:completed, tool:completed, tool:completed, step-finish, patch | [4]assistant: step-start, reasoning, tool:completed, tool:completed, tool:completed, step-finish, patch | [5]assistant: step-start, reasoning, tool:completed, tool:completed, tool:completed, step-finish, patch | [6]assistant: step-start, reasoning, tool:completed, tool:completed, tool:completed, step-finish, patch | [7]assistant: step-start, reasoning, tool:completed, tool:completed, tool:completed, step-finish, patch | [8]assistant: step-start, reasoning, tool:completed, tool:completed, tool:completed, step-finish, patch | [9]assistant: step-start, reasoning, tool:completed, tool:completed, tool:completed, step-finish, patch | [10]assistant: step-start, reasoning, text:"Now I understand the state. Tasks 1-3 ar...", tool:completed, tool:completed, step-finish, patch | [11]assistant: step-start, reasoning, tool:completed, step-finish, patch | [12]assistant: step-start, tool:completed, step-finish, patch | [13]assistant: step-start, tool:completed, step-finish, patch | [14]assistant: step-start, reasoning, tool:completed, tool:completed, step-finish, patch | [15]assistant: step-start, reasoning, tool:completed, step-finish, patch | [16]assistant: step-start, reasoning, tool:completed, step-finish, patch | [17]assistant: step-start, reasoning, tool:completed, tool:completed, step-finish, patch | [18]assistant: step-start, reasoning, tool:completed, tool:completed, step-finish, patch | [19]assistant: step-start, tool:completed, step-finish, patch | [20]assistant: step-start, tool:completed, tool:completed, step-finish, patch | [21]assistant: step-start, tool:completed, step-finish, patch | [22]assistant: step-start, reasoning, tool:completed, step-finish, patch | [23]assistant: step-start, reasoning, tool:completed, step-finish, patch | [24]assistant: step-start, reasoning, tool:completed, step-finish, patch | [25]assistant: step-start, reasoning, tool:completed, step-finish, patch | [26]assistant: step-start, reasoning, tool:completed, step-finish, patch | [27]assistant: step-start, reasoning, tool:completed, tool:completed, step-finish, patch | [28]assistant: step-start, reasoning, text:"Since Docker isn't available in this env...", tool:completed, step-finish, patch | [29]assistant: step-start, tool:completed, step-finish, patch | [30]assistant: step-start, reasoning, tool:completed, tool:completed, step-finish, patch | [31]assistant: step-start, tool:completed, step-finish, patch | [32]assistant: step-start, reasoning, tool:completed, step-finish, patch | [33]assistant: step-start, tool:completed, step-finish, patch | [34]assistant: step-start, reasoning, tool:completed, tool:completed, step-finish, patch | [35]assistant: step-start, tool:completed, step-finish, patch | [36]assistant: step-start, reasoning, tool:completed, tool:completed, step-finish, patch | [37]assistant: step-start, reasoning, tool:completed, tool:completed, step-finish, patch | [38]assistant: step-start, reasoning, tool:completed, step-finish, patch | [39]assistant: step-start, reasoning, tool:completed, tool:completed, step-finish, patch | [40]assistant: step-start, reasoning, tool:completed, step-finish, patch | [41]assistant: step-start, reasoning, tool:completed, step-finish, patch | [42]assistant: step-start, tool:completed, step-finish, patch | [43]assistant: step-start, tool:completed, tool:completed, step-finish, patch | [44]assistant: step-start, reasoning, text:"Now I'll use the finishing-a-development...", tool:completed, step-finish, patch | [45]assistant: step-start, reasoning, text:"I'm using the finishing-a-development-br...", tool:completed, tool:completed, step-finish, patch | [46]assistant: step-start, reasoning, text:"Tests all pass. Plan complete — 7 new co...", step-finish, patch | [47]user: text:"Acabei de fazer push dos commits para qu..." | [48]assistant: step-start, reasoning, tool:completed, tool:completed, step-finish, patch | [49]assistant: step-start, reasoning, tool:completed, step-finish, patch | [50]assistant: step-start, reasoning, text:"Não, está pronto. O CI rodou em 36s e o ...", step-finish, patch | [51]user: text:"Após rodar os testes(https://github.com/...", file, file, file, file, text:"Called the Read tool with the following ..."(syn), text:"<path>/home/rlevidev/Projetos/rinha-2026..."(syn), text:"Called the Read tool with the following ..."(syn), text:"<path>/home/rlevidev/Projetos/rinha-2026..."(syn), text:"Called the Read tool with the following ..."(syn), text:"<path>/home/rlevidev/Projetos/rinha-2026..."(syn), text:"Called the Read tool with the following ..."(syn), text:"<path>/home/rlevidev/Projetos/rinha-2026..."(syn) | [52]assistant: step-start, reasoning, text:"Vou usar a skill de brainstorming para p...", tool:completed, step-finish, patch | [53]assistant: step-start, reasoning, tool:completed, tool:completed, tool:completed, tool:completed, step-finish, patch | [54]assistant: step-start, reasoning, tool:completed, tool:completed, tool:completed, step-finish, patch | [55]assistant: step-start, reasoning, tool:completed, tool:completed, tool:completed, step-finish, patch | [56]assistant: step-start, reasoning, tool:completed, tool:completed, tool:completed, tool:completed, tool:completed, step-finish, patch | [57]assistant: step-start, reasoning, tool:completed, tool:completed, tool:completed, tool:completed, step-finish, patch | [58]assistant: step-start, reasoning, tool:completed, tool:completed, tool:completed, tool:completed, tool:completed, tool:completed, step-finish, patch | [59]assistant: step-start, reasoning, tool:completed, tool:completed, step-finish, patch | [60]assistant: step-start, reasoning, tool:completed, tool:completed, tool:completed, step-finish, patch | [61]assistant: step-start, reasoning, tool:completed, tool:completed, step-finish, patch | [62]assistant: step-start, reasoning, tool:completed, tool:completed, step-finish, patch | [63]assistant: step-start, tool:completed, tool:completed, tool:completed, step-finish, patch | [64]assistant: step-start, tool:completed, tool:completed, tool:completed, step-finish, patch | [65]assistant: step-start, reasoning, text:"Li tudo: docs em `docs/br/`, README do V...", tool:completed, step-finish, patch | [66]assistant: step-start, reasoning, text:"Antes de propor as abordagens, preciso e...", tool:completed, step-finish, patch | [67]assistant: step-start, reasoning, text:"Boa, com as três respostas em mãos, a ab...", tool:completed, step-finish, patch | [68]assistant: step-start, reasoning, text:"Vou apresentar o design em seções curtas...", step-finish, patch | [69]user: text:"Eu aprovo", text:"<system-reminder>
Your operational mode ..."(syn) | [70]assistant: step-start, reasoning, text:"Aprovado. Vou consolidar no spec e segui...", tool:completed, tool:completed, step-finish, patch | [71]assistant: step-start, reasoning, tool:completed, step-finish, patch
[2026-06-02T02:56:19.951Z] message-hooks: post-filter, msgCount=72
[2026-06-02T02:56:19.951Z] message-hooks: about to search for OPENCODE_GENERIC
[2026-06-02T02:56:19.951Z] message-hooks: searching 72 messages for OPENCODE_GENERIC
[2026-06-02T02:56:19.951Z] message-hooks: found synthetic text at [0]: "Called the Read tool with the following input: {"f..." matches=false
[2026-06-02T02:56:19.951Z] message-hooks: found synthetic text at [0]: "<path>/home/rlevidev/Projetos/rinha-2026/docs/supe..." matches=false
[2026-06-02T02:56:19.951Z] message-hooks: found synthetic text at [51]: "Called the Read tool with the following input: {"f..." matches=false
[2026-06-02T02:56:19.951Z] message-hooks: found synthetic text at [51]: "<path>/home/rlevidev/Projetos/rinha-2026/results/r..." matches=false
[2026-06-02T02:56:19.951Z] message-hooks: found synthetic text at [51]: "Called the Read tool with the following input: {"f..." matches=false
[2026-06-02T02:56:19.951Z] message-hooks: found synthetic text at [51]: "<path>/home/rlevidev/Projetos/rinha-2026/oponents/..." matches=false
[2026-06-02T02:56:19.951Z] message-hooks: found synthetic text at [51]: "Called the Read tool with the following input: {"f..." matches=false
[2026-06-02T02:56:19.951Z] message-hooks: found synthetic text at [51]: "<path>/home/rlevidev/Projetos/rinha-2026/rinha-bac..." matches=false
[2026-06-02T02:56:19.951Z] message-hooks: found synthetic text at [51]: "Called the Read tool with the following input: {"f..." matches=false
[2026-06-02T02:56:19.951Z] message-hooks: found synthetic text at [51]: "<path>/home/rlevidev/Projetos/rinha-2026/docs/br/<..." matches=false
[2026-06-02T02:56:19.951Z] message-hooks: found synthetic text at [69]: "<system-reminder>
Your operational mode has change..." matches=false
[2026-06-02T02:56:19.951Z] message-hooks: generic search complete, found=false, index=-1
[2026-06-02T02:56:19.951Z] message-hooks: no generic part found, checking for pending prompt return
[2026-06-02T02:56:35.039Z] message-hooks: ENTRY msgCount=73, sessions=ses_179fa6dd5ffes60VLPY7DAUkWq
[2026-06-02T02:56:35.039Z] message-hooks: MESSAGES: [0]user: text:"Continue com a execução do plano @docs/s...", file, text:"Called the Read tool with the following ..."(syn), text:"<path>/home/rlevidev/Projetos/rinha-2026..."(syn) | [1]assistant: step-start, reasoning, tool:completed, step-finish, patch | [2]assistant: step-start, reasoning, text:"I'm using the executing-plans skill to i...", tool:completed, tool:completed, step-finish, patch | [3]assistant: step-start, reasoning, tool:completed, tool:completed, tool:completed, step-finish, patch | [4]assistant: step-start, reasoning, tool:completed, tool:completed, tool:completed, step-finish, patch | [5]assistant: step-start, reasoning, tool:completed, tool:completed, tool:completed, step-finish, patch | [6]assistant: step-start, reasoning, tool:completed, tool:completed, tool:completed, step-finish, patch | [7]assistant: step-start, reasoning, tool:completed, tool:completed, tool:completed, step-finish, patch | [8]assistant: step-start, reasoning, tool:completed, tool:completed, tool:completed, step-finish, patch | [9]assistant: step-start, reasoning, tool:completed, tool:completed, tool:completed, step-finish, patch | [10]assistant: step-start, reasoning, text:"Now I understand the state. Tasks 1-3 ar...", tool:completed, tool:completed, step-finish, patch | [11]assistant: step-start, reasoning, tool:completed, step-finish, patch | [12]assistant: step-start, tool:completed, step-finish, patch | [13]assistant: step-start, tool:completed, step-finish, patch | [14]assistant: step-start, reasoning, tool:completed, tool:completed, step-finish, patch | [15]assistant: step-start, reasoning, tool:completed, step-finish, patch | [16]assistant: step-start, reasoning, tool:completed, step-finish, patch | [17]assistant: step-start, reasoning, tool:completed, tool:completed, step-finish, patch | [18]assistant: step-start, reasoning, tool:completed, tool:completed, step-finish, patch | [19]assistant: step-start, tool:completed, step-finish, patch | [20]assistant: step-start, tool:completed, tool:completed, step-finish, patch | [21]assistant: step-start, tool:completed, step-finish, patch | [22]assistant: step-start, reasoning, tool:completed, step-finish, patch | [23]assistant: step-start, reasoning, tool:completed, step-finish, patch | [24]assistant: step-start, reasoning, tool:completed, step-finish, patch | [25]assistant: step-start, reasoning, tool:completed, step-finish, patch | [26]assistant: step-start, reasoning, tool:completed, step-finish, patch | [27]assistant: step-start, reasoning, tool:completed, tool:completed, step-finish, patch | [28]assistant: step-start, reasoning, text:"Since Docker isn't available in this env...", tool:completed, step-finish, patch | [29]assistant: step-start, tool:completed, step-finish, patch | [30]assistant: step-start, reasoning, tool:completed, tool:completed, step-finish, patch | [31]assistant: step-start, tool:completed, step-finish, patch | [32]assistant: step-start, reasoning, tool:completed, step-finish, patch | [33]assistant: step-start, tool:completed, step-finish, patch | [34]assistant: step-start, reasoning, tool:completed, tool:completed, step-finish, patch | [35]assistant: step-start, tool:completed, step-finish, patch | [36]assistant: step-start, reasoning, tool:completed, tool:completed, step-finish, patch | [37]assistant: step-start, reasoning, tool:completed, tool:completed, step-finish, patch | [38]assistant: step-start, reasoning, tool:completed, step-finish, patch | [39]assistant: step-start, reasoning, tool:completed, tool:completed, step-finish, patch | [40]assistant: step-start, reasoning, tool:completed, step-finish, patch | [41]assistant: step-start, reasoning, tool:completed, step-finish, patch | [42]assistant: step-start, tool:completed, step-finish, patch | [43]assistant: step-start, tool:completed, tool:completed, step-finish, patch | [44]assistant: step-start, reasoning, text:"Now I'll use the finishing-a-development...", tool:completed, step-finish, patch | [45]assistant: step-start, reasoning, text:"I'm using the finishing-a-development-br...", tool:completed, tool:completed, step-finish, patch | [46]assistant: step-start, reasoning, text:"Tests all pass. Plan complete — 7 new co...", step-finish, patch | [47]user: text:"Acabei de fazer push dos commits para qu..." | [48]assistant: step-start, reasoning, tool:completed, tool:completed, step-finish, patch | [49]assistant: step-start, reasoning, tool:completed, step-finish, patch | [50]assistant: step-start, reasoning, text:"Não, está pronto. O CI rodou em 36s e o ...", step-finish, patch | [51]user: text:"Após rodar os testes(https://github.com/...", file, file, file, file, text:"Called the Read tool with the following ..."(syn), text:"<path>/home/rlevidev/Projetos/rinha-2026..."(syn), text:"Called the Read tool with the following ..."(syn), text:"<path>/home/rlevidev/Projetos/rinha-2026..."(syn), text:"Called the Read tool with the following ..."(syn), text:"<path>/home/rlevidev/Projetos/rinha-2026..."(syn), text:"Called the Read tool with the following ..."(syn), text:"<path>/home/rlevidev/Projetos/rinha-2026..."(syn) | [52]assistant: step-start, reasoning, text:"Vou usar a skill de brainstorming para p...", tool:completed, step-finish, patch | [53]assistant: step-start, reasoning, tool:completed, tool:completed, tool:completed, tool:completed, step-finish, patch | [54]assistant: step-start, reasoning, tool:completed, tool:completed, tool:completed, step-finish, patch | [55]assistant: step-start, reasoning, tool:completed, tool:completed, tool:completed, step-finish, patch | [56]assistant: step-start, reasoning, tool:completed, tool:completed, tool:completed, tool:completed, tool:completed, step-finish, patch | [57]assistant: step-start, reasoning, tool:completed, tool:completed, tool:completed, tool:completed, step-finish, patch | [58]assistant: step-start, reasoning, tool:completed, tool:completed, tool:completed, tool:completed, tool:completed, tool:completed, step-finish, patch | [59]assistant: step-start, reasoning, tool:completed, tool:completed, step-finish, patch | [60]assistant: step-start, reasoning, tool:completed, tool:completed, tool:completed, step-finish, patch | [61]assistant: step-start, reasoning, tool:completed, tool:completed, step-finish, patch | [62]assistant: step-start, reasoning, tool:completed, tool:completed, step-finish, patch | [63]assistant: step-start, tool:completed, tool:completed, tool:completed, step-finish, patch | [64]assistant: step-start, tool:completed, tool:completed, tool:completed, step-finish, patch | [65]assistant: step-start, reasoning, text:"Li tudo: docs em `docs/br/`, README do V...", tool:completed, step-finish, patch | [66]assistant: step-start, reasoning, text:"Antes de propor as abordagens, preciso e...", tool:completed, step-finish, patch | [67]assistant: step-start, reasoning, text:"Boa, com as três respostas em mãos, a ab...", tool:completed, step-finish, patch | [68]assistant: step-start, reasoning, text:"Vou apresentar o design em seções curtas...", step-finish, patch | [69]user: text:"Eu aprovo", text:"<system-reminder>
Your operational mode ..."(syn) | [70]assistant: step-start, reasoning, text:"Aprovado. Vou consolidar no spec e segui...", tool:completed, tool:completed, step-finish, patch | [71]assistant: step-start, reasoning, tool:completed, step-finish, patch | [72]assistant: step-start, reasoning, text:"Self-review feito. Sem placeholders, con...", tool:completed, step-finish, patch
[2026-06-02T02:56:35.039Z] message-hooks: post-filter, msgCount=73
[2026-06-02T02:56:35.039Z] message-hooks: about to search for OPENCODE_GENERIC
[2026-06-02T02:56:35.039Z] message-hooks: searching 73 messages for OPENCODE_GENERIC
[2026-06-02T02:56:35.039Z] message-hooks: found synthetic text at [0]: "Called the Read tool with the following input: {"f..." matches=false
[2026-06-02T02:56:35.039Z] message-hooks: found synthetic text at [0]: "<path>/home/rlevidev/Projetos/rinha-2026/docs/supe..." matches=false
[2026-06-02T02:56:35.039Z] message-hooks: found synthetic text at [51]: "Called the Read tool with the following input: {"f..." matches=false
[2026-06-02T02:56:35.039Z] message-hooks: found synthetic text at [51]: "<path>/home/rlevidev/Projetos/rinha-2026/results/r..." matches=false
[2026-06-02T02:56:35.039Z] message-hooks: found synthetic text at [51]: "Called the Read tool with the following input: {"f..." matches=false
[2026-06-02T02:56:35.039Z] message-hooks: found synthetic text at [51]: "<path>/home/rlevidev/Projetos/rinha-2026/oponents/..." matches=false
[2026-06-02T02:56:35.039Z] message-hooks: found synthetic text at [51]: "Called the Read tool with the following input: {"f..." matches=false
[2026-06-02T02:56:35.039Z] message-hooks: found synthetic text at [51]: "<path>/home/rlevidev/Projetos/rinha-2026/rinha-bac..." matches=false
[2026-06-02T02:56:35.039Z] message-hooks: found synthetic text at [51]: "Called the Read tool with the following input: {"f..." matches=false
[2026-06-02T02:56:35.039Z] message-hooks: found synthetic text at [51]: "<path>/home/rlevidev/Projetos/rinha-2026/docs/br/<..." matches=false
[2026-06-02T02:56:35.039Z] message-hooks: found synthetic text at [69]: "<system-reminder>
Your operational mode has change..." matches=false
[2026-06-02T02:56:35.039Z] message-hooks: generic search complete, found=false, index=-1
[2026-06-02T02:56:35.039Z] message-hooks: no generic part found, checking for pending prompt return
[2026-06-02T02:56:37.996Z] session.idle: sessionID=ses_179fa6dd5ffes60VLPY7DAUkWq
[2026-06-02T03:02:04.909Z] message-hooks: ENTRY msgCount=75, sessions=ses_179fa6dd5ffes60VLPY7DAUkWq
[2026-06-02T03:02:04.909Z] message-hooks: MESSAGES: [0]user: text:"Continue com a execução do plano @docs/s...", file, text:"Called the Read tool with the following ..."(syn), text:"<path>/home/rlevidev/Projetos/rinha-2026..."(syn) | [1]assistant: step-start, reasoning, tool:completed, step-finish, patch | [2]assistant: step-start, reasoning, text:"I'm using the executing-plans skill to i...", tool:completed, tool:completed, step-finish, patch | [3]assistant: step-start, reasoning, tool:completed, tool:completed, tool:completed, step-finish, patch | [4]assistant: step-start, reasoning, tool:completed, tool:completed, tool:completed, step-finish, patch | [5]assistant: step-start, reasoning, tool:completed, tool:completed, tool:completed, step-finish, patch | [6]assistant: step-start, reasoning, tool:completed, tool:completed, tool:completed, step-finish, patch | [7]assistant: step-start, reasoning, tool:completed, tool:completed, tool:completed, step-finish, patch | [8]assistant: step-start, reasoning, tool:completed, tool:completed, tool:completed, step-finish, patch | [9]assistant: step-start, reasoning, tool:completed, tool:completed, tool:completed, step-finish, patch | [10]assistant: step-start, reasoning, text:"Now I understand the state. Tasks 1-3 ar...", tool:completed, tool:completed, step-finish, patch | [11]assistant: step-start, reasoning, tool:completed, step-finish, patch | [12]assistant: step-start, tool:completed, step-finish, patch | [13]assistant: step-start, tool:completed, step-finish, patch | [14]assistant: step-start, reasoning, tool:completed, tool:completed, step-finish, patch | [15]assistant: step-start, reasoning, tool:completed, step-finish, patch | [16]assistant: step-start, reasoning, tool:completed, step-finish, patch | [17]assistant: step-start, reasoning, tool:completed, tool:completed, step-finish, patch | [18]assistant: step-start, reasoning, tool:completed, tool:completed, step-finish, patch | [19]assistant: step-start, tool:completed, step-finish, patch | [20]assistant: step-start, tool:completed, tool:completed, step-finish, patch | [21]assistant: step-start, tool:completed, step-finish, patch | [22]assistant: step-start, reasoning, tool:completed, step-finish, patch | [23]assistant: step-start, reasoning, tool:completed, step-finish, patch | [24]assistant: step-start, reasoning, tool:completed, step-finish, patch | [25]assistant: step-start, reasoning, tool:completed, step-finish, patch | [26]assistant: step-start, reasoning, tool:completed, step-finish, patch | [27]assistant: step-start, reasoning, tool:completed, tool:completed, step-finish, patch | [28]assistant: step-start, reasoning, text:"Since Docker isn't available in this env...", tool:completed, step-finish, patch | [29]assistant: step-start, tool:completed, step-finish, patch | [30]assistant: step-start, reasoning, tool:completed, tool:completed, step-finish, patch | [31]assistant: step-start, tool:completed, step-finish, patch | [32]assistant: step-start, reasoning, tool:completed, step-finish, patch | [33]assistant: step-start, tool:completed, step-finish, patch | [34]assistant: step-start, reasoning, tool:completed, tool:completed, step-finish, patch | [35]assistant: step-start, tool:completed, step-finish, patch | [36]assistant: step-start, reasoning, tool:completed, tool:completed, step-finish, patch | [37]assistant: step-start, reasoning, tool:completed, tool:completed, step-finish, patch | [38]assistant: step-start, reasoning, tool:completed, step-finish, patch | [39]assistant: step-start, reasoning, tool:completed, tool:completed, step-finish, patch | [40]assistant: step-start, reasoning, tool:completed, step-finish, patch | [41]assistant: step-start, reasoning, tool:completed, step-finish, patch | [42]assistant: step-start, tool:completed, step-finish, patch | [43]assistant: step-start, tool:completed, tool:completed, step-finish, patch | [44]assistant: step-start, reasoning, text:"Now I'll use the finishing-a-development...", tool:completed, step-finish, patch | [45]assistant: step-start, reasoning, text:"I'm using the finishing-a-development-br...", tool:completed, tool:completed, step-finish, patch | [46]assistant: step-start, reasoning, text:"Tests all pass. Plan complete — 7 new co...", step-finish, patch | [47]user: text:"Acabei de fazer push dos commits para qu..." | [48]assistant: step-start, reasoning, tool:completed, tool:completed, step-finish, patch | [49]assistant: step-start, reasoning, tool:completed, step-finish, patch | [50]assistant: step-start, reasoning, text:"Não, está pronto. O CI rodou em 36s e o ...", step-finish, patch | [51]user: text:"Após rodar os testes(https://github.com/...", file, file, file, file, text:"Called the Read tool with the following ..."(syn), text:"<path>/home/rlevidev/Projetos/rinha-2026..."(syn), text:"Called the Read tool with the following ..."(syn), text:"<path>/home/rlevidev/Projetos/rinha-2026..."(syn), text:"Called the Read tool with the following ..."(syn), text:"<path>/home/rlevidev/Projetos/rinha-2026..."(syn), text:"Called the Read tool with the following ..."(syn), text:"<path>/home/rlevidev/Projetos/rinha-2026..."(syn) | [52]assistant: step-start, reasoning, text:"Vou usar a skill de brainstorming para p...", tool:completed, step-finish, patch | [53]assistant: step-start, reasoning, tool:completed, tool:completed, tool:completed, tool:completed, step-finish, patch | [54]assistant: step-start, reasoning, tool:completed, tool:completed, tool:completed, step-finish, patch | [55]assistant: step-start, reasoning, tool:completed, tool:completed, tool:completed, step-finish, patch | [56]assistant: step-start, reasoning, tool:completed, tool:completed, tool:completed, tool:completed, tool:completed, step-finish, patch | [57]assistant: step-start, reasoning, tool:completed, tool:completed, tool:completed, tool:completed, step-finish, patch | [58]assistant: step-start, reasoning, tool:completed, tool:completed, tool:completed, tool:completed, tool:completed, tool:completed, step-finish, patch | [59]assistant: step-start, reasoning, tool:completed, tool:completed, step-finish, patch | [60]assistant: step-start, reasoning, tool:completed, tool:completed, tool:completed, step-finish, patch | [61]assistant: step-start, reasoning, tool:completed, tool:completed, step-finish, patch | [62]assistant: step-start, reasoning, tool:completed, tool:completed, step-finish, patch | [63]assistant: step-start, tool:completed, tool:completed, tool:completed, step-finish, patch | [64]assistant: step-start, tool:completed, tool:completed, tool:completed, step-finish, patch | [65]assistant: step-start, reasoning, text:"Li tudo: docs em `docs/br/`, README do V...", tool:completed, step-finish, patch | [66]assistant: step-start, reasoning, text:"Antes de propor as abordagens, preciso e...", tool:completed, step-finish, patch | [67]assistant: step-start, reasoning, text:"Boa, com as três respostas em mãos, a ab...", tool:completed, step-finish, patch | [68]assistant: step-start, reasoning, text:"Vou apresentar o design em seções curtas...", step-finish, patch | [69]user: text:"Eu aprovo" | [70]assistant: step-start, reasoning, text:"Aprovado. Vou consolidar no spec e segui...", tool:completed, tool:completed, step-finish, patch | [71]assistant: step-start, reasoning, tool:completed, step-finish, patch | [72]assistant: step-start, reasoning, text:"Self-review feito. Sem placeholders, con...", tool:completed, step-finish, patch | [73]assistant: step-start, text:"Spec written and committed. Please revie...", step-finish, patch | [74]user: text:"Continue de onde você parou", text:"<system-reminder>
Your operational mode ..."(syn)
[2026-06-02T03:02:04.909Z] message-hooks: post-filter, msgCount=75
[2026-06-02T03:02:04.909Z] message-hooks: about to search for OPENCODE_GENERIC
[2026-06-02T03:02:04.909Z] message-hooks: searching 75 messages for OPENCODE_GENERIC
[2026-06-02T03:02:04.909Z] message-hooks: found synthetic text at [0]: "Called the Read tool with the following input: {"f..." matches=false
[2026-06-02T03:02:04.909Z] message-hooks: found synthetic text at [0]: "<path>/home/rlevidev/Projetos/rinha-2026/docs/supe..." matches=false
[2026-06-02T03:02:04.909Z] message-hooks: found synthetic text at [51]: "Called the Read tool with the following input: {"f..." matches=false
[2026-06-02T03:02:04.909Z] message-hooks: found synthetic text at [51]: "<path>/home/rlevidev/Projetos/rinha-2026/results/r..." matches=false
[2026-06-02T03:02:04.909Z] message-hooks: found synthetic text at [51]: "Called the Read tool with the following input: {"f..." matches=false
[2026-06-02T03:02:04.909Z] message-hooks: found synthetic text at [51]: "<path>/home/rlevidev/Projetos/rinha-2026/oponents/..." matches=false
[2026-06-02T03:02:04.909Z] message-hooks: found synthetic text at [51]: "Called the Read tool with the following input: {"f..." matches=false
[2026-06-02T03:02:04.909Z] message-hooks: found synthetic text at [51]: "<path>/home/rlevidev/Projetos/rinha-2026/rinha-bac..." matches=false
[2026-06-02T03:02:04.909Z] message-hooks: found synthetic text at [51]: "Called the Read tool with the following input: {"f..." matches=false
[2026-06-02T03:02:04.909Z] message-hooks: found synthetic text at [51]: "<path>/home/rlevidev/Projetos/rinha-2026/docs/br/<..." matches=false
[2026-06-02T03:02:04.909Z] message-hooks: found synthetic text at [74]: "<system-reminder>
Your operational mode has change..." matches=false
[2026-06-02T03:02:04.909Z] message-hooks: generic search complete, found=false, index=-1
[2026-06-02T03:02:04.909Z] message-hooks: no generic part found, checking for pending prompt return
[2026-06-02T03:02:17.606Z] message-hooks: ENTRY msgCount=76, sessions=ses_179fa6dd5ffes60VLPY7DAUkWq
[2026-06-02T03:02:17.606Z] message-hooks: MESSAGES: [0]user: text:"Continue com a execução do plano @docs/s...", file, text:"Called the Read tool with the following ..."(syn), text:"<path>/home/rlevidev/Projetos/rinha-2026..."(syn) | [1]assistant: step-start, reasoning, tool:completed, step-finish, patch | [2]assistant: step-start, reasoning, text:"I'm using the executing-plans skill to i...", tool:completed, tool:completed, step-finish, patch | [3]assistant: step-start, reasoning, tool:completed, tool:completed, tool:completed, step-finish, patch | [4]assistant: step-start, reasoning, tool:completed, tool:completed, tool:completed, step-finish, patch | [5]assistant: step-start, reasoning, tool:completed, tool:completed, tool:completed, step-finish, patch | [6]assistant: step-start, reasoning, tool:completed, tool:completed, tool:completed, step-finish, patch | [7]assistant: step-start, reasoning, tool:completed, tool:completed, tool:completed, step-finish, patch | [8]assistant: step-start, reasoning, tool:completed, tool:completed, tool:completed, step-finish, patch | [9]assistant: step-start, reasoning, tool:completed, tool:completed, tool:completed, step-finish, patch | [10]assistant: step-start, reasoning, text:"Now I understand the state. Tasks 1-3 ar...", tool:completed, tool:completed, step-finish, patch | [11]assistant: step-start, reasoning, tool:completed, step-finish, patch | [12]assistant: step-start, tool:completed, step-finish, patch | [13]assistant: step-start, tool:completed, step-finish, patch | [14]assistant: step-start, reasoning, tool:completed, tool:completed, step-finish, patch | [15]assistant: step-start, reasoning, tool:completed, step-finish, patch | [16]assistant: step-start, reasoning, tool:completed, step-finish, patch | [17]assistant: step-start, reasoning, tool:completed, tool:completed, step-finish, patch | [18]assistant: step-start, reasoning, tool:completed, tool:completed, step-finish, patch | [19]assistant: step-start, tool:completed, step-finish, patch | [20]assistant: step-start, tool:completed, tool:completed, step-finish, patch | [21]assistant: step-start, tool:completed, step-finish, patch | [22]assistant: step-start, reasoning, tool:completed, step-finish, patch | [23]assistant: step-start, reasoning, tool:completed, step-finish, patch | [24]assistant: step-start, reasoning, tool:completed, step-finish, patch | [25]assistant: step-start, reasoning, tool:completed, step-finish, patch | [26]assistant: step-start, reasoning, tool:completed, step-finish, patch | [27]assistant: step-start, reasoning, tool:completed, tool:completed, step-finish, patch | [28]assistant: step-start, reasoning, text:"Since Docker isn't available in this env...", tool:completed, step-finish, patch | [29]assistant: step-start, tool:completed, step-finish, patch | [30]assistant: step-start, reasoning, tool:completed, tool:completed, step-finish, patch | [31]assistant: step-start, tool:completed, step-finish, patch | [32]assistant: step-start, reasoning, tool:completed, step-finish, patch | [33]assistant: step-start, tool:completed, step-finish, patch | [34]assistant: step-start, reasoning, tool:completed, tool:completed, step-finish, patch | [35]assistant: step-start, tool:completed, step-finish, patch | [36]assistant: step-start, reasoning, tool:completed, tool:completed, step-finish, patch | [37]assistant: step-start, reasoning, tool:completed, tool:completed, step-finish, patch | [38]assistant: step-start, reasoning, tool:completed, step-finish, patch | [39]assistant: step-start, reasoning, tool:completed, tool:completed, step-finish, patch | [40]assistant: step-start, reasoning, tool:completed, step-finish, patch | [41]assistant: step-start, reasoning, tool:completed, step-finish, patch | [42]assistant: step-start, tool:completed, step-finish, patch | [43]assistant: step-start, tool:completed, tool:completed, step-finish, patch | [44]assistant: step-start, reasoning, text:"Now I'll use the finishing-a-development...", tool:completed, step-finish, patch | [45]assistant: step-start, reasoning, text:"I'm using the finishing-a-development-br...", tool:completed, tool:completed, step-finish, patch | [46]assistant: step-start, reasoning, text:"Tests all pass. Plan complete — 7 new co...", step-finish, patch | [47]user: text:"Acabei de fazer push dos commits para qu..." | [48]assistant: step-start, reasoning, tool:completed, tool:completed, step-finish, patch | [49]assistant: step-start, reasoning, tool:completed, step-finish, patch | [50]assistant: step-start, reasoning, text:"Não, está pronto. O CI rodou em 36s e o ...", step-finish, patch | [51]user: text:"Após rodar os testes(https://github.com/...", file, file, file, file, text:"Called the Read tool with the following ..."(syn), text:"<path>/home/rlevidev/Projetos/rinha-2026..."(syn), text:"Called the Read tool with the following ..."(syn), text:"<path>/home/rlevidev/Projetos/rinha-2026..."(syn), text:"Called the Read tool with the following ..."(syn), text:"<path>/home/rlevidev/Projetos/rinha-2026..."(syn), text:"Called the Read tool with the following ..."(syn), text:"<path>/home/rlevidev/Projetos/rinha-2026..."(syn) | [52]assistant: step-start, reasoning, text:"Vou usar a skill de brainstorming para p...", tool:completed, step-finish, patch | [53]assistant: step-start, reasoning, tool:completed, tool:completed, tool:completed, tool:completed, step-finish, patch | [54]assistant: step-start, reasoning, tool:completed, tool:completed, tool:completed, step-finish, patch | [55]assistant: step-start, reasoning, tool:completed, tool:completed, tool:completed, step-finish, patch | [56]assistant: step-start, reasoning, tool:completed, tool:completed, tool:completed, tool:completed, tool:completed, step-finish, patch | [57]assistant: step-start, reasoning, tool:completed, tool:completed, tool:completed, tool:completed, step-finish, patch | [58]assistant: step-start, reasoning, tool:completed, tool:completed, tool:completed, tool:completed, tool:completed, tool:completed, step-finish, patch | [59]assistant: step-start, reasoning, tool:completed, tool:completed, step-finish, patch | [60]assistant: step-start, reasoning, tool:completed, tool:completed, tool:completed, step-finish, patch | [61]assistant: step-start, reasoning, tool:completed, tool:completed, step-finish, patch | [62]assistant: step-start, reasoning, tool:completed, tool:completed, step-finish, patch | [63]assistant: step-start, tool:completed, tool:completed, tool:completed, step-finish, patch | [64]assistant: step-start, tool:completed, tool:completed, tool:completed, step-finish, patch | [65]assistant: step-start, reasoning, text:"Li tudo: docs em `docs/br/`, README do V...", tool:completed, step-finish, patch | [66]assistant: step-start, reasoning, text:"Antes de propor as abordagens, preciso e...", tool:completed, step-finish, patch | [67]assistant: step-start, reasoning, text:"Boa, com as três respostas em mãos, a ab...", tool:completed, step-finish, patch | [68]assistant: step-start, reasoning, text:"Vou apresentar o design em seções curtas...", step-finish, patch | [69]user: text:"Eu aprovo" | [70]assistant: step-start, reasoning, text:"Aprovado. Vou consolidar no spec e segui...", tool:completed, tool:completed, step-finish, patch | [71]assistant: step-start, reasoning, tool:completed, step-finish, patch | [72]assistant: step-start, reasoning, text:"Self-review feito. Sem placeholders, con...", tool:completed, step-finish, patch | [73]assistant: step-start, text:"Spec written and committed. Please revie...", step-finish, patch | [74]user: text:"Continue de onde você parou", text:"<system-reminder>
Your operational mode ..."(syn) | [75]assistant: step-start, reasoning, text:"Spec aprovado. Vou invocar o writing-pla...", tool:completed, step-finish, patch
[2026-06-02T03:02:17.606Z] message-hooks: post-filter, msgCount=76
[2026-06-02T03:02:17.606Z] message-hooks: about to search for OPENCODE_GENERIC
[2026-06-02T03:02:17.606Z] message-hooks: searching 76 messages for OPENCODE_GENERIC
[2026-06-02T03:02:17.606Z] message-hooks: found synthetic text at [0]: "Called the Read tool with the following input: {"f..." matches=false
[2026-06-02T03:02:17.606Z] message-hooks: found synthetic text at [0]: "<path>/home/rlevidev/Projetos/rinha-2026/docs/supe..." matches=false
[2026-06-02T03:02:17.606Z] message-hooks: found synthetic text at [51]: "Called the Read tool with the following input: {"f..." matches=false
[2026-06-02T03:02:17.606Z] message-hooks: found synthetic text at [51]: "<path>/home/rlevidev/Projetos/rinha-2026/results/r..." matches=false
[2026-06-02T03:02:17.606Z] message-hooks: found synthetic text at [51]: "Called the Read tool with the following input: {"f..." matches=false
[2026-06-02T03:02:17.606Z] message-hooks: found synthetic text at [51]: "<path>/home/rlevidev/Projetos/rinha-2026/oponents/..." matches=false
[2026-06-02T03:02:17.606Z] message-hooks: found synthetic text at [51]: "Called the Read tool with the following input: {"f..." matches=false
[2026-06-02T03:02:17.606Z] message-hooks: found synthetic text at [51]: "<path>/home/rlevidev/Projetos/rinha-2026/rinha-bac..." matches=false
[2026-06-02T03:02:17.606Z] message-hooks: found synthetic text at [51]: "Called the Read tool with the following input: {"f..." matches=false
[2026-06-02T03:02:17.606Z] message-hooks: found synthetic text at [51]: "<path>/home/rlevidev/Projetos/rinha-2026/docs/br/<..." matches=false
[2026-06-02T03:02:17.606Z] message-hooks: found synthetic text at [74]: "<system-reminder>
Your operational mode has change..." matches=false
[2026-06-02T03:02:17.606Z] message-hooks: generic search complete, found=false, index=-1
[2026-06-02T03:02:17.606Z] message-hooks: no generic part found, checking for pending prompt return
[2026-06-02T03:03:25.608Z] message-hooks: ENTRY msgCount=77, sessions=ses_179fa6dd5ffes60VLPY7DAUkWq
[2026-06-02T03:03:25.608Z] message-hooks: MESSAGES: [0]user: text:"Continue com a execução do plano @docs/s...", file, text:"Called the Read tool with the following ..."(syn), text:"<path>/home/rlevidev/Projetos/rinha-2026..."(syn) | [1]assistant: step-start, reasoning, tool:completed, step-finish, patch | [2]assistant: step-start, reasoning, text:"I'm using the executing-plans skill to i...", tool:completed, tool:completed, step-finish, patch | [3]assistant: step-start, reasoning, tool:completed, tool:completed, tool:completed, step-finish, patch | [4]assistant: step-start, reasoning, tool:completed, tool:completed, tool:completed, step-finish, patch | [5]assistant: step-start, reasoning, tool:completed, tool:completed, tool:completed, step-finish, patch | [6]assistant: step-start, reasoning, tool:completed, tool:completed, tool:completed, step-finish, patch | [7]assistant: step-start, reasoning, tool:completed, tool:completed, tool:completed, step-finish, patch | [8]assistant: step-start, reasoning, tool:completed, tool:completed, tool:completed, step-finish, patch | [9]assistant: step-start, reasoning, tool:completed, tool:completed, tool:completed, step-finish, patch | [10]assistant: step-start, reasoning, text:"Now I understand the state. Tasks 1-3 ar...", tool:completed, tool:completed, step-finish, patch | [11]assistant: step-start, reasoning, tool:completed, step-finish, patch | [12]assistant: step-start, tool:completed, step-finish, patch | [13]assistant: step-start, tool:completed, step-finish, patch | [14]assistant: step-start, reasoning, tool:completed, tool:completed, step-finish, patch | [15]assistant: step-start, reasoning, tool:completed, step-finish, patch | [16]assistant: step-start, reasoning, tool:completed, step-finish, patch | [17]assistant: step-start, reasoning, tool:completed, tool:completed, step-finish, patch | [18]assistant: step-start, reasoning, tool:completed, tool:completed, step-finish, patch | [19]assistant: step-start, tool:completed, step-finish, patch | [20]assistant: step-start, tool:completed, tool:completed, step-finish, patch | [21]assistant: step-start, tool:completed, step-finish, patch | [22]assistant: step-start, reasoning, tool:completed, step-finish, patch | [23]assistant: step-start, reasoning, tool:completed, step-finish, patch | [24]assistant: step-start, reasoning, tool:completed, step-finish, patch | [25]assistant: step-start, reasoning, tool:completed, step-finish, patch | [26]assistant: step-start, reasoning, tool:completed, step-finish, patch | [27]assistant: step-start, reasoning, tool:completed, tool:completed, step-finish, patch | [28]assistant: step-start, reasoning, text:"Since Docker isn't available in this env...", tool:completed, step-finish, patch | [29]assistant: step-start, tool:completed, step-finish, patch | [30]assistant: step-start, reasoning, tool:completed, tool:completed, step-finish, patch | [31]assistant: step-start, tool:completed, step-finish, patch | [32]assistant: step-start, reasoning, tool:completed, step-finish, patch | [33]assistant: step-start, tool:completed, step-finish, patch | [34]assistant: step-start, reasoning, tool:completed, tool:completed, step-finish, patch | [35]assistant: step-start, tool:completed, step-finish, patch | [36]assistant: step-start, reasoning, tool:completed, tool:completed, step-finish, patch | [37]assistant: step-start, reasoning, tool:completed, tool:completed, step-finish, patch | [38]assistant: step-start, reasoning, tool:completed, step-finish, patch | [39]assistant: step-start, reasoning, tool:completed, tool:completed, step-finish, patch | [40]assistant: step-start, reasoning, tool:completed, step-finish, patch | [41]assistant: step-start, reasoning, tool:completed, step-finish, patch | [42]assistant: step-start, tool:completed, step-finish, patch | [43]assistant: step-start, tool:completed, tool:completed, step-finish, patch | [44]assistant: step-start, reasoning, text:"Now I'll use the finishing-a-development...", tool:completed, step-finish, patch | [45]assistant: step-start, reasoning, text:"I'm using the finishing-a-development-br...", tool:completed, tool:completed, step-finish, patch | [46]assistant: step-start, reasoning, text:"Tests all pass. Plan complete — 7 new co...", step-finish, patch | [47]user: text:"Acabei de fazer push dos commits para qu..." | [48]assistant: step-start, reasoning, tool:completed, tool:completed, step-finish, patch | [49]assistant: step-start, reasoning, tool:completed, step-finish, patch | [50]assistant: step-start, reasoning, text:"Não, está pronto. O CI rodou em 36s e o ...", step-finish, patch | [51]user: text:"Após rodar os testes(https://github.com/...", file, file, file, file, text:"Called the Read tool with the following ..."(syn), text:"<path>/home/rlevidev/Projetos/rinha-2026..."(syn), text:"Called the Read tool with the following ..."(syn), text:"<path>/home/rlevidev/Projetos/rinha-2026..."(syn), text:"Called the Read tool with the following ..."(syn), text:"<path>/home/rlevidev/Projetos/rinha-2026..."(syn), text:"Called the Read tool with the following ..."(syn), text:"<path>/home/rlevidev/Projetos/rinha-2026..."(syn) | [52]assistant: step-start, reasoning, text:"Vou usar a skill de brainstorming para p...", tool:completed, step-finish, patch | [53]assistant: step-start, reasoning, tool:completed, tool:completed, tool:completed, tool:completed, step-finish, patch | [54]assistant: step-start, reasoning, tool:completed, tool:completed, tool:completed, step-finish, patch | [55]assistant: step-start, reasoning, tool:completed, tool:completed, tool:completed, step-finish, patch | [56]assistant: step-start, reasoning, tool:completed, tool:completed, tool:completed, tool:completed, tool:completed, step-finish, patch | [57]assistant: step-start, reasoning, tool:completed, tool:completed, tool:completed, tool:completed, step-finish, patch | [58]assistant: step-start, reasoning, tool:completed, tool:completed, tool:completed, tool:completed, tool:completed, tool:completed, step-finish, patch | [59]assistant: step-start, reasoning, tool:completed, tool:completed, step-finish, patch | [60]assistant: step-start, reasoning, tool:completed, tool:completed, tool:completed, step-finish, patch | [61]assistant: step-start, reasoning, tool:completed, tool:completed, step-finish, patch | [62]assistant: step-start, reasoning, tool:completed, tool:completed, step-finish, patch | [63]assistant: step-start, tool:completed, tool:completed, tool:completed, step-finish, patch | [64]assistant: step-start, tool:completed, tool:completed, tool:completed, step-finish, patch | [65]assistant: step-start, reasoning, text:"Li tudo: docs em `docs/br/`, README do V...", tool:completed, step-finish, patch | [66]assistant: step-start, reasoning, text:"Antes de propor as abordagens, preciso e...", tool:completed, step-finish, patch | [67]assistant: step-start, reasoning, text:"Boa, com as três respostas em mãos, a ab...", tool:completed, step-finish, patch | [68]assistant: step-start, reasoning, text:"Vou apresentar o design em seções curtas...", step-finish, patch | [69]user: text:"Eu aprovo" | [70]assistant: step-start, reasoning, text:"Aprovado. Vou consolidar no spec e segui...", tool:completed, tool:completed, step-finish, patch | [71]assistant: step-start, reasoning, tool:completed, step-finish, patch | [72]assistant: step-start, reasoning, text:"Self-review feito. Sem placeholders, con...", tool:completed, step-finish, patch | [73]assistant: step-start, text:"Spec written and committed. Please revie...", step-finish, patch | [74]user: text:"Continue de onde você parou", text:"<system-reminder>
Your operational mode ..."(syn) | [75]assistant: step-start, reasoning, text:"Spec aprovado. Vou invocar o writing-pla...", tool:completed, step-finish, patch | [76]assistant: step-start, reasoning, text:"Usando writing-plans para criar o plano ...", tool:completed, step-finish, patch
[2026-06-02T03:03:25.608Z] message-hooks: post-filter, msgCount=77
[2026-06-02T03:03:25.608Z] message-hooks: about to search for OPENCODE_GENERIC
[2026-06-02T03:03:25.608Z] message-hooks: searching 77 messages for OPENCODE_GENERIC
[2026-06-02T03:03:25.608Z] message-hooks: found synthetic text at [0]: "Called the Read tool with the following input: {"f..." matches=false
[2026-06-02T03:03:25.608Z] message-hooks: found synthetic text at [0]: "<path>/home/rlevidev/Projetos/rinha-2026/docs/supe..." matches=false
[2026-06-02T03:03:25.608Z] message-hooks: found synthetic text at [51]: "Called the Read tool with the following input: {"f..." matches=false
[2026-06-02T03:03:25.608Z] message-hooks: found synthetic text at [51]: "<path>/home/rlevidev/Projetos/rinha-2026/results/r..." matches=false
[2026-06-02T03:03:25.608Z] message-hooks: found synthetic text at [51]: "Called the Read tool with the following input: {"f..." matches=false
[2026-06-02T03:03:25.608Z] message-hooks: found synthetic text at [51]: "<path>/home/rlevidev/Projetos/rinha-2026/oponents/..." matches=false
[2026-06-02T03:03:25.608Z] message-hooks: found synthetic text at [51]: "Called the Read tool with the following input: {"f..." matches=false
[2026-06-02T03:03:25.608Z] message-hooks: found synthetic text at [51]: "<path>/home/rlevidev/Projetos/rinha-2026/rinha-bac..." matches=false
[2026-06-02T03:03:25.608Z] message-hooks: found synthetic text at [51]: "Called the Read tool with the following input: {"f..." matches=false
[2026-06-02T03:03:25.608Z] message-hooks: found synthetic text at [51]: "<path>/home/rlevidev/Projetos/rinha-2026/docs/br/<..." matches=false
[2026-06-02T03:03:25.608Z] message-hooks: found synthetic text at [74]: "<system-reminder>
Your operational mode has change..." matches=false
[2026-06-02T03:03:25.608Z] message-hooks: generic search complete, found=false, index=-1
[2026-06-02T03:03:25.608Z] message-hooks: no generic part found, checking for pending prompt return
[2026-06-02T03:03:32.074Z] message-hooks: ENTRY msgCount=78, sessions=ses_179fa6dd5ffes60VLPY7DAUkWq
[2026-06-02T03:03:32.074Z] message-hooks: MESSAGES: [0]user: text:"Continue com a execução do plano @docs/s...", file, text:"Called the Read tool with the following ..."(syn), text:"<path>/home/rlevidev/Projetos/rinha-2026..."(syn) | [1]assistant: step-start, reasoning, tool:completed, step-finish, patch | [2]assistant: step-start, reasoning, text:"I'm using the executing-plans skill to i...", tool:completed, tool:completed, step-finish, patch | [3]assistant: step-start, reasoning, tool:completed, tool:completed, tool:completed, step-finish, patch | [4]assistant: step-start, reasoning, tool:completed, tool:completed, tool:completed, step-finish, patch | [5]assistant: step-start, reasoning, tool:completed, tool:completed, tool:completed, step-finish, patch | [6]assistant: step-start, reasoning, tool:completed, tool:completed, tool:completed, step-finish, patch | [7]assistant: step-start, reasoning, tool:completed, tool:completed, tool:completed, step-finish, patch | [8]assistant: step-start, reasoning, tool:completed, tool:completed, tool:completed, step-finish, patch | [9]assistant: step-start, reasoning, tool:completed, tool:completed, tool:completed, step-finish, patch | [10]assistant: step-start, reasoning, text:"Now I understand the state. Tasks 1-3 ar...", tool:completed, tool:completed, step-finish, patch | [11]assistant: step-start, reasoning, tool:completed, step-finish, patch | [12]assistant: step-start, tool:completed, step-finish, patch | [13]assistant: step-start, tool:completed, step-finish, patch | [14]assistant: step-start, reasoning, tool:completed, tool:completed, step-finish, patch | [15]assistant: step-start, reasoning, tool:completed, step-finish, patch | [16]assistant: step-start, reasoning, tool:completed, step-finish, patch | [17]assistant: step-start, reasoning, tool:completed, tool:completed, step-finish, patch | [18]assistant: step-start, reasoning, tool:completed, tool:completed, step-finish, patch | [19]assistant: step-start, tool:completed, step-finish, patch | [20]assistant: step-start, tool:completed, tool:completed, step-finish, patch | [21]assistant: step-start, tool:completed, step-finish, patch | [22]assistant: step-start, reasoning, tool:completed, step-finish, patch | [23]assistant: step-start, reasoning, tool:completed, step-finish, patch | [24]assistant: step-start, reasoning, tool:completed, step-finish, patch | [25]assistant: step-start, reasoning, tool:completed, step-finish, patch | [26]assistant: step-start, reasoning, tool:completed, step-finish, patch | [27]assistant: step-start, reasoning, tool:completed, tool:completed, step-finish, patch | [28]assistant: step-start, reasoning, text:"Since Docker isn't available in this env...", tool:completed, step-finish, patch | [29]assistant: step-start, tool:completed, step-finish, patch | [30]assistant: step-start, reasoning, tool:completed, tool:completed, step-finish, patch | [31]assistant: step-start, tool:completed, step-finish, patch | [32]assistant: step-start, reasoning, tool:completed, step-finish, patch | [33]assistant: step-start, tool:completed, step-finish, patch | [34]assistant: step-start, reasoning, tool:completed, tool:completed, step-finish, patch | [35]assistant: step-start, tool:completed, step-finish, patch | [36]assistant: step-start, reasoning, tool:completed, tool:completed, step-finish, patch | [37]assistant: step-start, reasoning, tool:completed, tool:completed, step-finish, patch | [38]assistant: step-start, reasoning, tool:completed, step-finish, patch | [39]assistant: step-start, reasoning, tool:completed, tool:completed, step-finish, patch | [40]assistant: step-start, reasoning, tool:completed, step-finish, patch | [41]assistant: step-start, reasoning, tool:completed, step-finish, patch | [42]assistant: step-start, tool:completed, step-finish, patch | [43]assistant: step-start, tool:completed, tool:completed, step-finish, patch | [44]assistant: step-start, reasoning, text:"Now I'll use the finishing-a-development...", tool:completed, step-finish, patch | [45]assistant: step-start, reasoning, text:"I'm using the finishing-a-development-br...", tool:completed, tool:completed, step-finish, patch | [46]assistant: step-start, reasoning, text:"Tests all pass. Plan complete — 7 new co...", step-finish, patch | [47]user: text:"Acabei de fazer push dos commits para qu..." | [48]assistant: step-start, reasoning, tool:completed, tool:completed, step-finish, patch | [49]assistant: step-start, reasoning, tool:completed, step-finish, patch | [50]assistant: step-start, reasoning, text:"Não, está pronto. O CI rodou em 36s e o ...", step-finish, patch | [51]user: text:"Após rodar os testes(https://github.com/...", file, file, file, file, text:"Called the Read tool with the following ..."(syn), text:"<path>/home/rlevidev/Projetos/rinha-2026..."(syn), text:"Called the Read tool with the following ..."(syn), text:"<path>/home/rlevidev/Projetos/rinha-2026..."(syn), text:"Called the Read tool with the following ..."(syn), text:"<path>/home/rlevidev/Projetos/rinha-2026..."(syn), text:"Called the Read tool with the following ..."(syn), text:"<path>/home/rlevidev/Projetos/rinha-2026..."(syn) | [52]assistant: step-start, reasoning, text:"Vou usar a skill de brainstorming para p...", tool:completed, step-finish, patch | [53]assistant: step-start, reasoning, tool:completed, tool:completed, tool:completed, tool:completed, step-finish, patch | [54]assistant: step-start, reasoning, tool:completed, tool:completed, tool:completed, step-finish, patch | [55]assistant: step-start, reasoning, tool:completed, tool:completed, tool:completed, step-finish, patch | [56]assistant: step-start, reasoning, tool:completed, tool:completed, tool:completed, tool:completed, tool:completed, step-finish, patch | [57]assistant: step-start, reasoning, tool:completed, tool:completed, tool:completed, tool:completed, step-finish, patch | [58]assistant: step-start, reasoning, tool:completed, tool:completed, tool:completed, tool:completed, tool:completed, tool:completed, step-finish, patch | [59]assistant: step-start, reasoning, tool:completed, tool:completed, step-finish, patch | [60]assistant: step-start, reasoning, tool:completed, tool:completed, tool:completed, step-finish, patch | [61]assistant: step-start, reasoning, tool:completed, tool:completed, step-finish, patch | [62]assistant: step-start, reasoning, tool:completed, tool:completed, step-finish, patch | [63]assistant: step-start, tool:completed, tool:completed, tool:completed, step-finish, patch | [64]assistant: step-start, tool:completed, tool:completed, tool:completed, step-finish, patch | [65]assistant: step-start, reasoning, text:"Li tudo: docs em `docs/br/`, README do V...", tool:completed, step-finish, patch | [66]assistant: step-start, reasoning, text:"Antes de propor as abordagens, preciso e...", tool:completed, step-finish, patch | [67]assistant: step-start, reasoning, text:"Boa, com as três respostas em mãos, a ab...", tool:completed, step-finish, patch | [68]assistant: step-start, reasoning, text:"Vou apresentar o design em seções curtas...", step-finish, patch | [69]user: text:"Eu aprovo" | [70]assistant: step-start, reasoning, text:"Aprovado. Vou consolidar no spec e segui...", tool:completed, tool:completed, step-finish, patch | [71]assistant: step-start, reasoning, tool:completed, step-finish, patch | [72]assistant: step-start, reasoning, text:"Self-review feito. Sem placeholders, con...", tool:completed, step-finish, patch | [73]assistant: step-start, text:"Spec written and committed. Please revie...", step-finish, patch | [74]user: text:"Continue de onde você parou", text:"<system-reminder>
Your operational mode ..."(syn) | [75]assistant: step-start, reasoning, text:"Spec aprovado. Vou invocar o writing-pla...", tool:completed, step-finish, patch | [76]assistant: step-start, reasoning, text:"Usando writing-plans para criar o plano ...", tool:completed, step-finish, patch | [77]assistant: step-start, reasoning, text:"Self-review encontrou gaps: `subparse.go...", tool:completed, step-finish, patch
[2026-06-02T03:03:32.074Z] message-hooks: post-filter, msgCount=78
[2026-06-02T03:03:32.074Z] message-hooks: about to search for OPENCODE_GENERIC
[2026-06-02T03:03:32.074Z] message-hooks: searching 78 messages for OPENCODE_GENERIC
[2026-06-02T03:03:32.074Z] message-hooks: found synthetic text at [0]: "Called the Read tool with the following input: {"f..." matches=false
[2026-06-02T03:03:32.074Z] message-hooks: found synthetic text at [0]: "<path>/home/rlevidev/Projetos/rinha-2026/docs/supe..." matches=false
[2026-06-02T03:03:32.074Z] message-hooks: found synthetic text at [51]: "Called the Read tool with the following input: {"f..." matches=false
[2026-06-02T03:03:32.074Z] message-hooks: found synthetic text at [51]: "<path>/home/rlevidev/Projetos/rinha-2026/results/r..." matches=false
[2026-06-02T03:03:32.074Z] message-hooks: found synthetic text at [51]: "Called the Read tool with the following input: {"f..." matches=false
[2026-06-02T03:03:32.074Z] message-hooks: found synthetic text at [51]: "<path>/home/rlevidev/Projetos/rinha-2026/oponents/..." matches=false
[2026-06-02T03:03:32.074Z] message-hooks: found synthetic text at [51]: "Called the Read tool with the following input: {"f..." matches=false
[2026-06-02T03:03:32.074Z] message-hooks: found synthetic text at [51]: "<path>/home/rlevidev/Projetos/rinha-2026/rinha-bac..." matches=false
[2026-06-02T03:03:32.074Z] message-hooks: found synthetic text at [51]: "Called the Read tool with the following input: {"f..." matches=false
[2026-06-02T03:03:32.074Z] message-hooks: found synthetic text at [51]: "<path>/home/rlevidev/Projetos/rinha-2026/docs/br/<..." matches=false
[2026-06-02T03:03:32.074Z] message-hooks: found synthetic text at [74]: "<system-reminder>
Your operational mode has change..." matches=false
[2026-06-02T03:03:32.074Z] message-hooks: generic search complete, found=false, index=-1
[2026-06-02T03:03:32.074Z] message-hooks: no generic part found, checking for pending prompt return
[2026-06-02T03:03:40.051Z] message-hooks: ENTRY msgCount=79, sessions=ses_179fa6dd5ffes60VLPY7DAUkWq
[2026-06-02T03:03:40.051Z] message-hooks: MESSAGES: [0]user: text:"Continue com a execução do plano @docs/s...", file, text:"Called the Read tool with the following ..."(syn), text:"<path>/home/rlevidev/Projetos/rinha-2026..."(syn) | [1]assistant: step-start, reasoning, tool:completed, step-finish, patch | [2]assistant: step-start, reasoning, text:"I'm using the executing-plans skill to i...", tool:completed, tool:completed, step-finish, patch | [3]assistant: step-start, reasoning, tool:completed, tool:completed, tool:completed, step-finish, patch | [4]assistant: step-start, reasoning, tool:completed, tool:completed, tool:completed, step-finish, patch | [5]assistant: step-start, reasoning, tool:completed, tool:completed, tool:completed, step-finish, patch | [6]assistant: step-start, reasoning, tool:completed, tool:completed, tool:completed, step-finish, patch | [7]assistant: step-start, reasoning, tool:completed, tool:completed, tool:completed, step-finish, patch | [8]assistant: step-start, reasoning, tool:completed, tool:completed, tool:completed, step-finish, patch | [9]assistant: step-start, reasoning, tool:completed, tool:completed, tool:completed, step-finish, patch | [10]assistant: step-start, reasoning, text:"Now I understand the state. Tasks 1-3 ar...", tool:completed, tool:completed, step-finish, patch | [11]assistant: step-start, reasoning, tool:completed, step-finish, patch | [12]assistant: step-start, tool:completed, step-finish, patch | [13]assistant: step-start, tool:completed, step-finish, patch | [14]assistant: step-start, reasoning, tool:completed, tool:completed, step-finish, patch | [15]assistant: step-start, reasoning, tool:completed, step-finish, patch | [16]assistant: step-start, reasoning, tool:completed, step-finish, patch | [17]assistant: step-start, reasoning, tool:completed, tool:completed, step-finish, patch | [18]assistant: step-start, reasoning, tool:completed, tool:completed, step-finish, patch | [19]assistant: step-start, tool:completed, step-finish, patch | [20]assistant: step-start, tool:completed, tool:completed, step-finish, patch | [21]assistant: step-start, tool:completed, step-finish, patch | [22]assistant: step-start, reasoning, tool:completed, step-finish, patch | [23]assistant: step-start, reasoning, tool:completed, step-finish, patch | [24]assistant: step-start, reasoning, tool:completed, step-finish, patch | [25]assistant: step-start, reasoning, tool:completed, step-finish, patch | [26]assistant: step-start, reasoning, tool:completed, step-finish, patch | [27]assistant: step-start, reasoning, tool:completed, tool:completed, step-finish, patch | [28]assistant: step-start, reasoning, text:"Since Docker isn't available in this env...", tool:completed, step-finish, patch | [29]assistant: step-start, tool:completed, step-finish, patch | [30]assistant: step-start, reasoning, tool:completed, tool:completed, step-finish, patch | [31]assistant: step-start, tool:completed, step-finish, patch | [32]assistant: step-start, reasoning, tool:completed, step-finish, patch | [33]assistant: step-start, tool:completed, step-finish, patch | [34]assistant: step-start, reasoning, tool:completed, tool:completed, step-finish, patch | [35]assistant: step-start, tool:completed, step-finish, patch | [36]assistant: step-start, reasoning, tool:completed, tool:completed, step-finish, patch | [37]assistant: step-start, reasoning, tool:completed, tool:completed, step-finish, patch | [38]assistant: step-start, reasoning, tool:completed, step-finish, patch | [39]assistant: step-start, reasoning, tool:completed, tool:completed, step-finish, patch | [40]assistant: step-start, reasoning, tool:completed, step-finish, patch | [41]assistant: step-start, reasoning, tool:completed, step-finish, patch | [42]assistant: step-start, tool:completed, step-finish, patch | [43]assistant: step-start, tool:completed, tool:completed, step-finish, patch | [44]assistant: step-start, reasoning, text:"Now I'll use the finishing-a-development...", tool:completed, step-finish, patch | [45]assistant: step-start, reasoning, text:"I'm using the finishing-a-development-br...", tool:completed, tool:completed, step-finish, patch | [46]assistant: step-start, reasoning, text:"Tests all pass. Plan complete — 7 new co...", step-finish, patch | [47]user: text:"Acabei de fazer push dos commits para qu..." | [48]assistant: step-start, reasoning, tool:completed, tool:completed, step-finish, patch | [49]assistant: step-start, reasoning, tool:completed, step-finish, patch | [50]assistant: step-start, reasoning, text:"Não, está pronto. O CI rodou em 36s e o ...", step-finish, patch | [51]user: text:"Após rodar os testes(https://github.com/...", file, file, file, file, text:"Called the Read tool with the following ..."(syn), text:"<path>/home/rlevidev/Projetos/rinha-2026..."(syn), text:"Called the Read tool with the following ..."(syn), text:"<path>/home/rlevidev/Projetos/rinha-2026..."(syn), text:"Called the Read tool with the following ..."(syn), text:"<path>/home/rlevidev/Projetos/rinha-2026..."(syn), text:"Called the Read tool with the following ..."(syn), text:"<path>/home/rlevidev/Projetos/rinha-2026..."(syn) | [52]assistant: step-start, reasoning, text:"Vou usar a skill de brainstorming para p...", tool:completed, step-finish, patch | [53]assistant: step-start, reasoning, tool:completed, tool:completed, tool:completed, tool:completed, step-finish, patch | [54]assistant: step-start, reasoning, tool:completed, tool:completed, tool:completed, step-finish, patch | [55]assistant: step-start, reasoning, tool:completed, tool:completed, tool:completed, step-finish, patch | [56]assistant: step-start, reasoning, tool:completed, tool:completed, tool:completed, tool:completed, tool:completed, step-finish, patch | [57]assistant: step-start, reasoning, tool:completed, tool:completed, tool:completed, tool:completed, step-finish, patch | [58]assistant: step-start, reasoning, tool:completed, tool:completed, tool:completed, tool:completed, tool:completed, tool:completed, step-finish, patch | [59]assistant: step-start, reasoning, tool:completed, tool:completed, step-finish, patch | [60]assistant: step-start, reasoning, tool:completed, tool:completed, tool:completed, step-finish, patch | [61]assistant: step-start, reasoning, tool:completed, tool:completed, step-finish, patch | [62]assistant: step-start, reasoning, tool:completed, tool:completed, step-finish, patch | [63]assistant: step-start, tool:completed, tool:completed, tool:completed, step-finish, patch | [64]assistant: step-start, tool:completed, tool:completed, tool:completed, step-finish, patch | [65]assistant: step-start, reasoning, text:"Li tudo: docs em `docs/br/`, README do V...", tool:completed, step-finish, patch | [66]assistant: step-start, reasoning, text:"Antes de propor as abordagens, preciso e...", tool:completed, step-finish, patch | [67]assistant: step-start, reasoning, text:"Boa, com as três respostas em mãos, a ab...", tool:completed, step-finish, patch | [68]assistant: step-start, reasoning, text:"Vou apresentar o design em seções curtas...", step-finish, patch | [69]user: text:"Eu aprovo" | [70]assistant: step-start, reasoning, text:"Aprovado. Vou consolidar no spec e segui...", tool:completed, tool:completed, step-finish, patch | [71]assistant: step-start, reasoning, tool:completed, step-finish, patch | [72]assistant: step-start, reasoning, text:"Self-review feito. Sem placeholders, con...", tool:completed, step-finish, patch | [73]assistant: step-start, text:"Spec written and committed. Please revie...", step-finish, patch | [74]user: text:"Continue de onde você parou", text:"<system-reminder>
Your operational mode ..."(syn) | [75]assistant: step-start, reasoning, text:"Spec aprovado. Vou invocar o writing-pla...", tool:completed, step-finish, patch | [76]assistant: step-start, reasoning, text:"Usando writing-plans para criar o plano ...", tool:completed, step-finish, patch | [77]assistant: step-start, reasoning, text:"Self-review encontrou gaps: `subparse.go...", tool:completed, step-finish, patch | [78]assistant: step-start, reasoning, tool:completed, step-finish, patch
[2026-06-02T03:03:40.051Z] message-hooks: post-filter, msgCount=79
[2026-06-02T03:03:40.051Z] message-hooks: about to search for OPENCODE_GENERIC
[2026-06-02T03:03:40.051Z] message-hooks: searching 79 messages for OPENCODE_GENERIC
[2026-06-02T03:03:40.051Z] message-hooks: found synthetic text at [0]: "Called the Read tool with the following input: {"f..." matches=false
[2026-06-02T03:03:40.051Z] message-hooks: found synthetic text at [0]: "<path>/home/rlevidev/Projetos/rinha-2026/docs/supe..." matches=false
[2026-06-02T03:03:40.051Z] message-hooks: found synthetic text at [51]: "Called the Read tool with the following input: {"f..." matches=false
[2026-06-02T03:03:40.051Z] message-hooks: found synthetic text at [51]: "<path>/home/rlevidev/Projetos/rinha-2026/results/r..." matches=false
[2026-06-02T03:03:40.051Z] message-hooks: found synthetic text at [51]: "Called the Read tool with the following input: {"f..." matches=false
[2026-06-02T03:03:40.051Z] message-hooks: found synthetic text at [51]: "<path>/home/rlevidev/Projetos/rinha-2026/oponents/..." matches=false
[2026-06-02T03:03:40.051Z] message-hooks: found synthetic text at [51]: "Called the Read tool with the following input: {"f..." matches=false
[2026-06-02T03:03:40.051Z] message-hooks: found synthetic text at [51]: "<path>/home/rlevidev/Projetos/rinha-2026/rinha-bac..." matches=false
[2026-06-02T03:03:40.051Z] message-hooks: found synthetic text at [51]: "Called the Read tool with the following input: {"f..." matches=false
[2026-06-02T03:03:40.051Z] message-hooks: found synthetic text at [51]: "<path>/home/rlevidev/Projetos/rinha-2026/docs/br/<..." matches=false
[2026-06-02T03:03:40.051Z] message-hooks: found synthetic text at [74]: "<system-reminder>
Your operational mode has change..." matches=false
[2026-06-02T03:03:40.051Z] message-hooks: generic search complete, found=false, index=-1
[2026-06-02T03:03:40.051Z] message-hooks: no generic part found, checking for pending prompt return
[2026-06-02T03:03:44.202Z] message-hooks: ENTRY msgCount=80, sessions=ses_179fa6dd5ffes60VLPY7DAUkWq
[2026-06-02T03:03:44.202Z] message-hooks: MESSAGES: [0]user: text:"Continue com a execução do plano @docs/s...", file, text:"Called the Read tool with the following ..."(syn), text:"<path>/home/rlevidev/Projetos/rinha-2026..."(syn) | [1]assistant: step-start, reasoning, tool:completed, step-finish, patch | [2]assistant: step-start, reasoning, text:"I'm using the executing-plans skill to i...", tool:completed, tool:completed, step-finish, patch | [3]assistant: step-start, reasoning, tool:completed, tool:completed, tool:completed, step-finish, patch | [4]assistant: step-start, reasoning, tool:completed, tool:completed, tool:completed, step-finish, patch | [5]assistant: step-start, reasoning, tool:completed, tool:completed, tool:completed, step-finish, patch | [6]assistant: step-start, reasoning, tool:completed, tool:completed, tool:completed, step-finish, patch | [7]assistant: step-start, reasoning, tool:completed, tool:completed, tool:completed, step-finish, patch | [8]assistant: step-start, reasoning, tool:completed, tool:completed, tool:completed, step-finish, patch | [9]assistant: step-start, reasoning, tool:completed, tool:completed, tool:completed, step-finish, patch | [10]assistant: step-start, reasoning, text:"Now I understand the state. Tasks 1-3 ar...", tool:completed, tool:completed, step-finish, patch | [11]assistant: step-start, reasoning, tool:completed, step-finish, patch | [12]assistant: step-start, tool:completed, step-finish, patch | [13]assistant: step-start, tool:completed, step-finish, patch | [14]assistant: step-start, reasoning, tool:completed, tool:completed, step-finish, patch | [15]assistant: step-start, reasoning, tool:completed, step-finish, patch | [16]assistant: step-start, reasoning, tool:completed, step-finish, patch | [17]assistant: step-start, reasoning, tool:completed, tool:completed, step-finish, patch | [18]assistant: step-start, reasoning, tool:completed, tool:completed, step-finish, patch | [19]assistant: step-start, tool:completed, step-finish, patch | [20]assistant: step-start, tool:completed, tool:completed, step-finish, patch | [21]assistant: step-start, tool:completed, step-finish, patch | [22]assistant: step-start, reasoning, tool:completed, step-finish, patch | [23]assistant: step-start, reasoning, tool:completed, step-finish, patch | [24]assistant: step-start, reasoning, tool:completed, step-finish, patch | [25]assistant: step-start, reasoning, tool:completed, step-finish, patch | [26]assistant: step-start, reasoning, tool:completed, step-finish, patch | [27]assistant: step-start, reasoning, tool:completed, tool:completed, step-finish, patch | [28]assistant: step-start, reasoning, text:"Since Docker isn't available in this env...", tool:completed, step-finish, patch | [29]assistant: step-start, tool:completed, step-finish, patch | [30]assistant: step-start, reasoning, tool:completed, tool:completed, step-finish, patch | [31]assistant: step-start, tool:completed, step-finish, patch | [32]assistant: step-start, reasoning, tool:completed, step-finish, patch | [33]assistant: step-start, tool:completed, step-finish, patch | [34]assistant: step-start, reasoning, tool:completed, tool:completed, step-finish, patch | [35]assistant: step-start, tool:completed, step-finish, patch | [36]assistant: step-start, reasoning, tool:completed, tool:completed, step-finish, patch | [37]assistant: step-start, reasoning, tool:completed, tool:completed, step-finish, patch | [38]assistant: step-start, reasoning, tool:completed, step-finish, patch | [39]assistant: step-start, reasoning, tool:completed, tool:completed, step-finish, patch | [40]assistant: step-start, reasoning, tool:completed, step-finish, patch | [41]assistant: step-start, reasoning, tool:completed, step-finish, patch | [42]assistant: step-start, tool:completed, step-finish, patch | [43]assistant: step-start, tool:completed, tool:completed, step-finish, patch | [44]assistant: step-start, reasoning, text:"Now I'll use the finishing-a-development...", tool:completed, step-finish, patch | [45]assistant: step-start, reasoning, text:"I'm using the finishing-a-development-br...", tool:completed, tool:completed, step-finish, patch | [46]assistant: step-start, reasoning, text:"Tests all pass. Plan complete — 7 new co...", step-finish, patch | [47]user: text:"Acabei de fazer push dos commits para qu..." | [48]assistant: step-start, reasoning, tool:completed, tool:completed, step-finish, patch | [49]assistant: step-start, reasoning, tool:completed, step-finish, patch | [50]assistant: step-start, reasoning, text:"Não, está pronto. O CI rodou em 36s e o ...", step-finish, patch | [51]user: text:"Após rodar os testes(https://github.com/...", file, file, file, file, text:"Called the Read tool with the following ..."(syn), text:"<path>/home/rlevidev/Projetos/rinha-2026..."(syn), text:"Called the Read tool with the following ..."(syn), text:"<path>/home/rlevidev/Projetos/rinha-2026..."(syn), text:"Called the Read tool with the following ..."(syn), text:"<path>/home/rlevidev/Projetos/rinha-2026..."(syn), text:"Called the Read tool with the following ..."(syn), text:"<path>/home/rlevidev/Projetos/rinha-2026..."(syn) | [52]assistant: step-start, reasoning, text:"Vou usar a skill de brainstorming para p...", tool:completed, step-finish, patch | [53]assistant: step-start, reasoning, tool:completed, tool:completed, tool:completed, tool:completed, step-finish, patch | [54]assistant: step-start, reasoning, tool:completed, tool:completed, tool:completed, step-finish, patch | [55]assistant: step-start, reasoning, tool:completed, tool:completed, tool:completed, step-finish, patch | [56]assistant: step-start, reasoning, tool:completed, tool:completed, tool:completed, tool:completed, tool:completed, step-finish, patch | [57]assistant: step-start, reasoning, tool:completed, tool:completed, tool:completed, tool:completed, step-finish, patch | [58]assistant: step-start, reasoning, tool:completed, tool:completed, tool:completed, tool:completed, tool:completed, tool:completed, step-finish, patch | [59]assistant: step-start, reasoning, tool:completed, tool:completed, step-finish, patch | [60]assistant: step-start, reasoning, tool:completed, tool:completed, tool:completed, step-finish, patch | [61]assistant: step-start, reasoning, tool:completed, tool:completed, step-finish, patch | [62]assistant: step-start, reasoning, tool:completed, tool:completed, step-finish, patch | [63]assistant: step-start, tool:completed, tool:completed, tool:completed, step-finish, patch | [64]assistant: step-start, tool:completed, tool:completed, tool:completed, step-finish, patch | [65]assistant: step-start, reasoning, text:"Li tudo: docs em `docs/br/`, README do V...", tool:completed, step-finish, patch | [66]assistant: step-start, reasoning, text:"Antes de propor as abordagens, preciso e...", tool:completed, step-finish, patch | [67]assistant: step-start, reasoning, text:"Boa, com as três respostas em mãos, a ab...", tool:completed, step-finish, patch | [68]assistant: step-start, reasoning, text:"Vou apresentar o design em seções curtas...", step-finish, patch | [69]user: text:"Eu aprovo" | [70]assistant: step-start, reasoning, text:"Aprovado. Vou consolidar no spec e segui...", tool:completed, tool:completed, step-finish, patch | [71]assistant: step-start, reasoning, tool:completed, step-finish, patch | [72]assistant: step-start, reasoning, text:"Self-review feito. Sem placeholders, con...", tool:completed, step-finish, patch | [73]assistant: step-start, text:"Spec written and committed. Please revie...", step-finish, patch | [74]user: text:"Continue de onde você parou", text:"<system-reminder>
Your operational mode ..."(syn) | [75]assistant: step-start, reasoning, text:"Spec aprovado. Vou invocar o writing-pla...", tool:completed, step-finish, patch | [76]assistant: step-start, reasoning, text:"Usando writing-plans para criar o plano ...", tool:completed, step-finish, patch | [77]assistant: step-start, reasoning, text:"Self-review encontrou gaps: `subparse.go...", tool:completed, step-finish, patch | [78]assistant: step-start, reasoning, tool:completed, step-finish, patch | [79]assistant: step-start, tool:completed, step-finish, patch
[2026-06-02T03:03:44.202Z] message-hooks: post-filter, msgCount=80
[2026-06-02T03:03:44.202Z] message-hooks: about to search for OPENCODE_GENERIC
[2026-06-02T03:03:44.202Z] message-hooks: searching 80 messages for OPENCODE_GENERIC
[2026-06-02T03:03:44.202Z] message-hooks: found synthetic text at [0]: "Called the Read tool with the following input: {"f..." matches=false
[2026-06-02T03:03:44.202Z] message-hooks: found synthetic text at [0]: "<path>/home/rlevidev/Projetos/rinha-2026/docs/supe..." matches=false
[2026-06-02T03:03:44.202Z] message-hooks: found synthetic text at [51]: "Called the Read tool with the following input: {"f..." matches=false
[2026-06-02T03:03:44.202Z] message-hooks: found synthetic text at [51]: "<path>/home/rlevidev/Projetos/rinha-2026/results/r..." matches=false
[2026-06-02T03:03:44.202Z] message-hooks: found synthetic text at [51]: "Called the Read tool with the following input: {"f..." matches=false
[2026-06-02T03:03:44.202Z] message-hooks: found synthetic text at [51]: "<path>/home/rlevidev/Projetos/rinha-2026/oponents/..." matches=false
[2026-06-02T03:03:44.202Z] message-hooks: found synthetic text at [51]: "Called the Read tool with the following input: {"f..." matches=false
[2026-06-02T03:03:44.202Z] message-hooks: found synthetic text at [51]: "<path>/home/rlevidev/Projetos/rinha-2026/rinha-bac..." matches=false
[2026-06-02T03:03:44.202Z] message-hooks: found synthetic text at [51]: "Called the Read tool with the following input: {"f..." matches=false
[2026-06-02T03:03:44.202Z] message-hooks: found synthetic text at [51]: "<path>/home/rlevidev/Projetos/rinha-2026/docs/br/<..." matches=false
[2026-06-02T03:03:44.202Z] message-hooks: found synthetic text at [74]: "<system-reminder>
Your operational mode has change..." matches=false
[2026-06-02T03:03:44.202Z] message-hooks: generic search complete, found=false, index=-1
[2026-06-02T03:03:44.202Z] message-hooks: no generic part found, checking for pending prompt return
[2026-06-02T03:03:58.169Z] message-hooks: ENTRY msgCount=81, sessions=ses_179fa6dd5ffes60VLPY7DAUkWq
[2026-06-02T03:03:58.169Z] message-hooks: MESSAGES: [0]user: text:"Continue com a execução do plano @docs/s...", file, text:"Called the Read tool with the following ..."(syn), text:"<path>/home/rlevidev/Projetos/rinha-2026..."(syn) | [1]assistant: step-start, reasoning, tool:completed, step-finish, patch | [2]assistant: step-start, reasoning, text:"I'm using the executing-plans skill to i...", tool:completed, tool:completed, step-finish, patch | [3]assistant: step-start, reasoning, tool:completed, tool:completed, tool:completed, step-finish, patch | [4]assistant: step-start, reasoning, tool:completed, tool:completed, tool:completed, step-finish, patch | [5]assistant: step-start, reasoning, tool:completed, tool:completed, tool:completed, step-finish, patch | [6]assistant: step-start, reasoning, tool:completed, tool:completed, tool:completed, step-finish, patch | [7]assistant: step-start, reasoning, tool:completed, tool:completed, tool:completed, step-finish, patch | [8]assistant: step-start, reasoning, tool:completed, tool:completed, tool:completed, step-finish, patch | [9]assistant: step-start, reasoning, tool:completed, tool:completed, tool:completed, step-finish, patch | [10]assistant: step-start, reasoning, text:"Now I understand the state. Tasks 1-3 ar...", tool:completed, tool:completed, step-finish, patch | [11]assistant: step-start, reasoning, tool:completed, step-finish, patch | [12]assistant: step-start, tool:completed, step-finish, patch | [13]assistant: step-start, tool:completed, step-finish, patch | [14]assistant: step-start, reasoning, tool:completed, tool:completed, step-finish, patch | [15]assistant: step-start, reasoning, tool:completed, step-finish, patch | [16]assistant: step-start, reasoning, tool:completed, step-finish, patch | [17]assistant: step-start, reasoning, tool:completed, tool:completed, step-finish, patch | [18]assistant: step-start, reasoning, tool:completed, tool:completed, step-finish, patch | [19]assistant: step-start, tool:completed, step-finish, patch | [20]assistant: step-start, tool:completed, tool:completed, step-finish, patch | [21]assistant: step-start, tool:completed, step-finish, patch | [22]assistant: step-start, reasoning, tool:completed, step-finish, patch | [23]assistant: step-start, reasoning, tool:completed, step-finish, patch | [24]assistant: step-start, reasoning, tool:completed, step-finish, patch | [25]assistant: step-start, reasoning, tool:completed, step-finish, patch | [26]assistant: step-start, reasoning, tool:completed, step-finish, patch | [27]assistant: step-start, reasoning, tool:completed, tool:completed, step-finish, patch | [28]assistant: step-start, reasoning, text:"Since Docker isn't available in this env...", tool:completed, step-finish, patch | [29]assistant: step-start, tool:completed, step-finish, patch | [30]assistant: step-start, reasoning, tool:completed, tool:completed, step-finish, patch | [31]assistant: step-start, tool:completed, step-finish, patch | [32]assistant: step-start, reasoning, tool:completed, step-finish, patch | [33]assistant: step-start, tool:completed, step-finish, patch | [34]assistant: step-start, reasoning, tool:completed, tool:completed, step-finish, patch | [35]assistant: step-start, tool:completed, step-finish, patch | [36]assistant: step-start, reasoning, tool:completed, tool:completed, step-finish, patch | [37]assistant: step-start, reasoning, tool:completed, tool:completed, step-finish, patch | [38]assistant: step-start, reasoning, tool:completed, step-finish, patch | [39]assistant: step-start, reasoning, tool:completed, tool:completed, step-finish, patch | [40]assistant: step-start, reasoning, tool:completed, step-finish, patch | [41]assistant: step-start, reasoning, tool:completed, step-finish, patch | [42]assistant: step-start, tool:completed, step-finish, patch | [43]assistant: step-start, tool:completed, tool:completed, step-finish, patch | [44]assistant: step-start, reasoning, text:"Now I'll use the finishing-a-development...", tool:completed, step-finish, patch | [45]assistant: step-start, reasoning, text:"I'm using the finishing-a-development-br...", tool:completed, tool:completed, step-finish, patch | [46]assistant: step-start, reasoning, text:"Tests all pass. Plan complete — 7 new co...", step-finish, patch | [47]user: text:"Acabei de fazer push dos commits para qu..." | [48]assistant: step-start, reasoning, tool:completed, tool:completed, step-finish, patch | [49]assistant: step-start, reasoning, tool:completed, step-finish, patch | [50]assistant: step-start, reasoning, text:"Não, está pronto. O CI rodou em 36s e o ...", step-finish, patch | [51]user: text:"Após rodar os testes(https://github.com/...", file, file, file, file, text:"Called the Read tool with the following ..."(syn), text:"<path>/home/rlevidev/Projetos/rinha-2026..."(syn), text:"Called the Read tool with the following ..."(syn), text:"<path>/home/rlevidev/Projetos/rinha-2026..."(syn), text:"Called the Read tool with the following ..."(syn), text:"<path>/home/rlevidev/Projetos/rinha-2026..."(syn), text:"Called the Read tool with the following ..."(syn), text:"<path>/home/rlevidev/Projetos/rinha-2026..."(syn) | [52]assistant: step-start, reasoning, text:"Vou usar a skill de brainstorming para p...", tool:completed, step-finish, patch | [53]assistant: step-start, reasoning, tool:completed, tool:completed, tool:completed, tool:completed, step-finish, patch | [54]assistant: step-start, reasoning, tool:completed, tool:completed, tool:completed, step-finish, patch | [55]assistant: step-start, reasoning, tool:completed, tool:completed, tool:completed, step-finish, patch | [56]assistant: step-start, reasoning, tool:completed, tool:completed, tool:completed, tool:completed, tool:completed, step-finish, patch | [57]assistant: step-start, reasoning, tool:completed, tool:completed, tool:completed, tool:completed, step-finish, patch | [58]assistant: step-start, reasoning, tool:completed, tool:completed, tool:completed, tool:completed, tool:completed, tool:completed, step-finish, patch | [59]assistant: step-start, reasoning, tool:completed, tool:completed, step-finish, patch | [60]assistant: step-start, reasoning, tool:completed, tool:completed, tool:completed, step-finish, patch | [61]assistant: step-start, reasoning, tool:completed, tool:completed, step-finish, patch | [62]assistant: step-start, reasoning, tool:completed, tool:completed, step-finish, patch | [63]assistant: step-start, tool:completed, tool:completed, tool:completed, step-finish, patch | [64]assistant: step-start, tool:completed, tool:completed, tool:completed, step-finish, patch | [65]assistant: step-start, reasoning, text:"Li tudo: docs em `docs/br/`, README do V...", tool:completed, step-finish, patch | [66]assistant: step-start, reasoning, text:"Antes de propor as abordagens, preciso e...", tool:completed, step-finish, patch | [67]assistant: step-start, reasoning, text:"Boa, com as três respostas em mãos, a ab...", tool:completed, step-finish, patch | [68]assistant: step-start, reasoning, text:"Vou apresentar o design em seções curtas...", step-finish, patch | [69]user: text:"Eu aprovo" | [70]assistant: step-start, reasoning, text:"Aprovado. Vou consolidar no spec e segui...", tool:completed, tool:completed, step-finish, patch | [71]assistant: step-start, reasoning, tool:completed, step-finish, patch | [72]assistant: step-start, reasoning, text:"Self-review feito. Sem placeholders, con...", tool:completed, step-finish, patch | [73]assistant: step-start, text:"Spec written and committed. Please revie...", step-finish, patch | [74]user: text:"Continue de onde você parou", text:"<system-reminder>
Your operational mode ..."(syn) | [75]assistant: step-start, reasoning, text:"Spec aprovado. Vou invocar o writing-pla...", tool:completed, step-finish, patch | [76]assistant: step-start, reasoning, text:"Usando writing-plans para criar o plano ...", tool:completed, step-finish, patch | [77]assistant: step-start, reasoning, text:"Self-review encontrou gaps: `subparse.go...", tool:completed, step-finish, patch | [78]assistant: step-start, reasoning, tool:completed, step-finish, patch | [79]assistant: step-start, tool:completed, step-finish, patch | [80]assistant: step-start, reasoning, tool:completed, step-finish, patch
[2026-06-02T03:03:58.170Z] message-hooks: post-filter, msgCount=81
[2026-06-02T03:03:58.170Z] message-hooks: about to search for OPENCODE_GENERIC
[2026-06-02T03:03:58.170Z] message-hooks: searching 81 messages for OPENCODE_GENERIC
[2026-06-02T03:03:58.170Z] message-hooks: found synthetic text at [0]: "Called the Read tool with the following input: {"f..." matches=false
[2026-06-02T03:03:58.170Z] message-hooks: found synthetic text at [0]: "<path>/home/rlevidev/Projetos/rinha-2026/docs/supe..." matches=false
[2026-06-02T03:03:58.170Z] message-hooks: found synthetic text at [51]: "Called the Read tool with the following input: {"f..." matches=false
[2026-06-02T03:03:58.170Z] message-hooks: found synthetic text at [51]: "<path>/home/rlevidev/Projetos/rinha-2026/results/r..." matches=false
[2026-06-02T03:03:58.170Z] message-hooks: found synthetic text at [51]: "Called the Read tool with the following input: {"f..." matches=false
[2026-06-02T03:03:58.170Z] message-hooks: found synthetic text at [51]: "<path>/home/rlevidev/Projetos/rinha-2026/oponents/..." matches=false
[2026-06-02T03:03:58.170Z] message-hooks: found synthetic text at [51]: "Called the Read tool with the following input: {"f..." matches=false
[2026-06-02T03:03:58.170Z] message-hooks: found synthetic text at [51]: "<path>/home/rlevidev/Projetos/rinha-2026/rinha-bac..." matches=false
[2026-06-02T03:03:58.170Z] message-hooks: found synthetic text at [51]: "Called the Read tool with the following input: {"f..." matches=false
[2026-06-02T03:03:58.170Z] message-hooks: found synthetic text at [51]: "<path>/home/rlevidev/Projetos/rinha-2026/docs/br/<..." matches=false
[2026-06-02T03:03:58.170Z] message-hooks: found synthetic text at [74]: "<system-reminder>
Your operational mode has change..." matches=false
[2026-06-02T03:03:58.170Z] message-hooks: generic search complete, found=false, index=-1
[2026-06-02T03:03:58.170Z] message-hooks: no generic part found, checking for pending prompt return
[2026-06-02T03:04:05.383Z] message-hooks: ENTRY msgCount=82, sessions=ses_179fa6dd5ffes60VLPY7DAUkWq
[2026-06-02T03:04:05.383Z] message-hooks: MESSAGES: [0]user: text:"Continue com a execução do plano @docs/s...", file, text:"Called the Read tool with the following ..."(syn), text:"<path>/home/rlevidev/Projetos/rinha-2026..."(syn) | [1]assistant: step-start, reasoning, tool:completed, step-finish, patch | [2]assistant: step-start, reasoning, text:"I'm using the executing-plans skill to i...", tool:completed, tool:completed, step-finish, patch | [3]assistant: step-start, reasoning, tool:completed, tool:completed, tool:completed, step-finish, patch | [4]assistant: step-start, reasoning, tool:completed, tool:completed, tool:completed, step-finish, patch | [5]assistant: step-start, reasoning, tool:completed, tool:completed, tool:completed, step-finish, patch | [6]assistant: step-start, reasoning, tool:completed, tool:completed, tool:completed, step-finish, patch | [7]assistant: step-start, reasoning, tool:completed, tool:completed, tool:completed, step-finish, patch | [8]assistant: step-start, reasoning, tool:completed, tool:completed, tool:completed, step-finish, patch | [9]assistant: step-start, reasoning, tool:completed, tool:completed, tool:completed, step-finish, patch | [10]assistant: step-start, reasoning, text:"Now I understand the state. Tasks 1-3 ar...", tool:completed, tool:completed, step-finish, patch | [11]assistant: step-start, reasoning, tool:completed, step-finish, patch | [12]assistant: step-start, tool:completed, step-finish, patch | [13]assistant: step-start, tool:completed, step-finish, patch | [14]assistant: step-start, reasoning, tool:completed, tool:completed, step-finish, patch | [15]assistant: step-start, reasoning, tool:completed, step-finish, patch | [16]assistant: step-start, reasoning, tool:completed, step-finish, patch | [17]assistant: step-start, reasoning, tool:completed, tool:completed, step-finish, patch | [18]assistant: step-start, reasoning, tool:completed, tool:completed, step-finish, patch | [19]assistant: step-start, tool:completed, step-finish, patch | [20]assistant: step-start, tool:completed, tool:completed, step-finish, patch | [21]assistant: step-start, tool:completed, step-finish, patch | [22]assistant: step-start, reasoning, tool:completed, step-finish, patch | [23]assistant: step-start, reasoning, tool:completed, step-finish, patch | [24]assistant: step-start, reasoning, tool:completed, step-finish, patch | [25]assistant: step-start, reasoning, tool:completed, step-finish, patch | [26]assistant: step-start, reasoning, tool:completed, step-finish, patch | [27]assistant: step-start, reasoning, tool:completed, tool:completed, step-finish, patch | [28]assistant: step-start, reasoning, text:"Since Docker isn't available in this env...", tool:completed, step-finish, patch | [29]assistant: step-start, tool:completed, step-finish, patch | [30]assistant: step-start, reasoning, tool:completed, tool:completed, step-finish, patch | [31]assistant: step-start, tool:completed, step-finish, patch | [32]assistant: step-start, reasoning, tool:completed, step-finish, patch | [33]assistant: step-start, tool:completed, step-finish, patch | [34]assistant: step-start, reasoning, tool:completed, tool:completed, step-finish, patch | [35]assistant: step-start, tool:completed, step-finish, patch | [36]assistant: step-start, reasoning, tool:completed, tool:completed, step-finish, patch | [37]assistant: step-start, reasoning, tool:completed, tool:completed, step-finish, patch | [38]assistant: step-start, reasoning, tool:completed, step-finish, patch | [39]assistant: step-start, reasoning, tool:completed, tool:completed, step-finish, patch | [40]assistant: step-start, reasoning, tool:completed, step-finish, patch | [41]assistant: step-start, reasoning, tool:completed, step-finish, patch | [42]assistant: step-start, tool:completed, step-finish, patch | [43]assistant: step-start, tool:completed, tool:completed, step-finish, patch | [44]assistant: step-start, reasoning, text:"Now I'll use the finishing-a-development...", tool:completed, step-finish, patch | [45]assistant: step-start, reasoning, text:"I'm using the finishing-a-development-br...", tool:completed, tool:completed, step-finish, patch | [46]assistant: step-start, reasoning, text:"Tests all pass. Plan complete — 7 new co...", step-finish, patch | [47]user: text:"Acabei de fazer push dos commits para qu..." | [48]assistant: step-start, reasoning, tool:completed, tool:completed, step-finish, patch | [49]assistant: step-start, reasoning, tool:completed, step-finish, patch | [50]assistant: step-start, reasoning, text:"Não, está pronto. O CI rodou em 36s e o ...", step-finish, patch | [51]user: text:"Após rodar os testes(https://github.com/...", file, file, file, file, text:"Called the Read tool with the following ..."(syn), text:"<path>/home/rlevidev/Projetos/rinha-2026..."(syn), text:"Called the Read tool with the following ..."(syn), text:"<path>/home/rlevidev/Projetos/rinha-2026..."(syn), text:"Called the Read tool with the following ..."(syn), text:"<path>/home/rlevidev/Projetos/rinha-2026..."(syn), text:"Called the Read tool with the following ..."(syn), text:"<path>/home/rlevidev/Projetos/rinha-2026..."(syn) | [52]assistant: step-start, reasoning, text:"Vou usar a skill de brainstorming para p...", tool:completed, step-finish, patch | [53]assistant: step-start, reasoning, tool:completed, tool:completed, tool:completed, tool:completed, step-finish, patch | [54]assistant: step-start, reasoning, tool:completed, tool:completed, tool:completed, step-finish, patch | [55]assistant: step-start, reasoning, tool:completed, tool:completed, tool:completed, step-finish, patch | [56]assistant: step-start, reasoning, tool:completed, tool:completed, tool:completed, tool:completed, tool:completed, step-finish, patch | [57]assistant: step-start, reasoning, tool:completed, tool:completed, tool:completed, tool:completed, step-finish, patch | [58]assistant: step-start, reasoning, tool:completed, tool:completed, tool:completed, tool:completed, tool:completed, tool:completed, step-finish, patch | [59]assistant: step-start, reasoning, tool:completed, tool:completed, step-finish, patch | [60]assistant: step-start, reasoning, tool:completed, tool:completed, tool:completed, step-finish, patch | [61]assistant: step-start, reasoning, tool:completed, tool:completed, step-finish, patch | [62]assistant: step-start, reasoning, tool:completed, tool:completed, step-finish, patch | [63]assistant: step-start, tool:completed, tool:completed, tool:completed, step-finish, patch | [64]assistant: step-start, tool:completed, tool:completed, tool:completed, step-finish, patch | [65]assistant: step-start, reasoning, text:"Li tudo: docs em `docs/br/`, README do V...", tool:completed, step-finish, patch | [66]assistant: step-start, reasoning, text:"Antes de propor as abordagens, preciso e...", tool:completed, step-finish, patch | [67]assistant: step-start, reasoning, text:"Boa, com as três respostas em mãos, a ab...", tool:completed, step-finish, patch | [68]assistant: step-start, reasoning, text:"Vou apresentar o design em seções curtas...", step-finish, patch | [69]user: text:"Eu aprovo" | [70]assistant: step-start, reasoning, text:"Aprovado. Vou consolidar no spec e segui...", tool:completed, tool:completed, step-finish, patch | [71]assistant: step-start, reasoning, tool:completed, step-finish, patch | [72]assistant: step-start, reasoning, text:"Self-review feito. Sem placeholders, con...", tool:completed, step-finish, patch | [73]assistant: step-start, text:"Spec written and committed. Please revie...", step-finish, patch | [74]user: text:"Continue de onde você parou", text:"<system-reminder>
Your operational mode ..."(syn) | [75]assistant: step-start, reasoning, text:"Spec aprovado. Vou invocar o writing-pla...", tool:completed, step-finish, patch | [76]assistant: step-start, reasoning, text:"Usando writing-plans para criar o plano ...", tool:completed, step-finish, patch | [77]assistant: step-start, reasoning, text:"Self-review encontrou gaps: `subparse.go...", tool:completed, step-finish, patch | [78]assistant: step-start, reasoning, tool:completed, step-finish, patch | [79]assistant: step-start, tool:completed, step-finish, patch | [80]assistant: step-start, reasoning, tool:completed, step-finish, patch | [81]assistant: step-start, reasoning, text:"Now fix the bruteForceSearch gap:", tool:completed, step-finish, patch
[2026-06-02T03:04:05.383Z] message-hooks: post-filter, msgCount=82
[2026-06-02T03:04:05.383Z] message-hooks: about to search for OPENCODE_GENERIC
[2026-06-02T03:04:05.383Z] message-hooks: searching 82 messages for OPENCODE_GENERIC
[2026-06-02T03:04:05.383Z] message-hooks: found synthetic text at [0]: "Called the Read tool with the following input: {"f..." matches=false
[2026-06-02T03:04:05.383Z] message-hooks: found synthetic text at [0]: "<path>/home/rlevidev/Projetos/rinha-2026/docs/supe..." matches=false
[2026-06-02T03:04:05.383Z] message-hooks: found synthetic text at [51]: "Called the Read tool with the following input: {"f..." matches=false
[2026-06-02T03:04:05.383Z] message-hooks: found synthetic text at [51]: "<path>/home/rlevidev/Projetos/rinha-2026/results/r..." matches=false
[2026-06-02T03:04:05.383Z] message-hooks: found synthetic text at [51]: "Called the Read tool with the following input: {"f..." matches=false
[2026-06-02T03:04:05.383Z] message-hooks: found synthetic text at [51]: "<path>/home/rlevidev/Projetos/rinha-2026/oponents/..." matches=false
[2026-06-02T03:04:05.383Z] message-hooks: found synthetic text at [51]: "Called the Read tool with the following input: {"f..." matches=false
[2026-06-02T03:04:05.383Z] message-hooks: found synthetic text at [51]: "<path>/home/rlevidev/Projetos/rinha-2026/rinha-bac..." matches=false
[2026-06-02T03:04:05.383Z] message-hooks: found synthetic text at [51]: "Called the Read tool with the following input: {"f..." matches=false
[2026-06-02T03:04:05.383Z] message-hooks: found synthetic text at [51]: "<path>/home/rlevidev/Projetos/rinha-2026/docs/br/<..." matches=false
[2026-06-02T03:04:05.383Z] message-hooks: found synthetic text at [74]: "<system-reminder>
Your operational mode has change..." matches=false
[2026-06-02T03:04:05.383Z] message-hooks: generic search complete, found=false, index=-1
[2026-06-02T03:04:05.383Z] message-hooks: no generic part found, checking for pending prompt return
[2026-06-02T03:04:09.692Z] message-hooks: ENTRY msgCount=83, sessions=ses_179fa6dd5ffes60VLPY7DAUkWq
[2026-06-02T03:04:09.692Z] message-hooks: MESSAGES: [0]user: text:"Continue com a execução do plano @docs/s...", file, text:"Called the Read tool with the following ..."(syn), text:"<path>/home/rlevidev/Projetos/rinha-2026..."(syn) | [1]assistant: step-start, reasoning, tool:completed, step-finish, patch | [2]assistant: step-start, reasoning, text:"I'm using the executing-plans skill to i...", tool:completed, tool:completed, step-finish, patch | [3]assistant: step-start, reasoning, tool:completed, tool:completed, tool:completed, step-finish, patch | [4]assistant: step-start, reasoning, tool:completed, tool:completed, tool:completed, step-finish, patch | [5]assistant: step-start, reasoning, tool:completed, tool:completed, tool:completed, step-finish, patch | [6]assistant: step-start, reasoning, tool:completed, tool:completed, tool:completed, step-finish, patch | [7]assistant: step-start, reasoning, tool:completed, tool:completed, tool:completed, step-finish, patch | [8]assistant: step-start, reasoning, tool:completed, tool:completed, tool:completed, step-finish, patch | [9]assistant: step-start, reasoning, tool:completed, tool:completed, tool:completed, step-finish, patch | [10]assistant: step-start, reasoning, text:"Now I understand the state. Tasks 1-3 ar...", tool:completed, tool:completed, step-finish, patch | [11]assistant: step-start, reasoning, tool:completed, step-finish, patch | [12]assistant: step-start, tool:completed, step-finish, patch | [13]assistant: step-start, tool:completed, step-finish, patch | [14]assistant: step-start, reasoning, tool:completed, tool:completed, step-finish, patch | [15]assistant: step-start, reasoning, tool:completed, step-finish, patch | [16]assistant: step-start, reasoning, tool:completed, step-finish, patch | [17]assistant: step-start, reasoning, tool:completed, tool:completed, step-finish, patch | [18]assistant: step-start, reasoning, tool:completed, tool:completed, step-finish, patch | [19]assistant: step-start, tool:completed, step-finish, patch | [20]assistant: step-start, tool:completed, tool:completed, step-finish, patch | [21]assistant: step-start, tool:completed, step-finish, patch | [22]assistant: step-start, reasoning, tool:completed, step-finish, patch | [23]assistant: step-start, reasoning, tool:completed, step-finish, patch | [24]assistant: step-start, reasoning, tool:completed, step-finish, patch | [25]assistant: step-start, reasoning, tool:completed, step-finish, patch | [26]assistant: step-start, reasoning, tool:completed, step-finish, patch | [27]assistant: step-start, reasoning, tool:completed, tool:completed, step-finish, patch | [28]assistant: step-start, reasoning, text:"Since Docker isn't available in this env...", tool:completed, step-finish, patch | [29]assistant: step-start, tool:completed, step-finish, patch | [30]assistant: step-start, reasoning, tool:completed, tool:completed, step-finish, patch | [31]assistant: step-start, tool:completed, step-finish, patch | [32]assistant: step-start, reasoning, tool:completed, step-finish, patch | [33]assistant: step-start, tool:completed, step-finish, patch | [34]assistant: step-start, reasoning, tool:completed, tool:completed, step-finish, patch | [35]assistant: step-start, tool:completed, step-finish, patch | [36]assistant: step-start, reasoning, tool:completed, tool:completed, step-finish, patch | [37]assistant: step-start, reasoning, tool:completed, tool:completed, step-finish, patch | [38]assistant: step-start, reasoning, tool:completed, step-finish, patch | [39]assistant: step-start, reasoning, tool:completed, tool:completed, step-finish, patch | [40]assistant: step-start, reasoning, tool:completed, step-finish, patch | [41]assistant: step-start, reasoning, tool:completed, step-finish, patch | [42]assistant: step-start, tool:completed, step-finish, patch | [43]assistant: step-start, tool:completed, tool:completed, step-finish, patch | [44]assistant: step-start, reasoning, text:"Now I'll use the finishing-a-development...", tool:completed, step-finish, patch | [45]assistant: step-start, reasoning, text:"I'm using the finishing-a-development-br...", tool:completed, tool:completed, step-finish, patch | [46]assistant: step-start, reasoning, text:"Tests all pass. Plan complete — 7 new co...", step-finish, patch | [47]user: text:"Acabei de fazer push dos commits para qu..." | [48]assistant: step-start, reasoning, tool:completed, tool:completed, step-finish, patch | [49]assistant: step-start, reasoning, tool:completed, step-finish, patch | [50]assistant: step-start, reasoning, text:"Não, está pronto. O CI rodou em 36s e o ...", step-finish, patch | [51]user: text:"Após rodar os testes(https://github.com/...", file, file, file, file, text:"Called the Read tool with the following ..."(syn), text:"<path>/home/rlevidev/Projetos/rinha-2026..."(syn), text:"Called the Read tool with the following ..."(syn), text:"<path>/home/rlevidev/Projetos/rinha-2026..."(syn), text:"Called the Read tool with the following ..."(syn), text:"<path>/home/rlevidev/Projetos/rinha-2026..."(syn), text:"Called the Read tool with the following ..."(syn), text:"<path>/home/rlevidev/Projetos/rinha-2026..."(syn) | [52]assistant: step-start, reasoning, text:"Vou usar a skill de brainstorming para p...", tool:completed, step-finish, patch | [53]assistant: step-start, reasoning, tool:completed, tool:completed, tool:completed, tool:completed, step-finish, patch | [54]assistant: step-start, reasoning, tool:completed, tool:completed, tool:completed, step-finish, patch | [55]assistant: step-start, reasoning, tool:completed, tool:completed, tool:completed, step-finish, patch | [56]assistant: step-start, reasoning, tool:completed, tool:completed, tool:completed, tool:completed, tool:completed, step-finish, patch | [57]assistant: step-start, reasoning, tool:completed, tool:completed, tool:completed, tool:completed, step-finish, patch | [58]assistant: step-start, reasoning, tool:completed, tool:completed, tool:completed, tool:completed, tool:completed, tool:completed, step-finish, patch | [59]assistant: step-start, reasoning, tool:completed, tool:completed, step-finish, patch | [60]assistant: step-start, reasoning, tool:completed, tool:completed, tool:completed, step-finish, patch | [61]assistant: step-start, reasoning, tool:completed, tool:completed, step-finish, patch | [62]assistant: step-start, reasoning, tool:completed, tool:completed, step-finish, patch | [63]assistant: step-start, tool:completed, tool:completed, tool:completed, step-finish, patch | [64]assistant: step-start, tool:completed, tool:completed, tool:completed, step-finish, patch | [65]assistant: step-start, reasoning, text:"Li tudo: docs em `docs/br/`, README do V...", tool:completed, step-finish, patch | [66]assistant: step-start, reasoning, text:"Antes de propor as abordagens, preciso e...", tool:completed, step-finish, patch | [67]assistant: step-start, reasoning, text:"Boa, com as três respostas em mãos, a ab...", tool:completed, step-finish, patch | [68]assistant: step-start, reasoning, text:"Vou apresentar o design em seções curtas...", step-finish, patch | [69]user: text:"Eu aprovo" | [70]assistant: step-start, reasoning, text:"Aprovado. Vou consolidar no spec e segui...", tool:completed, tool:completed, step-finish, patch | [71]assistant: step-start, reasoning, tool:completed, step-finish, patch | [72]assistant: step-start, reasoning, text:"Self-review feito. Sem placeholders, con...", tool:completed, step-finish, patch | [73]assistant: step-start, text:"Spec written and committed. Please revie...", step-finish, patch | [74]user: text:"Continue de onde você parou", text:"<system-reminder>
Your operational mode ..."(syn) | [75]assistant: step-start, reasoning, text:"Spec aprovado. Vou invocar o writing-pla...", tool:completed, step-finish, patch | [76]assistant: step-start, reasoning, text:"Usando writing-plans para criar o plano ...", tool:completed, step-finish, patch | [77]assistant: step-start, reasoning, text:"Self-review encontrou gaps: `subparse.go...", tool:completed, step-finish, patch | [78]assistant: step-start, reasoning, tool:completed, step-finish, patch | [79]assistant: step-start, tool:completed, step-finish, patch | [80]assistant: step-start, reasoning, tool:completed, step-finish, patch | [81]assistant: step-start, reasoning, text:"Now fix the bruteForceSearch gap:", tool:completed, step-finish, patch | [82]assistant: step-start, reasoning, text:"Now update the self-review section to re...", tool:completed, step-finish, patch
[2026-06-02T03:04:09.692Z] message-hooks: post-filter, msgCount=83
[2026-06-02T03:04:09.692Z] message-hooks: about to search for OPENCODE_GENERIC
[2026-06-02T03:04:09.692Z] message-hooks: searching 83 messages for OPENCODE_GENERIC
[2026-06-02T03:04:09.692Z] message-hooks: found synthetic text at [0]: "Called the Read tool with the following input: {"f..." matches=false
[2026-06-02T03:04:09.692Z] message-hooks: found synthetic text at [0]: "<path>/home/rlevidev/Projetos/rinha-2026/docs/supe..." matches=false
[2026-06-02T03:04:09.692Z] message-hooks: found synthetic text at [51]: "Called the Read tool with the following input: {"f..." matches=false
[2026-06-02T03:04:09.692Z] message-hooks: found synthetic text at [51]: "<path>/home/rlevidev/Projetos/rinha-2026/results/r..." matches=false
[2026-06-02T03:04:09.692Z] message-hooks: found synthetic text at [51]: "Called the Read tool with the following input: {"f..." matches=false
[2026-06-02T03:04:09.692Z] message-hooks: found synthetic text at [51]: "<path>/home/rlevidev/Projetos/rinha-2026/oponents/..." matches=false
[2026-06-02T03:04:09.692Z] message-hooks: found synthetic text at [51]: "Called the Read tool with the following input: {"f..." matches=false
[2026-06-02T03:04:09.692Z] message-hooks: found synthetic text at [51]: "<path>/home/rlevidev/Projetos/rinha-2026/rinha-bac..." matches=false
[2026-06-02T03:04:09.692Z] message-hooks: found synthetic text at [51]: "Called the Read tool with the following input: {"f..." matches=false
[2026-06-02T03:04:09.692Z] message-hooks: found synthetic text at [51]: "<path>/home/rlevidev/Projetos/rinha-2026/docs/br/<..." matches=false
[2026-06-02T03:04:09.692Z] message-hooks: found synthetic text at [74]: "<system-reminder>
Your operational mode has change..." matches=false
[2026-06-02T03:04:09.692Z] message-hooks: generic search complete, found=false, index=-1
[2026-06-02T03:04:09.692Z] message-hooks: no generic part found, checking for pending prompt return
[2026-06-02T03:04:15.464Z] message-hooks: ENTRY msgCount=84, sessions=ses_179fa6dd5ffes60VLPY7DAUkWq
[2026-06-02T03:04:15.464Z] message-hooks: MESSAGES: [0]user: text:"Continue com a execução do plano @docs/s...", file, text:"Called the Read tool with the following ..."(syn), text:"<path>/home/rlevidev/Projetos/rinha-2026..."(syn) | [1]assistant: step-start, reasoning, tool:completed, step-finish, patch | [2]assistant: step-start, reasoning, text:"I'm using the executing-plans skill to i...", tool:completed, tool:completed, step-finish, patch | [3]assistant: step-start, reasoning, tool:completed, tool:completed, tool:completed, step-finish, patch | [4]assistant: step-start, reasoning, tool:completed, tool:completed, tool:completed, step-finish, patch | [5]assistant: step-start, reasoning, tool:completed, tool:completed, tool:completed, step-finish, patch | [6]assistant: step-start, reasoning, tool:completed, tool:completed, tool:completed, step-finish, patch | [7]assistant: step-start, reasoning, tool:completed, tool:completed, tool:completed, step-finish, patch | [8]assistant: step-start, reasoning, tool:completed, tool:completed, tool:completed, step-finish, patch | [9]assistant: step-start, reasoning, tool:completed, tool:completed, tool:completed, step-finish, patch | [10]assistant: step-start, reasoning, text:"Now I understand the state. Tasks 1-3 ar...", tool:completed, tool:completed, step-finish, patch | [11]assistant: step-start, reasoning, tool:completed, step-finish, patch | [12]assistant: step-start, tool:completed, step-finish, patch | [13]assistant: step-start, tool:completed, step-finish, patch | [14]assistant: step-start, reasoning, tool:completed, tool:completed, step-finish, patch | [15]assistant: step-start, reasoning, tool:completed, step-finish, patch | [16]assistant: step-start, reasoning, tool:completed, step-finish, patch | [17]assistant: step-start, reasoning, tool:completed, tool:completed, step-finish, patch | [18]assistant: step-start, reasoning, tool:completed, tool:completed, step-finish, patch | [19]assistant: step-start, tool:completed, step-finish, patch | [20]assistant: step-start, tool:completed, tool:completed, step-finish, patch | [21]assistant: step-start, tool:completed, step-finish, patch | [22]assistant: step-start, reasoning, tool:completed, step-finish, patch | [23]assistant: step-start, reasoning, tool:completed, step-finish, patch | [24]assistant: step-start, reasoning, tool:completed, step-finish, patch | [25]assistant: step-start, reasoning, tool:completed, step-finish, patch | [26]assistant: step-start, reasoning, tool:completed, step-finish, patch | [27]assistant: step-start, reasoning, tool:completed, tool:completed, step-finish, patch | [28]assistant: step-start, reasoning, text:"Since Docker isn't available in this env...", tool:completed, step-finish, patch | [29]assistant: step-start, tool:completed, step-finish, patch | [30]assistant: step-start, reasoning, tool:completed, tool:completed, step-finish, patch | [31]assistant: step-start, tool:completed, step-finish, patch | [32]assistant: step-start, reasoning, tool:completed, step-finish, patch | [33]assistant: step-start, tool:completed, step-finish, patch | [34]assistant: step-start, reasoning, tool:completed, tool:completed, step-finish, patch | [35]assistant: step-start, tool:completed, step-finish, patch | [36]assistant: step-start, reasoning, tool:completed, tool:completed, step-finish, patch | [37]assistant: step-start, reasoning, tool:completed, tool:completed, step-finish, patch | [38]assistant: step-start, reasoning, tool:completed, step-finish, patch | [39]assistant: step-start, reasoning, tool:completed, tool:completed, step-finish, patch | [40]assistant: step-start, reasoning, tool:completed, step-finish, patch | [41]assistant: step-start, reasoning, tool:completed, step-finish, patch | [42]assistant: step-start, tool:completed, step-finish, patch | [43]assistant: step-start, tool:completed, tool:completed, step-finish, patch | [44]assistant: step-start, reasoning, text:"Now I'll use the finishing-a-development...", tool:completed, step-finish, patch | [45]assistant: step-start, reasoning, text:"I'm using the finishing-a-development-br...", tool:completed, tool:completed, step-finish, patch | [46]assistant: step-start, reasoning, text:"Tests all pass. Plan complete — 7 new co...", step-finish, patch | [47]user: text:"Acabei de fazer push dos commits para qu..." | [48]assistant: step-start, reasoning, tool:completed, tool:completed, step-finish, patch | [49]assistant: step-start, reasoning, tool:completed, step-finish, patch | [50]assistant: step-start, reasoning, text:"Não, está pronto. O CI rodou em 36s e o ...", step-finish, patch | [51]user: text:"Após rodar os testes(https://github.com/...", file, file, file, file, text:"Called the Read tool with the following ..."(syn), text:"<path>/home/rlevidev/Projetos/rinha-2026..."(syn), text:"Called the Read tool with the following ..."(syn), text:"<path>/home/rlevidev/Projetos/rinha-2026..."(syn), text:"Called the Read tool with the following ..."(syn), text:"<path>/home/rlevidev/Projetos/rinha-2026..."(syn), text:"Called the Read tool with the following ..."(syn), text:"<path>/home/rlevidev/Projetos/rinha-2026..."(syn) | [52]assistant: step-start, reasoning, text:"Vou usar a skill de brainstorming para p...", tool:completed, step-finish, patch | [53]assistant: step-start, reasoning, tool:completed, tool:completed, tool:completed, tool:completed, step-finish, patch | [54]assistant: step-start, reasoning, tool:completed, tool:completed, tool:completed, step-finish, patch | [55]assistant: step-start, reasoning, tool:completed, tool:completed, tool:completed, step-finish, patch | [56]assistant: step-start, reasoning, tool:completed, tool:completed, tool:completed, tool:completed, tool:completed, step-finish, patch | [57]assistant: step-start, reasoning, tool:completed, tool:completed, tool:completed, tool:completed, step-finish, patch | [58]assistant: step-start, reasoning, tool:completed, tool:completed, tool:completed, tool:completed, tool:completed, tool:completed, step-finish, patch | [59]assistant: step-start, reasoning, tool:completed, tool:completed, step-finish, patch | [60]assistant: step-start, reasoning, tool:completed, tool:completed, tool:completed, step-finish, patch | [61]assistant: step-start, reasoning, tool:completed, tool:completed, step-finish, patch | [62]assistant: step-start, reasoning, tool:completed, tool:completed, step-finish, patch | [63]assistant: step-start, tool:completed, tool:completed, tool:completed, step-finish, patch | [64]assistant: step-start, tool:completed, tool:completed, tool:completed, step-finish, patch | [65]assistant: step-start, reasoning, text:"Li tudo: docs em `docs/br/`, README do V...", tool:completed, step-finish, patch | [66]assistant: step-start, reasoning, text:"Antes de propor as abordagens, preciso e...", tool:completed, step-finish, patch | [67]assistant: step-start, reasoning, text:"Boa, com as três respostas em mãos, a ab...", tool:completed, step-finish, patch | [68]assistant: step-start, reasoning, text:"Vou apresentar o design em seções curtas...", step-finish, patch | [69]user: text:"Eu aprovo" | [70]assistant: step-start, reasoning, text:"Aprovado. Vou consolidar no spec e segui...", tool:completed, tool:completed, step-finish, patch | [71]assistant: step-start, reasoning, tool:completed, step-finish, patch | [72]assistant: step-start, reasoning, text:"Self-review feito. Sem placeholders, con...", tool:completed, step-finish, patch | [73]assistant: step-start, text:"Spec written and committed. Please revie...", step-finish, patch | [74]user: text:"Continue de onde você parou", text:"<system-reminder>
Your operational mode ..."(syn) | [75]assistant: step-start, reasoning, text:"Spec aprovado. Vou invocar o writing-pla...", tool:completed, step-finish, patch | [76]assistant: step-start, reasoning, text:"Usando writing-plans para criar o plano ...", tool:completed, step-finish, patch | [77]assistant: step-start, reasoning, text:"Self-review encontrou gaps: `subparse.go...", tool:completed, step-finish, patch | [78]assistant: step-start, reasoning, tool:completed, step-finish, patch | [79]assistant: step-start, tool:completed, step-finish, patch | [80]assistant: step-start, reasoning, tool:completed, step-finish, patch | [81]assistant: step-start, reasoning, text:"Now fix the bruteForceSearch gap:", tool:completed, step-finish, patch | [82]assistant: step-start, reasoning, text:"Now update the self-review section to re...", tool:completed, step-finish, patch | [83]assistant: step-start, reasoning, text:"Let me verify the plan is internally con...", tool:completed, tool:completed, step-finish, patch
[2026-06-02T03:04:15.464Z] message-hooks: post-filter, msgCount=84
[2026-06-02T03:04:15.464Z] message-hooks: about to search for OPENCODE_GENERIC
[2026-06-02T03:04:15.464Z] message-hooks: searching 84 messages for OPENCODE_GENERIC
[2026-06-02T03:04:15.464Z] message-hooks: found synthetic text at [0]: "Called the Read tool with the following input: {"f..." matches=false
[2026-06-02T03:04:15.464Z] message-hooks: found synthetic text at [0]: "<path>/home/rlevidev/Projetos/rinha-2026/docs/supe..." matches=false
[2026-06-02T03:04:15.464Z] message-hooks: found synthetic text at [51]: "Called the Read tool with the following input: {"f..." matches=false
[2026-06-02T03:04:15.464Z] message-hooks: found synthetic text at [51]: "<path>/home/rlevidev/Projetos/rinha-2026/results/r..." matches=false
[2026-06-02T03:04:15.464Z] message-hooks: found synthetic text at [51]: "Called the Read tool with the following input: {"f..." matches=false
[2026-06-02T03:04:15.464Z] message-hooks: found synthetic text at [51]: "<path>/home/rlevidev/Projetos/rinha-2026/oponents/..." matches=false
[2026-06-02T03:04:15.464Z] message-hooks: found synthetic text at [51]: "Called the Read tool with the following input: {"f..." matches=false
[2026-06-02T03:04:15.464Z] message-hooks: found synthetic text at [51]: "<path>/home/rlevidev/Projetos/rinha-2026/rinha-bac..." matches=false
[2026-06-02T03:04:15.464Z] message-hooks: found synthetic text at [51]: "Called the Read tool with the following input: {"f..." matches=false
[2026-06-02T03:04:15.464Z] message-hooks: found synthetic text at [51]: "<path>/home/rlevidev/Projetos/rinha-2026/docs/br/<..." matches=false
[2026-06-02T03:04:15.464Z] message-hooks: found synthetic text at [74]: "<system-reminder>
Your operational mode has change..." matches=false
[2026-06-02T03:04:15.464Z] message-hooks: generic search complete, found=false, index=-1
[2026-06-02T03:04:15.464Z] message-hooks: no generic part found, checking for pending prompt return
[2026-06-02T03:04:53.004Z] message-hooks: ENTRY msgCount=77, sessions=ses_179fa6dd5ffes60VLPY7DAUkWq
[2026-06-02T03:04:53.004Z] message-hooks: MESSAGES: [0]user: text:"Continue com a execução do plano @docs/s...", file, text:"Called the Read tool with the following ..."(syn), text:"<path>/home/rlevidev/Projetos/rinha-2026..."(syn) | [1]assistant: step-start, reasoning, tool:completed, step-finish, patch | [2]assistant: step-start, reasoning, text:"I'm using the executing-plans skill to i...", tool:completed, tool:completed, step-finish, patch | [3]assistant: step-start, reasoning, tool:completed, tool:completed, tool:completed, step-finish, patch | [4]assistant: step-start, reasoning, tool:completed, tool:completed, tool:completed, step-finish, patch | [5]assistant: step-start, reasoning, tool:completed, tool:completed, tool:completed, step-finish, patch | [6]assistant: step-start, reasoning, tool:completed, tool:completed, tool:completed, step-finish, patch | [7]assistant: step-start, reasoning, tool:completed, tool:completed, tool:completed, step-finish, patch | [8]assistant: step-start, reasoning, tool:completed, tool:completed, tool:completed, step-finish, patch | [9]assistant: step-start, reasoning, tool:completed, tool:completed, tool:completed, step-finish, patch | [10]assistant: step-start, reasoning, text:"Now I understand the state. Tasks 1-3 ar...", tool:completed, tool:completed, step-finish, patch | [11]assistant: step-start, reasoning, tool:completed, step-finish, patch | [12]assistant: step-start, tool:completed, step-finish, patch | [13]assistant: step-start, tool:completed, step-finish, patch | [14]assistant: step-start, reasoning, tool:completed, tool:completed, step-finish, patch | [15]assistant: step-start, reasoning, tool:completed, step-finish, patch | [16]assistant: step-start, reasoning, tool:completed, step-finish, patch | [17]assistant: step-start, reasoning, tool:completed, tool:completed, step-finish, patch | [18]assistant: step-start, reasoning, tool:completed, tool:completed, step-finish, patch | [19]assistant: step-start, tool:completed, step-finish, patch | [20]assistant: step-start, tool:completed, tool:completed, step-finish, patch | [21]assistant: step-start, tool:completed, step-finish, patch | [22]assistant: step-start, reasoning, tool:completed, step-finish, patch | [23]assistant: step-start, reasoning, tool:completed, step-finish, patch | [24]assistant: step-start, reasoning, tool:completed, step-finish, patch | [25]assistant: step-start, reasoning, tool:completed, step-finish, patch | [26]assistant: step-start, reasoning, tool:completed, step-finish, patch | [27]assistant: step-start, reasoning, tool:completed, tool:completed, step-finish, patch | [28]assistant: step-start, reasoning, text:"Since Docker isn't available in this env...", tool:completed, step-finish, patch | [29]assistant: step-start, tool:completed, step-finish, patch | [30]assistant: step-start, reasoning, tool:completed, tool:completed, step-finish, patch | [31]assistant: step-start, tool:completed, step-finish, patch | [32]assistant: step-start, reasoning, tool:completed, step-finish, patch | [33]assistant: step-start, tool:completed, step-finish, patch | [34]assistant: step-start, reasoning, tool:completed, tool:completed, step-finish, patch | [35]assistant: step-start, tool:completed, step-finish, patch | [36]assistant: step-start, reasoning, tool:completed, tool:completed, step-finish, patch | [37]assistant: step-start, reasoning, tool:completed, tool:completed, step-finish, patch | [38]assistant: step-start, reasoning, tool:completed, step-finish, patch | [39]assistant: step-start, reasoning, tool:completed, tool:completed, step-finish, patch | [40]assistant: step-start, reasoning, tool:completed, step-finish, patch | [41]assistant: step-start, reasoning, tool:completed, step-finish, patch | [42]assistant: step-start, tool:completed, step-finish, patch | [43]assistant: step-start, tool:completed, tool:completed, step-finish, patch | [44]assistant: step-start, reasoning, text:"Now I'll use the finishing-a-development...", tool:completed, step-finish, patch | [45]assistant: step-start, reasoning, text:"I'm using the finishing-a-development-br...", tool:completed, tool:completed, step-finish, patch | [46]assistant: step-start, reasoning, text:"Tests all pass. Plan complete — 7 new co...", step-finish, patch | [47]user: text:"Acabei de fazer push dos commits para qu..." | [48]assistant: step-start, reasoning, tool:completed, tool:completed, step-finish, patch | [49]assistant: step-start, reasoning, tool:completed, step-finish, patch | [50]assistant: step-start, reasoning, text:"Não, está pronto. O CI rodou em 36s e o ...", step-finish, patch | [51]user: text:"Após rodar os testes(https://github.com/...", file, file, file, file, text:"Called the Read tool with the following ..."(syn), text:"<path>/home/rlevidev/Projetos/rinha-2026..."(syn), text:"Called the Read tool with the following ..."(syn), text:"<path>/home/rlevidev/Projetos/rinha-2026..."(syn), text:"Called the Read tool with the following ..."(syn), text:"<path>/home/rlevidev/Projetos/rinha-2026..."(syn), text:"Called the Read tool with the following ..."(syn), text:"<path>/home/rlevidev/Projetos/rinha-2026..."(syn) | [52]assistant: step-start, reasoning, text:"Vou usar a skill de brainstorming para p...", tool:completed, step-finish, patch | [53]assistant: step-start, reasoning, tool:completed, tool:completed, tool:completed, tool:completed, step-finish, patch | [54]assistant: step-start, reasoning, tool:completed, tool:completed, tool:completed, step-finish, patch | [55]assistant: step-start, reasoning, tool:completed, tool:completed, tool:completed, step-finish, patch | [56]assistant: step-start, reasoning, tool:completed, tool:completed, tool:completed, tool:completed, tool:completed, step-finish, patch | [57]assistant: step-start, reasoning, tool:completed, tool:completed, tool:completed, tool:completed, step-finish, patch | [58]assistant: step-start, reasoning, tool:completed, tool:completed, tool:completed, tool:completed, tool:completed, tool:completed, step-finish, patch | [59]assistant: step-start, reasoning, tool:completed, tool:completed, step-finish, patch | [60]assistant: step-start, reasoning, tool:completed, tool:completed, tool:completed, step-finish, patch | [61]assistant: step-start, reasoning, tool:completed, tool:completed, step-finish, patch | [62]assistant: step-start, reasoning, tool:completed, tool:completed, step-finish, patch | [63]assistant: step-start, tool:completed, tool:completed, tool:completed, step-finish, patch | [64]assistant: step-start, tool:completed, tool:completed, tool:completed, step-finish, patch | [65]assistant: step-start, reasoning, text:"Li tudo: docs em `docs/br/`, README do V...", tool:completed, step-finish, patch | [66]assistant: step-start, reasoning, text:"Antes de propor as abordagens, preciso e...", tool:completed, step-finish, patch | [67]assistant: step-start, reasoning, text:"Boa, com as três respostas em mãos, a ab...", tool:completed, step-finish, patch | [68]assistant: step-start, reasoning, text:"Vou apresentar o design em seções curtas...", step-finish, patch | [69]user: text:"Eu aprovo" | [70]assistant: step-start, reasoning, text:"Aprovado. Vou consolidar no spec e segui...", tool:completed, tool:completed, step-finish, patch | [71]assistant: step-start, reasoning, tool:completed, step-finish, patch | [72]assistant: step-start, reasoning, text:"Self-review feito. Sem placeholders, con...", tool:completed, step-finish, patch | [73]assistant: step-start, text:"Spec written and committed. Please revie...", step-finish, patch | [74]user: text:"Continue de onde você parou" | [75]assistant: step-start, reasoning, text:"Spec aprovado. Vou invocar o writing-pla...", tool:completed, step-finish, patch | [76]assistant: step-start, reasoning, text:"Usando writing-plans para criar o plano ...", tool:completed, step-finish, patch
[2026-06-02T03:04:53.004Z] message-hooks: post-filter, msgCount=77
[2026-06-02T03:04:53.004Z] message-hooks: about to search for OPENCODE_GENERIC
[2026-06-02T03:04:53.004Z] message-hooks: searching 77 messages for OPENCODE_GENERIC
[2026-06-02T03:04:53.004Z] message-hooks: found synthetic text at [0]: "Called the Read tool with the following input: {"f..." matches=false
[2026-06-02T03:04:53.004Z] message-hooks: found synthetic text at [0]: "<path>/home/rlevidev/Projetos/rinha-2026/docs/supe..." matches=false
[2026-06-02T03:04:53.004Z] message-hooks: found synthetic text at [51]: "Called the Read tool with the following input: {"f..." matches=false
[2026-06-02T03:04:53.004Z] message-hooks: found synthetic text at [51]: "<path>/home/rlevidev/Projetos/rinha-2026/results/r..." matches=false
[2026-06-02T03:04:53.004Z] message-hooks: found synthetic text at [51]: "Called the Read tool with the following input: {"f..." matches=false
[2026-06-02T03:04:53.004Z] message-hooks: found synthetic text at [51]: "<path>/home/rlevidev/Projetos/rinha-2026/oponents/..." matches=false
[2026-06-02T03:04:53.004Z] message-hooks: found synthetic text at [51]: "Called the Read tool with the following input: {"f..." matches=false
[2026-06-02T03:04:53.004Z] message-hooks: found synthetic text at [51]: "<path>/home/rlevidev/Projetos/rinha-2026/rinha-bac..." matches=false
[2026-06-02T03:04:53.004Z] message-hooks: found synthetic text at [51]: "Called the Read tool with the following input: {"f..." matches=false
[2026-06-02T03:04:53.004Z] message-hooks: found synthetic text at [51]: "<path>/home/rlevidev/Projetos/rinha-2026/docs/br/<..." matches=false
[2026-06-02T03:04:53.004Z] message-hooks: generic search complete, found=false, index=-1
[2026-06-02T03:04:53.004Z] message-hooks: no generic part found, checking for pending prompt return
[2026-06-02T03:05:15.811Z] message-hooks: ENTRY msgCount=11, sessions=ses_179fa6dd5ffes60VLPY7DAUkWq
[2026-06-02T03:05:15.811Z] message-hooks: MESSAGES: [0]user: compaction | [1]assistant: step-start, reasoning, text:"## Goal
Rebuild the Rinha 2026 backend f...", step-finish | [2]assistant: step-start, reasoning, text:"Self-review encontrou gaps: `subparse.go...", tool:completed, step-finish, patch | [3]assistant: step-start, reasoning, tool:completed, step-finish, patch | [4]assistant: step-start, tool:completed, step-finish, patch | [5]assistant: step-start, reasoning, tool:completed, step-finish, patch | [6]assistant: step-start, reasoning, text:"Now fix the bruteForceSearch gap:", tool:completed, step-finish, patch | [7]assistant: step-start, reasoning, text:"Now update the self-review section to re...", tool:completed, step-finish, patch | [8]assistant: step-start, reasoning, text:"Let me verify the plan is internally con...", tool:completed, tool:completed, step-finish, patch | [9]assistant: step-start, reasoning, text:"Plan complete at `docs/superpowers/plans...", tool:completed, step-finish, patch | [10]user: text:"Continue if you have next steps, or stop..."(syn)
[2026-06-02T03:05:15.811Z] message-hooks: post-filter, msgCount=11
[2026-06-02T03:05:15.811Z] message-hooks: about to search for OPENCODE_GENERIC
[2026-06-02T03:05:15.811Z] message-hooks: searching 11 messages for OPENCODE_GENERIC
[2026-06-02T03:05:15.811Z] message-hooks: found synthetic text at [10]: "Continue if you have next steps, or stop and ask f..." matches=false
[2026-06-02T03:05:15.811Z] message-hooks: generic search complete, found=false, index=-1
[2026-06-02T03:05:15.811Z] message-hooks: no generic part found, checking for pending prompt return
[2026-06-02T03:05:25.677Z] message-hooks: ENTRY msgCount=12, sessions=ses_179fa6dd5ffes60VLPY7DAUkWq
[2026-06-02T03:05:25.677Z] message-hooks: MESSAGES: [0]user: compaction | [1]assistant: step-start, reasoning, text:"## Goal
Rebuild the Rinha 2026 backend f...", step-finish | [2]assistant: step-start, reasoning, text:"Self-review encontrou gaps: `subparse.go...", tool:completed, step-finish, patch | [3]assistant: step-start, reasoning, tool:completed, step-finish, patch | [4]assistant: step-start, tool:completed, step-finish, patch | [5]assistant: step-start, reasoning, tool:completed, step-finish, patch | [6]assistant: step-start, reasoning, text:"Now fix the bruteForceSearch gap:", tool:completed, step-finish, patch | [7]assistant: step-start, reasoning, text:"Now update the self-review section to re...", tool:completed, step-finish, patch | [8]assistant: step-start, reasoning, text:"Let me verify the plan is internally con...", tool:completed, tool:completed, step-finish, patch | [9]assistant: step-start, reasoning, text:"Plan complete at `docs/superpowers/plans...", tool:completed, step-finish, patch | [10]user: text:"Continue if you have next steps, or stop..."(syn) | [11]assistant: step-start, reasoning, tool:completed, step-finish, patch
[2026-06-02T03:05:25.677Z] message-hooks: post-filter, msgCount=12
[2026-06-02T03:05:25.677Z] message-hooks: about to search for OPENCODE_GENERIC
[2026-06-02T03:05:25.677Z] message-hooks: searching 12 messages for OPENCODE_GENERIC
[2026-06-02T03:05:25.677Z] message-hooks: found synthetic text at [10]: "Continue if you have next steps, or stop and ask f..." matches=false
[2026-06-02T03:05:25.677Z] message-hooks: generic search complete, found=false, index=-1
[2026-06-02T03:05:25.677Z] message-hooks: no generic part found, checking for pending prompt return
[2026-06-02T03:05:32.077Z] message-hooks: ENTRY msgCount=13, sessions=ses_179fa6dd5ffes60VLPY7DAUkWq
[2026-06-02T03:05:32.077Z] message-hooks: MESSAGES: [0]user: compaction | [1]assistant: step-start, reasoning, text:"## Goal
Rebuild the Rinha 2026 backend f...", step-finish | [2]assistant: step-start, reasoning, text:"Self-review encontrou gaps: `subparse.go...", tool:completed, step-finish, patch | [3]assistant: step-start, reasoning, tool:completed, step-finish, patch | [4]assistant: step-start, tool:completed, step-finish, patch | [5]assistant: step-start, reasoning, tool:completed, step-finish, patch | [6]assistant: step-start, reasoning, text:"Now fix the bruteForceSearch gap:", tool:completed, step-finish, patch | [7]assistant: step-start, reasoning, text:"Now update the self-review section to re...", tool:completed, step-finish, patch | [8]assistant: step-start, reasoning, text:"Let me verify the plan is internally con...", tool:completed, tool:completed, step-finish, patch | [9]assistant: step-start, reasoning, text:"Plan complete at `docs/superpowers/plans...", tool:completed, step-finish, patch | [10]user: text:"Continue if you have next steps, or stop..."(syn) | [11]assistant: step-start, reasoning, tool:completed, step-finish, patch | [12]assistant: step-start, reasoning, tool:completed, tool:completed, tool:completed, tool:completed, step-finish, patch
[2026-06-02T03:05:32.077Z] message-hooks: post-filter, msgCount=13
[2026-06-02T03:05:32.077Z] message-hooks: about to search for OPENCODE_GENERIC
[2026-06-02T03:05:32.077Z] message-hooks: searching 13 messages for OPENCODE_GENERIC
[2026-06-02T03:05:32.077Z] message-hooks: found synthetic text at [10]: "Continue if you have next steps, or stop and ask f..." matches=false
[2026-06-02T03:05:32.077Z] message-hooks: generic search complete, found=false, index=-1
[2026-06-02T03:05:32.077Z] message-hooks: no generic part found, checking for pending prompt return
[2026-06-02T03:05:36.603Z] message-hooks: ENTRY msgCount=14, sessions=ses_179fa6dd5ffes60VLPY7DAUkWq
[2026-06-02T03:05:36.603Z] message-hooks: MESSAGES: [0]user: compaction | [1]assistant: step-start, reasoning, text:"## Goal
Rebuild the Rinha 2026 backend f...", step-finish | [2]assistant: step-start, reasoning, text:"Self-review encontrou gaps: `subparse.go...", tool:completed, step-finish, patch | [3]assistant: step-start, reasoning, tool:completed, step-finish, patch | [4]assistant: step-start, tool:completed, step-finish, patch | [5]assistant: step-start, reasoning, tool:completed, step-finish, patch | [6]assistant: step-start, reasoning, text:"Now fix the bruteForceSearch gap:", tool:completed, step-finish, patch | [7]assistant: step-start, reasoning, text:"Now update the self-review section to re...", tool:completed, step-finish, patch | [8]assistant: step-start, reasoning, text:"Let me verify the plan is internally con...", tool:completed, tool:completed, step-finish, patch | [9]assistant: step-start, reasoning, text:"Plan complete at `docs/superpowers/plans...", tool:completed, step-finish, patch | [10]user: text:"Continue if you have next steps, or stop..."(syn) | [11]assistant: step-start, reasoning, tool:completed, step-finish, patch | [12]assistant: step-start, reasoning, tool:completed, tool:completed, tool:completed, tool:completed, step-finish, patch | [13]assistant: step-start, reasoning, tool:completed, tool:completed, step-finish, patch
[2026-06-02T03:05:36.603Z] message-hooks: post-filter, msgCount=14
[2026-06-02T03:05:36.603Z] message-hooks: about to search for OPENCODE_GENERIC
[2026-06-02T03:05:36.603Z] message-hooks: searching 14 messages for OPENCODE_GENERIC
[2026-06-02T03:05:36.603Z] message-hooks: found synthetic text at [10]: "Continue if you have next steps, or stop and ask f..." matches=false
[2026-06-02T03:05:36.603Z] message-hooks: generic search complete, found=false, index=-1
[2026-06-02T03:05:36.603Z] message-hooks: no generic part found, checking for pending prompt return
[2026-06-02T03:05:48.145Z] message-hooks: ENTRY msgCount=15, sessions=ses_179fa6dd5ffes60VLPY7DAUkWq
[2026-06-02T03:05:48.145Z] message-hooks: MESSAGES: [0]user: compaction | [1]assistant: step-start, reasoning, text:"## Goal
Rebuild the Rinha 2026 backend f...", step-finish | [2]assistant: step-start, reasoning, text:"Self-review encontrou gaps: `subparse.go...", tool:completed, step-finish, patch | [3]assistant: step-start, reasoning, tool:completed, step-finish, patch | [4]assistant: step-start, tool:completed, step-finish, patch | [5]assistant: step-start, reasoning, tool:completed, step-finish, patch | [6]assistant: step-start, reasoning, text:"Now fix the bruteForceSearch gap:", tool:completed, step-finish, patch | [7]assistant: step-start, reasoning, text:"Now update the self-review section to re...", tool:completed, step-finish, patch | [8]assistant: step-start, reasoning, text:"Let me verify the plan is internally con...", tool:completed, tool:completed, step-finish, patch | [9]assistant: step-start, reasoning, text:"Plan complete at `docs/superpowers/plans...", tool:completed, step-finish, patch | [10]user: text:"Continue if you have next steps, or stop..."(syn) | [11]assistant: step-start, reasoning, tool:completed, step-finish, patch | [12]assistant: step-start, reasoning, tool:completed, tool:completed, tool:completed, tool:completed, step-finish, patch | [13]assistant: step-start, reasoning, tool:completed, tool:completed, step-finish, patch | [14]assistant: step-start, reasoning, tool:completed, step-finish, patch
[2026-06-02T03:05:48.145Z] message-hooks: post-filter, msgCount=15
[2026-06-02T03:05:48.145Z] message-hooks: about to search for OPENCODE_GENERIC
[2026-06-02T03:05:48.145Z] message-hooks: searching 15 messages for OPENCODE_GENERIC
[2026-06-02T03:05:48.145Z] message-hooks: found synthetic text at [10]: "Continue if you have next steps, or stop and ask f..." matches=false
[2026-06-02T03:05:48.145Z] message-hooks: generic search complete, found=false, index=-1
[2026-06-02T03:05:48.145Z] message-hooks: no generic part found, checking for pending prompt return
[2026-06-02T03:05:51.542Z] message-hooks: ENTRY msgCount=16, sessions=ses_179fa6dd5ffes60VLPY7DAUkWq
[2026-06-02T03:05:51.542Z] message-hooks: MESSAGES: [0]user: compaction | [1]assistant: step-start, reasoning, text:"## Goal
Rebuild the Rinha 2026 backend f...", step-finish | [2]assistant: step-start, reasoning, text:"Self-review encontrou gaps: `subparse.go...", tool:completed, step-finish, patch | [3]assistant: step-start, reasoning, tool:completed, step-finish, patch | [4]assistant: step-start, tool:completed, step-finish, patch | [5]assistant: step-start, reasoning, tool:completed, step-finish, patch | [6]assistant: step-start, reasoning, text:"Now fix the bruteForceSearch gap:", tool:completed, step-finish, patch | [7]assistant: step-start, reasoning, text:"Now update the self-review section to re...", tool:completed, step-finish, patch | [8]assistant: step-start, reasoning, text:"Let me verify the plan is internally con...", tool:completed, tool:completed, step-finish, patch | [9]assistant: step-start, reasoning, text:"Plan complete at `docs/superpowers/plans...", tool:completed, step-finish, patch | [10]user: text:"Continue if you have next steps, or stop..."(syn) | [11]assistant: step-start, reasoning, tool:completed, step-finish, patch | [12]assistant: step-start, reasoning, tool:completed, tool:completed, tool:completed, tool:completed, step-finish, patch | [13]assistant: step-start, reasoning, tool:completed, tool:completed, step-finish, patch | [14]assistant: step-start, reasoning, tool:completed, step-finish, patch | [15]assistant: step-start, reasoning, tool:completed, step-finish, patch
[2026-06-02T03:05:51.542Z] message-hooks: post-filter, msgCount=16
[2026-06-02T03:05:51.542Z] message-hooks: about to search for OPENCODE_GENERIC
[2026-06-02T03:05:51.542Z] message-hooks: searching 16 messages for OPENCODE_GENERIC
[2026-06-02T03:05:51.542Z] message-hooks: found synthetic text at [10]: "Continue if you have next steps, or stop and ask f..." matches=false
[2026-06-02T03:05:51.542Z] message-hooks: generic search complete, found=false, index=-1
[2026-06-02T03:05:51.542Z] message-hooks: no generic part found, checking for pending prompt return
[2026-06-02T03:05:56.319Z] message-hooks: ENTRY msgCount=17, sessions=ses_179fa6dd5ffes60VLPY7DAUkWq
[2026-06-02T03:05:56.319Z] message-hooks: MESSAGES: [0]user: compaction | [1]assistant: step-start, reasoning, text:"## Goal
Rebuild the Rinha 2026 backend f...", step-finish | [2]assistant: step-start, reasoning, text:"Self-review encontrou gaps: `subparse.go...", tool:completed, step-finish, patch | [3]assistant: step-start, reasoning, tool:completed, step-finish, patch | [4]assistant: step-start, tool:completed, step-finish, patch | [5]assistant: step-start, reasoning, tool:completed, step-finish, patch | [6]assistant: step-start, reasoning, text:"Now fix the bruteForceSearch gap:", tool:completed, step-finish, patch | [7]assistant: step-start, reasoning, text:"Now update the self-review section to re...", tool:completed, step-finish, patch | [8]assistant: step-start, reasoning, text:"Let me verify the plan is internally con...", tool:completed, tool:completed, step-finish, patch | [9]assistant: step-start, reasoning, text:"Plan complete at `docs/superpowers/plans...", tool:completed, step-finish, patch | [10]user: text:"Continue if you have next steps, or stop..."(syn) | [11]assistant: step-start, reasoning, tool:completed, step-finish, patch | [12]assistant: step-start, reasoning, tool:completed, tool:completed, tool:completed, tool:completed, step-finish, patch | [13]assistant: step-start, reasoning, tool:completed, tool:completed, step-finish, patch | [14]assistant: step-start, reasoning, tool:completed, step-finish, patch | [15]assistant: step-start, reasoning, tool:completed, step-finish, patch | [16]assistant: step-start, reasoning, tool:completed, tool:completed, tool:completed, tool:completed, step-finish, patch
[2026-06-02T03:05:56.319Z] message-hooks: post-filter, msgCount=17
[2026-06-02T03:05:56.319Z] message-hooks: about to search for OPENCODE_GENERIC
[2026-06-02T03:05:56.319Z] message-hooks: searching 17 messages for OPENCODE_GENERIC
[2026-06-02T03:05:56.319Z] message-hooks: found synthetic text at [10]: "Continue if you have next steps, or stop and ask f..." matches=false
[2026-06-02T03:05:56.319Z] message-hooks: generic search complete, found=false, index=-1
[2026-06-02T03:05:56.319Z] message-hooks: no generic part found, checking for pending prompt return
[2026-06-02T03:06:10.126Z] message-hooks: ENTRY msgCount=18, sessions=ses_179fa6dd5ffes60VLPY7DAUkWq
[2026-06-02T03:06:10.126Z] message-hooks: MESSAGES: [0]user: compaction | [1]assistant: step-start, reasoning, text:"## Goal
Rebuild the Rinha 2026 backend f...", step-finish | [2]assistant: step-start, reasoning, text:"Self-review encontrou gaps: `subparse.go...", tool:completed, step-finish, patch | [3]assistant: step-start, reasoning, tool:completed, step-finish, patch | [4]assistant: step-start, tool:completed, step-finish, patch | [5]assistant: step-start, reasoning, tool:completed, step-finish, patch | [6]assistant: step-start, reasoning, text:"Now fix the bruteForceSearch gap:", tool:completed, step-finish, patch | [7]assistant: step-start, reasoning, text:"Now update the self-review section to re...", tool:completed, step-finish, patch | [8]assistant: step-start, reasoning, text:"Let me verify the plan is internally con...", tool:completed, tool:completed, step-finish, patch | [9]assistant: step-start, reasoning, text:"Plan complete at `docs/superpowers/plans...", tool:completed, step-finish, patch | [10]user: text:"Continue if you have next steps, or stop..."(syn) | [11]assistant: step-start, reasoning, tool:completed, step-finish, patch | [12]assistant: step-start, reasoning, tool:completed, tool:completed, tool:completed, tool:completed, step-finish, patch | [13]assistant: step-start, reasoning, tool:completed, tool:completed, step-finish, patch | [14]assistant: step-start, reasoning, tool:completed, step-finish, patch | [15]assistant: step-start, reasoning, tool:completed, step-finish, patch | [16]assistant: step-start, reasoning, tool:completed, tool:completed, tool:completed, tool:completed, step-finish, patch | [17]assistant: step-start, reasoning, tool:completed, step-finish, patch
[2026-06-02T03:06:10.126Z] message-hooks: post-filter, msgCount=18
[2026-06-02T03:06:10.126Z] message-hooks: about to search for OPENCODE_GENERIC
[2026-06-02T03:06:10.126Z] message-hooks: searching 18 messages for OPENCODE_GENERIC
[2026-06-02T03:06:10.126Z] message-hooks: found synthetic text at [10]: "Continue if you have next steps, or stop and ask f..." matches=false
[2026-06-02T03:06:10.126Z] message-hooks: generic search complete, found=false, index=-1
[2026-06-02T03:06:10.126Z] message-hooks: no generic part found, checking for pending prompt return
[2026-06-02T03:06:18.071Z] message-hooks: ENTRY msgCount=19, sessions=ses_179fa6dd5ffes60VLPY7DAUkWq
[2026-06-02T03:06:18.071Z] message-hooks: MESSAGES: [0]user: compaction | [1]assistant: step-start, reasoning, text:"## Goal
Rebuild the Rinha 2026 backend f...", step-finish | [2]assistant: step-start, reasoning, text:"Self-review encontrou gaps: `subparse.go...", tool:completed, step-finish, patch | [3]assistant: step-start, reasoning, tool:completed, step-finish, patch | [4]assistant: step-start, tool:completed, step-finish, patch | [5]assistant: step-start, reasoning, tool:completed, step-finish, patch | [6]assistant: step-start, reasoning, text:"Now fix the bruteForceSearch gap:", tool:completed, step-finish, patch | [7]assistant: step-start, reasoning, text:"Now update the self-review section to re...", tool:completed, step-finish, patch | [8]assistant: step-start, reasoning, text:"Let me verify the plan is internally con...", tool:completed, tool:completed, step-finish, patch | [9]assistant: step-start, reasoning, text:"Plan complete at `docs/superpowers/plans...", tool:completed, step-finish, patch | [10]user: text:"Continue if you have next steps, or stop..."(syn) | [11]assistant: step-start, reasoning, tool:completed, step-finish, patch | [12]assistant: step-start, reasoning, tool:completed, tool:completed, tool:completed, tool:completed, step-finish, patch | [13]assistant: step-start, reasoning, tool:completed, tool:completed, step-finish, patch | [14]assistant: step-start, reasoning, tool:completed, step-finish, patch | [15]assistant: step-start, reasoning, tool:completed, step-finish, patch | [16]assistant: step-start, reasoning, tool:completed, tool:completed, tool:completed, tool:completed, step-finish, patch | [17]assistant: step-start, reasoning, tool:completed, step-finish, patch | [18]assistant: step-start, reasoning, tool:completed, tool:completed, tool:completed, step-finish, patch
[2026-06-02T03:06:18.071Z] message-hooks: post-filter, msgCount=19
[2026-06-02T03:06:18.071Z] message-hooks: about to search for OPENCODE_GENERIC
[2026-06-02T03:06:18.071Z] message-hooks: searching 19 messages for OPENCODE_GENERIC
[2026-06-02T03:06:18.071Z] message-hooks: found synthetic text at [10]: "Continue if you have next steps, or stop and ask f..." matches=false
[2026-06-02T03:06:18.071Z] message-hooks: generic search complete, found=false, index=-1
[2026-06-02T03:06:18.071Z] message-hooks: no generic part found, checking for pending prompt return
[2026-06-02T03:06:31.509Z] tool.before: taskSession=ses_179fa6dd5ffes60VLPY7DAUkWq, prompt="You are implementing Task 1: S...", pendingParentSession=NOT FOUND
[2026-06-02T03:06:31.509Z] tool.before: callID=call_00_aHNZ0dMyOwp9vA9UdBEe7343, cmd=undefined, desc="Implement Task 1: Scaffold", mainCmd=undefined
[2026-06-02T03:06:33.053Z] message-hooks: ENTRY msgCount=1, sessions=ses_179b3f31effebU2WmIE0t9raOW
[2026-06-02T03:06:33.053Z] message-hooks: MESSAGES: [0]user: text:"You are implementing Task 1: Scaffold mo..."
[2026-06-02T03:06:33.053Z] message-hooks: post-filter, msgCount=1
[2026-06-02T03:06:33.053Z] message-hooks: about to search for OPENCODE_GENERIC
[2026-06-02T03:06:33.053Z] message-hooks: searching 1 messages for OPENCODE_GENERIC
[2026-06-02T03:06:33.053Z] message-hooks: generic search complete, found=false, index=-1
[2026-06-02T03:06:33.053Z] message-hooks: no generic part found, checking for pending prompt return
[2026-06-02T03:06:35.407Z] message-hooks: ENTRY msgCount=2, sessions=ses_179b3f31effebU2WmIE0t9raOW
[2026-06-02T03:06:35.407Z] message-hooks: MESSAGES: [0]user: text:"You are implementing Task 1: Scaffold mo..." | [1]assistant: step-start, reasoning, tool:completed, step-finish, patch
[2026-06-02T03:06:35.407Z] message-hooks: post-filter, msgCount=2
[2026-06-02T03:06:35.407Z] message-hooks: about to search for OPENCODE_GENERIC
[2026-06-02T03:06:35.407Z] message-hooks: searching 2 messages for OPENCODE_GENERIC
[2026-06-02T03:06:35.407Z] message-hooks: generic search complete, found=false, index=-1
[2026-06-02T03:06:35.407Z] message-hooks: no generic part found, checking for pending prompt return
[2026-06-02T03:06:38.438Z] message-hooks: ENTRY msgCount=3, sessions=ses_179b3f31effebU2WmIE0t9raOW
[2026-06-02T03:06:38.438Z] message-hooks: MESSAGES: [0]user: text:"You are implementing Task 1: Scaffold mo..." | [1]assistant: step-start, reasoning, tool:completed, step-finish, patch | [2]assistant: step-start, reasoning, text:"I'm using the executing-plans skill to i...", tool:completed, tool:completed, step-finish, patch
[2026-06-02T03:06:38.438Z] message-hooks: post-filter, msgCount=3
[2026-06-02T03:06:38.438Z] message-hooks: about to search for OPENCODE_GENERIC
[2026-06-02T03:06:38.438Z] message-hooks: searching 3 messages for OPENCODE_GENERIC
[2026-06-02T03:06:38.438Z] message-hooks: generic search complete, found=false, index=-1
[2026-06-02T03:06:38.438Z] message-hooks: no generic part found, checking for pending prompt return
[2026-06-02T03:06:41.368Z] message-hooks: ENTRY msgCount=4, sessions=ses_179b3f31effebU2WmIE0t9raOW
[2026-06-02T03:06:41.368Z] message-hooks: MESSAGES: [0]user: text:"You are implementing Task 1: Scaffold mo..." | [1]assistant: step-start, reasoning, tool:completed, step-finish, patch | [2]assistant: step-start, reasoning, text:"I'm using the executing-plans skill to i...", tool:completed, tool:completed, step-finish, patch | [3]assistant: step-start, reasoning, tool:completed, tool:completed, tool:completed, tool:completed, tool:completed, step-finish, patch
[2026-06-02T03:06:41.368Z] message-hooks: post-filter, msgCount=4
[2026-06-02T03:06:41.368Z] message-hooks: about to search for OPENCODE_GENERIC
[2026-06-02T03:06:41.368Z] message-hooks: searching 4 messages for OPENCODE_GENERIC
[2026-06-02T03:06:41.368Z] message-hooks: generic search complete, found=false, index=-1
[2026-06-02T03:06:41.368Z] message-hooks: no generic part found, checking for pending prompt return
[2026-06-02T03:06:44.536Z] message-hooks: ENTRY msgCount=5, sessions=ses_179b3f31effebU2WmIE0t9raOW
[2026-06-02T03:06:44.536Z] message-hooks: MESSAGES: [0]user: text:"You are implementing Task 1: Scaffold mo..." | [1]assistant: step-start, reasoning, tool:completed, step-finish, patch | [2]assistant: step-start, reasoning, text:"I'm using the executing-plans skill to i...", tool:completed, tool:completed, step-finish, patch | [3]assistant: step-start, reasoning, tool:completed, tool:completed, tool:completed, tool:completed, tool:completed, step-finish, patch | [4]assistant: step-start, reasoning, tool:completed, tool:completed, tool:completed, tool:completed, tool:completed, step-finish, patch
[2026-06-02T03:06:44.536Z] message-hooks: post-filter, msgCount=5
[2026-06-02T03:06:44.536Z] message-hooks: about to search for OPENCODE_GENERIC
[2026-06-02T03:06:44.536Z] message-hooks: searching 5 messages for OPENCODE_GENERIC
[2026-06-02T03:06:44.536Z] message-hooks: generic search complete, found=false, index=-1
[2026-06-02T03:06:44.536Z] message-hooks: no generic part found, checking for pending prompt return
[2026-06-02T03:06:49.588Z] message-hooks: ENTRY msgCount=6, sessions=ses_179b3f31effebU2WmIE0t9raOW
[2026-06-02T03:06:49.588Z] message-hooks: MESSAGES: [0]user: text:"You are implementing Task 1: Scaffold mo..." | [1]assistant: step-start, reasoning, tool:completed, step-finish, patch | [2]assistant: step-start, reasoning, text:"I'm using the executing-plans skill to i...", tool:completed, tool:completed, step-finish, patch | [3]assistant: step-start, reasoning, tool:completed, tool:completed, tool:completed, tool:completed, tool:completed, step-finish, patch | [4]assistant: step-start, reasoning, tool:completed, tool:completed, tool:completed, tool:completed, tool:completed, step-finish, patch | [5]assistant: step-start, reasoning, text:"Good, I have a clear picture. Executing ...", tool:completed, step-finish, patch
[2026-06-02T03:06:49.588Z] message-hooks: post-filter, msgCount=6
[2026-06-02T03:06:49.588Z] message-hooks: about to search for OPENCODE_GENERIC
[2026-06-02T03:06:49.588Z] message-hooks: searching 6 messages for OPENCODE_GENERIC
[2026-06-02T03:06:49.588Z] message-hooks: generic search complete, found=false, index=-1
[2026-06-02T03:06:49.588Z] message-hooks: no generic part found, checking for pending prompt return
[2026-06-02T03:06:52.012Z] message-hooks: ENTRY msgCount=7, sessions=ses_179b3f31effebU2WmIE0t9raOW
[2026-06-02T03:06:52.012Z] message-hooks: MESSAGES: [0]user: text:"You are implementing Task 1: Scaffold mo..." | [1]assistant: step-start, reasoning, tool:completed, step-finish, patch | [2]assistant: step-start, reasoning, text:"I'm using the executing-plans skill to i...", tool:completed, tool:completed, step-finish, patch | [3]assistant: step-start, reasoning, tool:completed, tool:completed, tool:completed, tool:completed, tool:completed, step-finish, patch | [4]assistant: step-start, reasoning, tool:completed, tool:completed, tool:completed, tool:completed, tool:completed, step-finish, patch | [5]assistant: step-start, reasoning, text:"Good, I have a clear picture. Executing ...", tool:completed, step-finish, patch | [6]assistant: step-start, reasoning, text:"Verified deletion.", tool:completed, step-finish, patch
[2026-06-02T03:06:52.012Z] message-hooks: post-filter, msgCount=7
[2026-06-02T03:06:52.012Z] message-hooks: about to search for OPENCODE_GENERIC
[2026-06-02T03:06:52.012Z] message-hooks: searching 7 messages for OPENCODE_GENERIC
[2026-06-02T03:06:52.012Z] message-hooks: generic search complete, found=false, index=-1
[2026-06-02T03:06:52.012Z] message-hooks: no generic part found, checking for pending prompt return
[2026-06-02T03:06:55.666Z] message-hooks: ENTRY msgCount=8, sessions=ses_179b3f31effebU2WmIE0t9raOW
[2026-06-02T03:06:55.666Z] message-hooks: MESSAGES: [0]user: text:"You are implementing Task 1: Scaffold mo..." | [1]assistant: step-start, reasoning, tool:completed, step-finish, patch | [2]assistant: step-start, reasoning, text:"I'm using the executing-plans skill to i...", tool:completed, tool:completed, step-finish, patch | [3]assistant: step-start, reasoning, tool:completed, tool:completed, tool:completed, tool:completed, tool:completed, step-finish, patch | [4]assistant: step-start, reasoning, tool:completed, tool:completed, tool:completed, tool:completed, tool:completed, step-finish, patch | [5]assistant: step-start, reasoning, text:"Good, I have a clear picture. Executing ...", tool:completed, step-finish, patch | [6]assistant: step-start, reasoning, text:"Verified deletion.", tool:completed, step-finish, patch | [7]assistant: step-start, reasoning, tool:completed, step-finish, patch
[2026-06-02T03:06:55.666Z] message-hooks: post-filter, msgCount=8
[2026-06-02T03:06:55.666Z] message-hooks: about to search for OPENCODE_GENERIC
[2026-06-02T03:06:55.666Z] message-hooks: searching 8 messages for OPENCODE_GENERIC
[2026-06-02T03:06:55.666Z] message-hooks: generic search complete, found=false, index=-1
[2026-06-02T03:06:55.666Z] message-hooks: no generic part found, checking for pending prompt return
[2026-06-02T03:07:05.176Z] message-hooks: ENTRY msgCount=9, sessions=ses_179b3f31effebU2WmIE0t9raOW
[2026-06-02T03:07:05.176Z] message-hooks: MESSAGES: [0]user: text:"You are implementing Task 1: Scaffold mo..." | [1]assistant: step-start, reasoning, tool:completed, step-finish, patch | [2]assistant: step-start, reasoning, text:"I'm using the executing-plans skill to i...", tool:completed, tool:completed, step-finish, patch | [3]assistant: step-start, reasoning, tool:completed, tool:completed, tool:completed, tool:completed, tool:completed, step-finish, patch | [4]assistant: step-start, reasoning, tool:completed, tool:completed, tool:completed, tool:completed, tool:completed, step-finish, patch | [5]assistant: step-start, reasoning, text:"Good, I have a clear picture. Executing ...", tool:completed, step-finish, patch | [6]assistant: step-start, reasoning, text:"Verified deletion.", tool:completed, step-finish, patch | [7]assistant: step-start, reasoning, tool:completed, step-finish, patch | [8]assistant: step-start, reasoning, text:"Step 1 complete. Now Step 2: Update go.m...", tool:completed, step-finish, patch
[2026-06-02T03:07:05.176Z] message-hooks: post-filter, msgCount=9
[2026-06-02T03:07:05.176Z] message-hooks: about to search for OPENCODE_GENERIC
[2026-06-02T03:07:05.176Z] message-hooks: searching 9 messages for OPENCODE_GENERIC
[2026-06-02T03:07:05.176Z] message-hooks: generic search complete, found=false, index=-1
[2026-06-02T03:07:05.176Z] message-hooks: no generic part found, checking for pending prompt return
[2026-06-02T03:07:07.604Z] message-hooks: ENTRY msgCount=10, sessions=ses_179b3f31effebU2WmIE0t9raOW
[2026-06-02T03:07:07.604Z] message-hooks: MESSAGES: [0]user: text:"You are implementing Task 1: Scaffold mo..." | [1]assistant: step-start, reasoning, tool:completed, step-finish, patch | [2]assistant: step-start, reasoning, text:"I'm using the executing-plans skill to i...", tool:completed, tool:completed, step-finish, patch | [3]assistant: step-start, reasoning, tool:completed, tool:completed, tool:completed, tool:completed, tool:completed, step-finish, patch | [4]assistant: step-start, reasoning, tool:completed, tool:completed, tool:completed, tool:completed, tool:completed, step-finish, patch | [5]assistant: step-start, reasoning, text:"Good, I have a clear picture. Executing ...", tool:completed, step-finish, patch | [6]assistant: step-start, reasoning, text:"Verified deletion.", tool:completed, step-finish, patch | [7]assistant: step-start, reasoning, tool:completed, step-finish, patch | [8]assistant: step-start, reasoning, text:"Step 1 complete. Now Step 2: Update go.m...", tool:completed, step-finish, patch | [9]assistant: step-start, reasoning, tool:completed, step-finish, patch
[2026-06-02T03:07:07.604Z] message-hooks: post-filter, msgCount=10
[2026-06-02T03:07:07.604Z] message-hooks: about to search for OPENCODE_GENERIC
[2026-06-02T03:07:07.604Z] message-hooks: searching 10 messages for OPENCODE_GENERIC
[2026-06-02T03:07:07.604Z] message-hooks: generic search complete, found=false, index=-1
[2026-06-02T03:07:07.604Z] message-hooks: no generic part found, checking for pending prompt return
[2026-06-02T03:07:15.443Z] message-hooks: ENTRY msgCount=11, sessions=ses_179b3f31effebU2WmIE0t9raOW
[2026-06-02T03:07:15.443Z] message-hooks: MESSAGES: [0]user: text:"You are implementing Task 1: Scaffold mo..." | [1]assistant: step-start, reasoning, tool:completed, step-finish, patch | [2]assistant: step-start, reasoning, text:"I'm using the executing-plans skill to i...", tool:completed, tool:completed, step-finish, patch | [3]assistant: step-start, reasoning, tool:completed, tool:completed, tool:completed, tool:completed, tool:completed, step-finish, patch | [4]assistant: step-start, reasoning, tool:completed, tool:completed, tool:completed, tool:completed, tool:completed, step-finish, patch | [5]assistant: step-start, reasoning, text:"Good, I have a clear picture. Executing ...", tool:completed, step-finish, patch | [6]assistant: step-start, reasoning, text:"Verified deletion.", tool:completed, step-finish, patch | [7]assistant: step-start, reasoning, tool:completed, step-finish, patch | [8]assistant: step-start, reasoning, text:"Step 1 complete. Now Step 2: Update go.m...", tool:completed, step-finish, patch | [9]assistant: step-start, reasoning, tool:completed, step-finish, patch | [10]assistant: step-start, reasoning, text:"Step 2 complete. Now Step 3: Create all ...", tool:completed, step-finish, patch
[2026-06-02T03:07:15.443Z] message-hooks: post-filter, msgCount=11
[2026-06-02T03:07:15.443Z] message-hooks: about to search for OPENCODE_GENERIC
[2026-06-02T03:07:15.443Z] message-hooks: searching 11 messages for OPENCODE_GENERIC
[2026-06-02T03:07:15.443Z] message-hooks: generic search complete, found=false, index=-1
[2026-06-02T03:07:15.443Z] message-hooks: no generic part found, checking for pending prompt return
[2026-06-02T03:07:35.257Z] message-hooks: ENTRY msgCount=12, sessions=ses_179b3f31effebU2WmIE0t9raOW
[2026-06-02T03:07:35.257Z] message-hooks: MESSAGES: [0]user: text:"You are implementing Task 1: Scaffold mo..." | [1]assistant: step-start, reasoning, tool:completed, step-finish, patch | [2]assistant: step-start, reasoning, text:"I'm using the executing-plans skill to i...", tool:completed, tool:completed, step-finish, patch | [3]assistant: step-start, reasoning, tool:completed, tool:completed, tool:completed, tool:completed, tool:completed, step-finish, patch | [4]assistant: step-start, reasoning, tool:completed, tool:completed, tool:completed, tool:completed, tool:completed, step-finish, patch | [5]assistant: step-start, reasoning, text:"Good, I have a clear picture. Executing ...", tool:completed, step-finish, patch | [6]assistant: step-start, reasoning, text:"Verified deletion.", tool:completed, step-finish, patch | [7]assistant: step-start, reasoning, tool:completed, step-finish, patch | [8]assistant: step-start, reasoning, text:"Step 1 complete. Now Step 2: Update go.m...", tool:completed, step-finish, patch | [9]assistant: step-start, reasoning, tool:completed, step-finish, patch | [10]assistant: step-start, reasoning, text:"Step 2 complete. Now Step 3: Create all ...", tool:completed, step-finish, patch | [11]assistant: step-start, reasoning, text:"Now writing all stub files:", tool:completed, tool:completed, tool:completed, tool:completed, tool:completed, tool:completed, tool:completed, tool:completed, tool:completed, tool:completed, tool:completed, tool:completed, tool:completed, tool:completed, tool:completed, step-finish, patch
[2026-06-02T03:07:35.257Z] message-hooks: post-filter, msgCount=12
[2026-06-02T03:07:35.257Z] message-hooks: about to search for OPENCODE_GENERIC
[2026-06-02T03:07:35.257Z] message-hooks: searching 12 messages for OPENCODE_GENERIC
[2026-06-02T03:07:35.257Z] message-hooks: generic search complete, found=false, index=-1
[2026-06-02T03:07:35.257Z] message-hooks: no generic part found, checking for pending prompt return
[2026-06-02T03:08:02.116Z] message-hooks: ENTRY msgCount=13, sessions=ses_179b3f31effebU2WmIE0t9raOW
[2026-06-02T03:08:02.116Z] message-hooks: MESSAGES: [0]user: text:"You are implementing Task 1: Scaffold mo..." | [1]assistant: step-start, reasoning, tool:completed, step-finish, patch | [2]assistant: step-start, reasoning, text:"I'm using the executing-plans skill to i...", tool:completed, tool:completed, step-finish, patch | [3]assistant: step-start, reasoning, tool:completed, tool:completed, tool:completed, tool:completed, tool:completed, step-finish, patch | [4]assistant: step-start, reasoning, tool:completed, tool:completed, tool:completed, tool:completed, tool:completed, step-finish, patch | [5]assistant: step-start, reasoning, text:"Good, I have a clear picture. Executing ...", tool:completed, step-finish, patch | [6]assistant: step-start, reasoning, text:"Verified deletion.", tool:completed, step-finish, patch | [7]assistant: step-start, reasoning, tool:completed, step-finish, patch | [8]assistant: step-start, reasoning, text:"Step 1 complete. Now Step 2: Update go.m...", tool:completed, step-finish, patch | [9]assistant: step-start, reasoning, tool:completed, step-finish, patch | [10]assistant: step-start, reasoning, text:"Step 2 complete. Now Step 3: Create all ...", tool:completed, step-finish, patch | [11]assistant: step-start, reasoning, text:"Now writing all stub files:", tool:completed, tool:completed, tool:completed, tool:completed, tool:completed, tool:completed, tool:completed, tool:completed, tool:completed, tool:completed, tool:completed, tool:completed, tool:completed, tool:completed, tool:completed, step-finish, patch | [12]assistant: step-start, reasoning, text:"All stubs created. Now verifying compila...", tool:completed, step-finish, patch
[2026-06-02T03:08:02.116Z] message-hooks: post-filter, msgCount=13
[2026-06-02T03:08:02.116Z] message-hooks: about to search for OPENCODE_GENERIC
[2026-06-02T03:08:02.116Z] message-hooks: searching 13 messages for OPENCODE_GENERIC
[2026-06-02T03:08:02.116Z] message-hooks: generic search complete, found=false, index=-1
[2026-06-02T03:08:02.116Z] message-hooks: no generic part found, checking for pending prompt return
[2026-06-02T03:08:06.867Z] message-hooks: ENTRY msgCount=14, sessions=ses_179b3f31effebU2WmIE0t9raOW
[2026-06-02T03:08:06.867Z] message-hooks: MESSAGES: [0]user: text:"You are implementing Task 1: Scaffold mo..." | [1]assistant: step-start, reasoning, tool:completed, step-finish, patch | [2]assistant: step-start, reasoning, text:"I'm using the executing-plans skill to i...", tool:completed, tool:completed, step-finish, patch | [3]assistant: step-start, reasoning, tool:completed, tool:completed, tool:completed, tool:completed, tool:completed, step-finish, patch | [4]assistant: step-start, reasoning, tool:completed, tool:completed, tool:completed, tool:completed, tool:completed, step-finish, patch | [5]assistant: step-start, reasoning, text:"Good, I have a clear picture. Executing ...", tool:completed, step-finish, patch | [6]assistant: step-start, reasoning, text:"Verified deletion.", tool:completed, step-finish, patch | [7]assistant: step-start, reasoning, tool:completed, step-finish, patch | [8]assistant: step-start, reasoning, text:"Step 1 complete. Now Step 2: Update go.m...", tool:completed, step-finish, patch | [9]assistant: step-start, reasoning, tool:completed, step-finish, patch | [10]assistant: step-start, reasoning, text:"Step 2 complete. Now Step 3: Create all ...", tool:completed, step-finish, patch | [11]assistant: step-start, reasoning, text:"Now writing all stub files:", tool:completed, tool:completed, tool:completed, tool:completed, tool:completed, tool:completed, tool:completed, tool:completed, tool:completed, tool:completed, tool:completed, tool:completed, tool:completed, tool:completed, tool:completed, step-finish, patch | [12]assistant: step-start, reasoning, text:"All stubs created. Now verifying compila...", tool:completed, step-finish, patch | [13]assistant: step-start, reasoning, tool:completed, tool:completed, tool:completed, tool:completed, tool:completed, tool:completed, step-finish, patch
[2026-06-02T03:08:06.868Z] message-hooks: post-filter, msgCount=14
[2026-06-02T03:08:06.868Z] message-hooks: about to search for OPENCODE_GENERIC
[2026-06-02T03:08:06.868Z] message-hooks: searching 14 messages for OPENCODE_GENERIC
[2026-06-02T03:08:06.868Z] message-hooks: generic search complete, found=false, index=-1
[2026-06-02T03:08:06.868Z] message-hooks: no generic part found, checking for pending prompt return
[2026-06-02T03:08:22.704Z] message-hooks: ENTRY msgCount=15, sessions=ses_179b3f31effebU2WmIE0t9raOW
[2026-06-02T03:08:22.704Z] message-hooks: MESSAGES: [0]user: text:"You are implementing Task 1: Scaffold mo..." | [1]assistant: step-start, reasoning, tool:completed, step-finish, patch | [2]assistant: step-start, reasoning, text:"I'm using the executing-plans skill to i...", tool:completed, tool:completed, step-finish, patch | [3]assistant: step-start, reasoning, tool:completed, tool:completed, tool:completed, tool:completed, tool:completed, step-finish, patch | [4]assistant: step-start, reasoning, tool:completed, tool:completed, tool:completed, tool:completed, tool:completed, step-finish, patch | [5]assistant: step-start, reasoning, text:"Good, I have a clear picture. Executing ...", tool:completed, step-finish, patch | [6]assistant: step-start, reasoning, text:"Verified deletion.", tool:completed, step-finish, patch | [7]assistant: step-start, reasoning, tool:completed, step-finish, patch | [8]assistant: step-start, reasoning, text:"Step 1 complete. Now Step 2: Update go.m...", tool:completed, step-finish, patch | [9]assistant: step-start, reasoning, tool:completed, step-finish, patch | [10]assistant: step-start, reasoning, text:"Step 2 complete. Now Step 3: Create all ...", tool:completed, step-finish, patch | [11]assistant: step-start, reasoning, text:"Now writing all stub files:", tool:completed, tool:completed, tool:completed, tool:completed, tool:completed, tool:completed, tool:completed, tool:completed, tool:completed, tool:completed, tool:completed, tool:completed, tool:completed, tool:completed, tool:completed, step-finish, patch | [12]assistant: step-start, reasoning, text:"All stubs created. Now verifying compila...", tool:completed, step-finish, patch | [13]assistant: step-start, reasoning, tool:completed, tool:completed, tool:completed, tool:completed, tool:completed, tool:completed, step-finish, patch | [14]assistant: step-start, reasoning, text:"The compilation fails because the remain...", tool:completed, tool:completed, tool:completed, step-finish, patch
[2026-06-02T03:08:22.704Z] message-hooks: post-filter, msgCount=15
[2026-06-02T03:08:22.704Z] message-hooks: about to search for OPENCODE_GENERIC
[2026-06-02T03:08:22.704Z] message-hooks: searching 15 messages for OPENCODE_GENERIC
[2026-06-02T03:08:22.704Z] message-hooks: generic search complete, found=false, index=-1
[2026-06-02T03:08:22.704Z] message-hooks: no generic part found, checking for pending prompt return
[2026-06-02T03:08:25.422Z] message-hooks: ENTRY msgCount=16, sessions=ses_179b3f31effebU2WmIE0t9raOW
[2026-06-02T03:08:25.422Z] message-hooks: MESSAGES: [0]user: text:"You are implementing Task 1: Scaffold mo..." | [1]assistant: step-start, reasoning, tool:completed, step-finish, patch | [2]assistant: step-start, reasoning, text:"I'm using the executing-plans skill to i...", tool:completed, tool:completed, step-finish, patch | [3]assistant: step-start, reasoning, tool:completed, tool:completed, tool:completed, tool:completed, tool:completed, step-finish, patch | [4]assistant: step-start, reasoning, tool:completed, tool:completed, tool:completed, tool:completed, tool:completed, step-finish, patch | [5]assistant: step-start, reasoning, text:"Good, I have a clear picture. Executing ...", tool:completed, step-finish, patch | [6]assistant: step-start, reasoning, text:"Verified deletion.", tool:completed, step-finish, patch | [7]assistant: step-start, reasoning, tool:completed, step-finish, patch | [8]assistant: step-start, reasoning, text:"Step 1 complete. Now Step 2: Update go.m...", tool:completed, step-finish, patch | [9]assistant: step-start, reasoning, tool:completed, step-finish, patch | [10]assistant: step-start, reasoning, text:"Step 2 complete. Now Step 3: Create all ...", tool:completed, step-finish, patch | [11]assistant: step-start, reasoning, text:"Now writing all stub files:", tool:completed, tool:completed, tool:completed, tool:completed, tool:completed, tool:completed, tool:completed, tool:completed, tool:completed, tool:completed, tool:completed, tool:completed, tool:completed, tool:completed, tool:completed, step-finish, patch | [12]assistant: step-start, reasoning, text:"All stubs created. Now verifying compila...", tool:completed, step-finish, patch | [13]assistant: step-start, reasoning, tool:completed, tool:completed, tool:completed, tool:completed, tool:completed, tool:completed, step-finish, patch | [14]assistant: step-start, reasoning, text:"The compilation fails because the remain...", tool:completed, tool:completed, tool:completed, step-finish, patch | [15]assistant: step-start, reasoning, tool:completed, step-finish, patch
[2026-06-02T03:08:25.422Z] message-hooks: post-filter, msgCount=16
[2026-06-02T03:08:25.422Z] message-hooks: about to search for OPENCODE_GENERIC
[2026-06-02T03:08:25.422Z] message-hooks: searching 16 messages for OPENCODE_GENERIC
[2026-06-02T03:08:25.422Z] message-hooks: generic search complete, found=false, index=-1
[2026-06-02T03:08:25.422Z] message-hooks: no generic part found, checking for pending prompt return
[2026-06-02T03:08:31.401Z] message-hooks: ENTRY msgCount=17, sessions=ses_179b3f31effebU2WmIE0t9raOW
[2026-06-02T03:08:31.401Z] message-hooks: MESSAGES: [0]user: text:"You are implementing Task 1: Scaffold mo..." | [1]assistant: step-start, reasoning, tool:completed, step-finish, patch | [2]assistant: step-start, reasoning, text:"I'm using the executing-plans skill to i...", tool:completed, tool:completed, step-finish, patch | [3]assistant: step-start, reasoning, tool:completed, tool:completed, tool:completed, tool:completed, tool:completed, step-finish, patch | [4]assistant: step-start, reasoning, tool:completed, tool:completed, tool:completed, tool:completed, tool:completed, step-finish, patch | [5]assistant: step-start, reasoning, text:"Good, I have a clear picture. Executing ...", tool:completed, step-finish, patch | [6]assistant: step-start, reasoning, text:"Verified deletion.", tool:completed, step-finish, patch | [7]assistant: step-start, reasoning, tool:completed, step-finish, patch | [8]assistant: step-start, reasoning, text:"Step 1 complete. Now Step 2: Update go.m...", tool:completed, step-finish, patch | [9]assistant: step-start, reasoning, tool:completed, step-finish, patch | [10]assistant: step-start, reasoning, text:"Step 2 complete. Now Step 3: Create all ...", tool:completed, step-finish, patch | [11]assistant: step-start, reasoning, text:"Now writing all stub files:", tool:completed, tool:completed, tool:completed, tool:completed, tool:completed, tool:completed, tool:completed, tool:completed, tool:completed, tool:completed, tool:completed, tool:completed, tool:completed, tool:completed, tool:completed, step-finish, patch | [12]assistant: step-start, reasoning, text:"All stubs created. Now verifying compila...", tool:completed, step-finish, patch | [13]assistant: step-start, reasoning, tool:completed, tool:completed, tool:completed, tool:completed, tool:completed, tool:completed, step-finish, patch | [14]assistant: step-start, reasoning, text:"The compilation fails because the remain...", tool:completed, tool:completed, tool:completed, step-finish, patch | [15]assistant: step-start, reasoning, tool:completed, step-finish, patch | [16]assistant: step-start, reasoning, text:"Compilation passes. Let me also verify `...", tool:completed, step-finish, patch
[2026-06-02T03:08:31.401Z] message-hooks: post-filter, msgCount=17
[2026-06-02T03:08:31.401Z] message-hooks: about to search for OPENCODE_GENERIC
[2026-06-02T03:08:31.401Z] message-hooks: searching 17 messages for OPENCODE_GENERIC
[2026-06-02T03:08:31.401Z] message-hooks: generic search complete, found=false, index=-1
[2026-06-02T03:08:31.401Z] message-hooks: no generic part found, checking for pending prompt return
[2026-06-02T03:08:34.749Z] message-hooks: ENTRY msgCount=18, sessions=ses_179b3f31effebU2WmIE0t9raOW
[2026-06-02T03:08:34.749Z] message-hooks: MESSAGES: [0]user: text:"You are implementing Task 1: Scaffold mo..." | [1]assistant: step-start, reasoning, tool:completed, step-finish, patch | [2]assistant: step-start, reasoning, text:"I'm using the executing-plans skill to i...", tool:completed, tool:completed, step-finish, patch | [3]assistant: step-start, reasoning, tool:completed, tool:completed, tool:completed, tool:completed, tool:completed, step-finish, patch | [4]assistant: step-start, reasoning, tool:completed, tool:completed, tool:completed, tool:completed, tool:completed, step-finish, patch | [5]assistant: step-start, reasoning, text:"Good, I have a clear picture. Executing ...", tool:completed, step-finish, patch | [6]assistant: step-start, reasoning, text:"Verified deletion.", tool:completed, step-finish, patch | [7]assistant: step-start, reasoning, tool:completed, step-finish, patch | [8]assistant: step-start, reasoning, text:"Step 1 complete. Now Step 2: Update go.m...", tool:completed, step-finish, patch | [9]assistant: step-start, reasoning, tool:completed, step-finish, patch | [10]assistant: step-start, reasoning, text:"Step 2 complete. Now Step 3: Create all ...", tool:completed, step-finish, patch | [11]assistant: step-start, reasoning, text:"Now writing all stub files:", tool:completed, tool:completed, tool:completed, tool:completed, tool:completed, tool:completed, tool:completed, tool:completed, tool:completed, tool:completed, tool:completed, tool:completed, tool:completed, tool:completed, tool:completed, step-finish, patch | [12]assistant: step-start, reasoning, text:"All stubs created. Now verifying compila...", tool:completed, step-finish, patch | [13]assistant: step-start, reasoning, tool:completed, tool:completed, tool:completed, tool:completed, tool:completed, tool:completed, step-finish, patch | [14]assistant: step-start, reasoning, text:"The compilation fails because the remain...", tool:completed, tool:completed, tool:completed, step-finish, patch | [15]assistant: step-start, reasoning, tool:completed, step-finish, patch | [16]assistant: step-start, reasoning, text:"Compilation passes. Let me also verify `...", tool:completed, step-finish, patch | [17]assistant: step-start, reasoning, text:"Build successful. Now Step 4: Commit.", tool:completed, tool:completed, step-finish, patch
[2026-06-02T03:08:34.749Z] message-hooks: post-filter, msgCount=18
[2026-06-02T03:08:34.749Z] message-hooks: about to search for OPENCODE_GENERIC
[2026-06-02T03:08:34.749Z] message-hooks: searching 18 messages for OPENCODE_GENERIC
[2026-06-02T03:08:34.749Z] message-hooks: generic search complete, found=false, index=-1
[2026-06-02T03:08:34.749Z] message-hooks: no generic part found, checking for pending prompt return
[2026-06-02T03:08:45.109Z] message-hooks: ENTRY msgCount=19, sessions=ses_179b3f31effebU2WmIE0t9raOW
[2026-06-02T03:08:45.109Z] message-hooks: MESSAGES: [0]user: text:"You are implementing Task 1: Scaffold mo..." | [1]assistant: step-start, reasoning, tool:completed, step-finish, patch | [2]assistant: step-start, reasoning, text:"I'm using the executing-plans skill to i...", tool:completed, tool:completed, step-finish, patch | [3]assistant: step-start, reasoning, tool:completed, tool:completed, tool:completed, tool:completed, tool:completed, step-finish, patch | [4]assistant: step-start, reasoning, tool:completed, tool:completed, tool:completed, tool:completed, tool:completed, step-finish, patch | [5]assistant: step-start, reasoning, text:"Good, I have a clear picture. Executing ...", tool:completed, step-finish, patch | [6]assistant: step-start, reasoning, text:"Verified deletion.", tool:completed, step-finish, patch | [7]assistant: step-start, reasoning, tool:completed, step-finish, patch | [8]assistant: step-start, reasoning, text:"Step 1 complete. Now Step 2: Update go.m...", tool:completed, step-finish, patch | [9]assistant: step-start, reasoning, tool:completed, step-finish, patch | [10]assistant: step-start, reasoning, text:"Step 2 complete. Now Step 3: Create all ...", tool:completed, step-finish, patch | [11]assistant: step-start, reasoning, text:"Now writing all stub files:", tool:completed, tool:completed, tool:completed, tool:completed, tool:completed, tool:completed, tool:completed, tool:completed, tool:completed, tool:completed, tool:completed, tool:completed, tool:completed, tool:completed, tool:completed, step-finish, patch | [12]assistant: step-start, reasoning, text:"All stubs created. Now verifying compila...", tool:completed, step-finish, patch | [13]assistant: step-start, reasoning, tool:completed, tool:completed, tool:completed, tool:completed, tool:completed, tool:completed, step-finish, patch | [14]assistant: step-start, reasoning, text:"The compilation fails because the remain...", tool:completed, tool:completed, tool:completed, step-finish, patch | [15]assistant: step-start, reasoning, tool:completed, step-finish, patch | [16]assistant: step-start, reasoning, text:"Compilation passes. Let me also verify `...", tool:completed, step-finish, patch | [17]assistant: step-start, reasoning, text:"Build successful. Now Step 4: Commit.", tool:completed, tool:completed, step-finish, patch | [18]assistant: step-start, reasoning, text:"I also need to create the Dockerfile and...", tool:completed, tool:completed, step-finish, patch
[2026-06-02T03:08:45.109Z] message-hooks: post-filter, msgCount=19
[2026-06-02T03:08:45.109Z] message-hooks: about to search for OPENCODE_GENERIC
[2026-06-02T03:08:45.109Z] message-hooks: searching 19 messages for OPENCODE_GENERIC
[2026-06-02T03:08:45.109Z] message-hooks: generic search complete, found=false, index=-1
[2026-06-02T03:08:45.109Z] message-hooks: no generic part found, checking for pending prompt return
[2026-06-02T03:08:47.667Z] message-hooks: ENTRY msgCount=20, sessions=ses_179b3f31effebU2WmIE0t9raOW
[2026-06-02T03:08:47.667Z] message-hooks: MESSAGES: [0]user: text:"You are implementing Task 1: Scaffold mo..." | [1]assistant: step-start, reasoning, tool:completed, step-finish, patch | [2]assistant: step-start, reasoning, text:"I'm using the executing-plans skill to i...", tool:completed, tool:completed, step-finish, patch | [3]assistant: step-start, reasoning, tool:completed, tool:completed, tool:completed, tool:completed, tool:completed, step-finish, patch | [4]assistant: step-start, reasoning, tool:completed, tool:completed, tool:completed, tool:completed, tool:completed, step-finish, patch | [5]assistant: step-start, reasoning, text:"Good, I have a clear picture. Executing ...", tool:completed, step-finish, patch | [6]assistant: step-start, reasoning, text:"Verified deletion.", tool:completed, step-finish, patch | [7]assistant: step-start, reasoning, tool:completed, step-finish, patch | [8]assistant: step-start, reasoning, text:"Step 1 complete. Now Step 2: Update go.m...", tool:completed, step-finish, patch | [9]assistant: step-start, reasoning, tool:completed, step-finish, patch | [10]assistant: step-start, reasoning, text:"Step 2 complete. Now Step 3: Create all ...", tool:completed, step-finish, patch | [11]assistant: step-start, reasoning, text:"Now writing all stub files:", tool:completed, tool:completed, tool:completed, tool:completed, tool:completed, tool:completed, tool:completed, tool:completed, tool:completed, tool:completed, tool:completed, tool:completed, tool:completed, tool:completed, tool:completed, step-finish, patch | [12]assistant: step-start, reasoning, text:"All stubs created. Now verifying compila...", tool:completed, step-finish, patch | [13]assistant: step-start, reasoning, tool:completed, tool:completed, tool:completed, tool:completed, tool:completed, tool:completed, step-finish, patch | [14]assistant: step-start, reasoning, text:"The compilation fails because the remain...", tool:completed, tool:completed, tool:completed, step-finish, patch | [15]assistant: step-start, reasoning, tool:completed, step-finish, patch | [16]assistant: step-start, reasoning, text:"Compilation passes. Let me also verify `...", tool:completed, step-finish, patch | [17]assistant: step-start, reasoning, text:"Build successful. Now Step 4: Commit.", tool:completed, tool:completed, step-finish, patch | [18]assistant: step-start, reasoning, text:"I also need to create the Dockerfile and...", tool:completed, tool:completed, step-finish, patch | [19]assistant: step-start, reasoning, tool:completed, step-finish, patch
[2026-06-02T03:08:47.667Z] message-hooks: post-filter, msgCount=20
[2026-06-02T03:08:47.667Z] message-hooks: about to search for OPENCODE_GENERIC
[2026-06-02T03:08:47.667Z] message-hooks: searching 20 messages for OPENCODE_GENERIC
[2026-06-02T03:08:47.667Z] message-hooks: generic search complete, found=false, index=-1
[2026-06-02T03:08:47.667Z] message-hooks: no generic part found, checking for pending prompt return
[2026-06-02T03:08:52.896Z] message-hooks: ENTRY msgCount=21, sessions=ses_179b3f31effebU2WmIE0t9raOW
[2026-06-02T03:08:52.896Z] message-hooks: MESSAGES: [0]user: text:"You are implementing Task 1: Scaffold mo..." | [1]assistant: step-start, reasoning, tool:completed, step-finish, patch | [2]assistant: step-start, reasoning, text:"I'm using the executing-plans skill to i...", tool:completed, tool:completed, step-finish, patch | [3]assistant: step-start, reasoning, tool:completed, tool:completed, tool:completed, tool:completed, tool:completed, step-finish, patch | [4]assistant: step-start, reasoning, tool:completed, tool:completed, tool:completed, tool:completed, tool:completed, step-finish, patch | [5]assistant: step-start, reasoning, text:"Good, I have a clear picture. Executing ...", tool:completed, step-finish, patch | [6]assistant: step-start, reasoning, text:"Verified deletion.", tool:completed, step-finish, patch | [7]assistant: step-start, reasoning, tool:completed, step-finish, patch | [8]assistant: step-start, reasoning, text:"Step 1 complete. Now Step 2: Update go.m...", tool:completed, step-finish, patch | [9]assistant: step-start, reasoning, tool:completed, step-finish, patch | [10]assistant: step-start, reasoning, text:"Step 2 complete. Now Step 3: Create all ...", tool:completed, step-finish, patch | [11]assistant: step-start, reasoning, text:"Now writing all stub files:", tool:completed, tool:completed, tool:completed, tool:completed, tool:completed, tool:completed, tool:completed, tool:completed, tool:completed, tool:completed, tool:completed, tool:completed, tool:completed, tool:completed, tool:completed, step-finish, patch | [12]assistant: step-start, reasoning, text:"All stubs created. Now verifying compila...", tool:completed, step-finish, patch | [13]assistant: step-start, reasoning, tool:completed, tool:completed, tool:completed, tool:completed, tool:completed, tool:completed, step-finish, patch | [14]assistant: step-start, reasoning, text:"The compilation fails because the remain...", tool:completed, tool:completed, tool:completed, step-finish, patch | [15]assistant: step-start, reasoning, tool:completed, step-finish, patch | [16]assistant: step-start, reasoning, text:"Compilation passes. Let me also verify `...", tool:completed, step-finish, patch | [17]assistant: step-start, reasoning, text:"Build successful. Now Step 4: Commit.", tool:completed, tool:completed, step-finish, patch | [18]assistant: step-start, reasoning, text:"I also need to create the Dockerfile and...", tool:completed, tool:completed, step-finish, patch | [19]assistant: step-start, reasoning, tool:completed, step-finish, patch | [20]assistant: step-start, reasoning, tool:completed, step-finish, patch
[2026-06-02T03:08:52.896Z] message-hooks: post-filter, msgCount=21
[2026-06-02T03:08:52.896Z] message-hooks: about to search for OPENCODE_GENERIC
[2026-06-02T03:08:52.896Z] message-hooks: searching 21 messages for OPENCODE_GENERIC
[2026-06-02T03:08:52.896Z] message-hooks: generic search complete, found=false, index=-1
[2026-06-02T03:08:52.896Z] message-hooks: no generic part found, checking for pending prompt return
[2026-06-02T03:08:58.931Z] message-hooks: ENTRY msgCount=22, sessions=ses_179b3f31effebU2WmIE0t9raOW
[2026-06-02T03:08:58.931Z] message-hooks: MESSAGES: [0]user: text:"You are implementing Task 1: Scaffold mo..." | [1]assistant: step-start, reasoning, tool:completed, step-finish, patch | [2]assistant: step-start, reasoning, text:"I'm using the executing-plans skill to i...", tool:completed, tool:completed, step-finish, patch | [3]assistant: step-start, reasoning, tool:completed, tool:completed, tool:completed, tool:completed, tool:completed, step-finish, patch | [4]assistant: step-start, reasoning, tool:completed, tool:completed, tool:completed, tool:completed, tool:completed, step-finish, patch | [5]assistant: step-start, reasoning, text:"Good, I have a clear picture. Executing ...", tool:completed, step-finish, patch | [6]assistant: step-start, reasoning, text:"Verified deletion.", tool:completed, step-finish, patch | [7]assistant: step-start, reasoning, tool:completed, step-finish, patch | [8]assistant: step-start, reasoning, text:"Step 1 complete. Now Step 2: Update go.m...", tool:completed, step-finish, patch | [9]assistant: step-start, reasoning, tool:completed, step-finish, patch | [10]assistant: step-start, reasoning, text:"Step 2 complete. Now Step 3: Create all ...", tool:completed, step-finish, patch | [11]assistant: step-start, reasoning, text:"Now writing all stub files:", tool:completed, tool:completed, tool:completed, tool:completed, tool:completed, tool:completed, tool:completed, tool:completed, tool:completed, tool:completed, tool:completed, tool:completed, tool:completed, tool:completed, tool:completed, step-finish, patch | [12]assistant: step-start, reasoning, text:"All stubs created. Now verifying compila...", tool:completed, step-finish, patch | [13]assistant: step-start, reasoning, tool:completed, tool:completed, tool:completed, tool:completed, tool:completed, tool:completed, step-finish, patch | [14]assistant: step-start, reasoning, text:"The compilation fails because the remain...", tool:completed, tool:completed, tool:completed, step-finish, patch | [15]assistant: step-start, reasoning, tool:completed, step-finish, patch | [16]assistant: step-start, reasoning, text:"Compilation passes. Let me also verify `...", tool:completed, step-finish, patch | [17]assistant: step-start, reasoning, text:"Build successful. Now Step 4: Commit.", tool:completed, tool:completed, step-finish, patch | [18]assistant: step-start, reasoning, text:"I also need to create the Dockerfile and...", tool:completed, tool:completed, step-finish, patch | [19]assistant: step-start, reasoning, tool:completed, step-finish, patch | [20]assistant: step-start, reasoning, tool:completed, step-finish, patch | [21]assistant: step-start, reasoning, text:"The `.gocache/` directory would be picke...", tool:completed, step-finish, patch
[2026-06-02T03:08:58.931Z] message-hooks: post-filter, msgCount=22
[2026-06-02T03:08:58.931Z] message-hooks: about to search for OPENCODE_GENERIC
[2026-06-02T03:08:58.931Z] message-hooks: searching 22 messages for OPENCODE_GENERIC
[2026-06-02T03:08:58.931Z] message-hooks: generic search complete, found=false, index=-1
[2026-06-02T03:08:58.931Z] message-hooks: no generic part found, checking for pending prompt return
[2026-06-02T03:09:01.362Z] message-hooks: ENTRY msgCount=23, sessions=ses_179b3f31effebU2WmIE0t9raOW
[2026-06-02T03:09:01.362Z] message-hooks: MESSAGES: [0]user: text:"You are implementing Task 1: Scaffold mo..." | [1]assistant: step-start, reasoning, tool:completed, step-finish, patch | [2]assistant: step-start, reasoning, text:"I'm using the executing-plans skill to i...", tool:completed, tool:completed, step-finish, patch | [3]assistant: step-start, reasoning, tool:completed, tool:completed, tool:completed, tool:completed, tool:completed, step-finish, patch | [4]assistant: step-start, reasoning, tool:completed, tool:completed, tool:completed, tool:completed, tool:completed, step-finish, patch | [5]assistant: step-start, reasoning, text:"Good, I have a clear picture. Executing ...", tool:completed, step-finish, patch | [6]assistant: step-start, reasoning, text:"Verified deletion.", tool:completed, step-finish, patch | [7]assistant: step-start, reasoning, tool:completed, step-finish, patch | [8]assistant: step-start, reasoning, text:"Step 1 complete. Now Step 2: Update go.m...", tool:completed, step-finish, patch | [9]assistant: step-start, reasoning, tool:completed, step-finish, patch | [10]assistant: step-start, reasoning, text:"Step 2 complete. Now Step 3: Create all ...", tool:completed, step-finish, patch | [11]assistant: step-start, reasoning, text:"Now writing all stub files:", tool:completed, tool:completed, tool:completed, tool:completed, tool:completed, tool:completed, tool:completed, tool:completed, tool:completed, tool:completed, tool:completed, tool:completed, tool:completed, tool:completed, tool:completed, step-finish, patch | [12]assistant: step-start, reasoning, text:"All stubs created. Now verifying compila...", tool:completed, step-finish, patch | [13]assistant: step-start, reasoning, tool:completed, tool:completed, tool:completed, tool:completed, tool:completed, tool:completed, step-finish, patch | [14]assistant: step-start, reasoning, text:"The compilation fails because the remain...", tool:completed, tool:completed, tool:completed, step-finish, patch | [15]assistant: step-start, reasoning, tool:completed, step-finish, patch | [16]assistant: step-start, reasoning, text:"Compilation passes. Let me also verify `...", tool:completed, step-finish, patch | [17]assistant: step-start, reasoning, text:"Build successful. Now Step 4: Commit.", tool:completed, tool:completed, step-finish, patch | [18]assistant: step-start, reasoning, text:"I also need to create the Dockerfile and...", tool:completed, tool:completed, step-finish, patch | [19]assistant: step-start, reasoning, tool:completed, step-finish, patch | [20]assistant: step-start, reasoning, tool:completed, step-finish, patch | [21]assistant: step-start, reasoning, text:"The `.gocache/` directory would be picke...", tool:completed, step-finish, patch | [22]assistant: step-start, reasoning, tool:completed, step-finish, patch
[2026-06-02T03:09:01.362Z] message-hooks: post-filter, msgCount=23
[2026-06-02T03:09:01.362Z] message-hooks: about to search for OPENCODE_GENERIC
[2026-06-02T03:09:01.362Z] message-hooks: searching 23 messages for OPENCODE_GENERIC
[2026-06-02T03:09:01.362Z] message-hooks: generic search complete, found=false, index=-1
[2026-06-02T03:09:01.362Z] message-hooks: no generic part found, checking for pending prompt return
[2026-06-02T03:09:05.240Z] message-hooks: ENTRY msgCount=24, sessions=ses_179b3f31effebU2WmIE0t9raOW
[2026-06-02T03:09:05.240Z] message-hooks: MESSAGES: [0]user: text:"You are implementing Task 1: Scaffold mo..." | [1]assistant: step-start, reasoning, tool:completed, step-finish, patch | [2]assistant: step-start, reasoning, text:"I'm using the executing-plans skill to i...", tool:completed, tool:completed, step-finish, patch | [3]assistant: step-start, reasoning, tool:completed, tool:completed, tool:completed, tool:completed, tool:completed, step-finish, patch | [4]assistant: step-start, reasoning, tool:completed, tool:completed, tool:completed, tool:completed, tool:completed, step-finish, patch | [5]assistant: step-start, reasoning, text:"Good, I have a clear picture. Executing ...", tool:completed, step-finish, patch | [6]assistant: step-start, reasoning, text:"Verified deletion.", tool:completed, step-finish, patch | [7]assistant: step-start, reasoning, tool:completed, step-finish, patch | [8]assistant: step-start, reasoning, text:"Step 1 complete. Now Step 2: Update go.m...", tool:completed, step-finish, patch | [9]assistant: step-start, reasoning, tool:completed, step-finish, patch | [10]assistant: step-start, reasoning, text:"Step 2 complete. Now Step 3: Create all ...", tool:completed, step-finish, patch | [11]assistant: step-start, reasoning, text:"Now writing all stub files:", tool:completed, tool:completed, tool:completed, tool:completed, tool:completed, tool:completed, tool:completed, tool:completed, tool:completed, tool:completed, tool:completed, tool:completed, tool:completed, tool:completed, tool:completed, step-finish, patch | [12]assistant: step-start, reasoning, text:"All stubs created. Now verifying compila...", tool:completed, step-finish, patch | [13]assistant: step-start, reasoning, tool:completed, tool:completed, tool:completed, tool:completed, tool:completed, tool:completed, step-finish, patch | [14]assistant: step-start, reasoning, text:"The compilation fails because the remain...", tool:completed, tool:completed, tool:completed, step-finish, patch | [15]assistant: step-start, reasoning, tool:completed, step-finish, patch | [16]assistant: step-start, reasoning, text:"Compilation passes. Let me also verify `...", tool:completed, step-finish, patch | [17]assistant: step-start, reasoning, text:"Build successful. Now Step 4: Commit.", tool:completed, tool:completed, step-finish, patch | [18]assistant: step-start, reasoning, text:"I also need to create the Dockerfile and...", tool:completed, tool:completed, step-finish, patch | [19]assistant: step-start, reasoning, tool:completed, step-finish, patch | [20]assistant: step-start, reasoning, tool:completed, step-finish, patch | [21]assistant: step-start, reasoning, text:"The `.gocache/` directory would be picke...", tool:completed, step-finish, patch | [22]assistant: step-start, reasoning, tool:completed, step-finish, patch | [23]assistant: step-start, reasoning, tool:completed, step-finish, patch
[2026-06-02T03:09:05.240Z] message-hooks: post-filter, msgCount=24
[2026-06-02T03:09:05.240Z] message-hooks: about to search for OPENCODE_GENERIC
[2026-06-02T03:09:05.240Z] message-hooks: searching 24 messages for OPENCODE_GENERIC
[2026-06-02T03:09:05.240Z] message-hooks: generic search complete, found=false, index=-1
[2026-06-02T03:09:05.240Z] message-hooks: no generic part found, checking for pending prompt return
[2026-06-02T03:09:08.352Z] message-hooks: ENTRY msgCount=25, sessions=ses_179b3f31effebU2WmIE0t9raOW
[2026-06-02T03:09:08.352Z] message-hooks: MESSAGES: [0]user: text:"You are implementing Task 1: Scaffold mo..." | [1]assistant: step-start, reasoning, tool:completed, step-finish, patch | [2]assistant: step-start, reasoning, text:"I'm using the executing-plans skill to i...", tool:completed, tool:completed, step-finish, patch | [3]assistant: step-start, reasoning, tool:completed, tool:completed, tool:completed, tool:completed, tool:completed, step-finish, patch | [4]assistant: step-start, reasoning, tool:completed, tool:completed, tool:completed, tool:completed, tool:completed, step-finish, patch | [5]assistant: step-start, reasoning, text:"Good, I have a clear picture. Executing ...", tool:completed, step-finish, patch | [6]assistant: step-start, reasoning, text:"Verified deletion.", tool:completed, step-finish, patch | [7]assistant: step-start, reasoning, tool:completed, step-finish, patch | [8]assistant: step-start, reasoning, text:"Step 1 complete. Now Step 2: Update go.m...", tool:completed, step-finish, patch | [9]assistant: step-start, reasoning, tool:completed, step-finish, patch | [10]assistant: step-start, reasoning, text:"Step 2 complete. Now Step 3: Create all ...", tool:completed, step-finish, patch | [11]assistant: step-start, reasoning, text:"Now writing all stub files:", tool:completed, tool:completed, tool:completed, tool:completed, tool:completed, tool:completed, tool:completed, tool:completed, tool:completed, tool:completed, tool:completed, tool:completed, tool:completed, tool:completed, tool:completed, step-finish, patch | [12]assistant: step-start, reasoning, text:"All stubs created. Now verifying compila...", tool:completed, step-finish, patch | [13]assistant: step-start, reasoning, tool:completed, tool:completed, tool:completed, tool:completed, tool:completed, tool:completed, step-finish, patch | [14]assistant: step-start, reasoning, text:"The compilation fails because the remain...", tool:completed, tool:completed, tool:completed, step-finish, patch | [15]assistant: step-start, reasoning, tool:completed, step-finish, patch | [16]assistant: step-start, reasoning, text:"Compilation passes. Let me also verify `...", tool:completed, step-finish, patch | [17]assistant: step-start, reasoning, text:"Build successful. Now Step 4: Commit.", tool:completed, tool:completed, step-finish, patch | [18]assistant: step-start, reasoning, text:"I also need to create the Dockerfile and...", tool:completed, tool:completed, step-finish, patch | [19]assistant: step-start, reasoning, tool:completed, step-finish, patch | [20]assistant: step-start, reasoning, tool:completed, step-finish, patch | [21]assistant: step-start, reasoning, text:"The `.gocache/` directory would be picke...", tool:completed, step-finish, patch | [22]assistant: step-start, reasoning, tool:completed, step-finish, patch | [23]assistant: step-start, reasoning, tool:completed, step-finish, patch | [24]assistant: step-start, reasoning, text:"All steps complete. Let me do a final ve...", tool:completed, step-finish, patch
[2026-06-02T03:09:08.352Z] message-hooks: post-filter, msgCount=25
[2026-06-02T03:09:08.352Z] message-hooks: about to search for OPENCODE_GENERIC
[2026-06-02T03:09:08.352Z] message-hooks: searching 25 messages for OPENCODE_GENERIC
[2026-06-02T03:09:08.352Z] message-hooks: generic search complete, found=false, index=-1
[2026-06-02T03:09:08.352Z] message-hooks: no generic part found, checking for pending prompt return
[2026-06-02T03:09:16.157Z] session.idle: sessionID=ses_179b3f31effebU2WmIE0t9raOW
[2026-06-02T03:09:16.158Z] tool.after: callID=call_00_aHNZ0dMyOwp9vA9UdBEe7343, cmd=undefined, wasTracked=false
[2026-06-02T03:09:16.158Z] tool.after: parentSession=undefined, loopSession=ses_179fa6dd5ffes60VLPY7DAUkWq, hasLoop=false, isInlineLoop=false
[2026-06-02T03:09:17.987Z] message-hooks: ENTRY msgCount=20, sessions=ses_179fa6dd5ffes60VLPY7DAUkWq
[2026-06-02T03:09:17.987Z] message-hooks: MESSAGES: [0]user: compaction | [1]assistant: step-start, reasoning, text:"## Goal
Rebuild the Rinha 2026 backend f...", step-finish | [2]assistant: step-start, reasoning, text:"Self-review encontrou gaps: `subparse.go...", tool:completed, step-finish, patch | [3]assistant: step-start, reasoning, tool:completed, step-finish, patch | [4]assistant: step-start, tool:completed, step-finish, patch | [5]assistant: step-start, reasoning, tool:completed, step-finish, patch | [6]assistant: step-start, reasoning, text:"Now fix the bruteForceSearch gap:", tool:completed, step-finish, patch | [7]assistant: step-start, reasoning, text:"Now update the self-review section to re...", tool:completed, step-finish, patch | [8]assistant: step-start, reasoning, text:"Let me verify the plan is internally con...", tool:completed, tool:completed, step-finish, patch | [9]assistant: step-start, reasoning, text:"Plan complete at `docs/superpowers/plans...", tool:completed, step-finish, patch | [10]user: text:"Continue if you have next steps, or stop..."(syn) | [11]assistant: step-start, reasoning, tool:completed, step-finish, patch | [12]assistant: step-start, reasoning, tool:completed, tool:completed, tool:completed, tool:completed, step-finish, patch | [13]assistant: step-start, reasoning, tool:completed, tool:completed, step-finish, patch | [14]assistant: step-start, reasoning, tool:completed, step-finish, patch | [15]assistant: step-start, reasoning, tool:completed, step-finish, patch | [16]assistant: step-start, reasoning, tool:completed, tool:completed, tool:completed, tool:completed, step-finish, patch | [17]assistant: step-start, reasoning, tool:completed, step-finish, patch | [18]assistant: step-start, reasoning, tool:completed, tool:completed, tool:completed, step-finish, patch | [19]assistant: step-start, reasoning, text:"Now dispatching Task 1 implementer:", tool:completed, step-finish, patch
[2026-06-02T03:09:17.987Z] message-hooks: post-filter, msgCount=20
[2026-06-02T03:09:17.987Z] message-hooks: about to search for OPENCODE_GENERIC
[2026-06-02T03:09:17.987Z] message-hooks: searching 20 messages for OPENCODE_GENERIC
[2026-06-02T03:09:17.987Z] message-hooks: found synthetic text at [10]: "Continue if you have next steps, or stop and ask f..." matches=false
[2026-06-02T03:09:17.987Z] message-hooks: generic search complete, found=false, index=-1
[2026-06-02T03:09:17.987Z] message-hooks: no generic part found, checking for pending prompt return
[2026-06-02T03:09:24.990Z] tool.before: taskSession=ses_179fa6dd5ffes60VLPY7DAUkWq, prompt="You are reviewing whether an i...", pendingParentSession=NOT FOUND
[2026-06-02T03:09:24.990Z] tool.before: callID=call_00_r532zXSUUoyDUNjSjTrp5728, cmd=undefined, desc="Review spec compliance Task 1", mainCmd=undefined
[2026-06-02T03:09:25.182Z] message-hooks: ENTRY msgCount=1, sessions=ses_179b14d79ffe2z2hGtzrY9DyG5
[2026-06-02T03:09:25.182Z] message-hooks: MESSAGES: [0]user: text:"You are reviewing whether an implementat..."
[2026-06-02T03:09:25.182Z] message-hooks: post-filter, msgCount=1
[2026-06-02T03:09:25.182Z] message-hooks: about to search for OPENCODE_GENERIC
[2026-06-02T03:09:25.182Z] message-hooks: searching 1 messages for OPENCODE_GENERIC
[2026-06-02T03:09:25.182Z] message-hooks: generic search complete, found=false, index=-1
[2026-06-02T03:09:25.182Z] message-hooks: no generic part found, checking for pending prompt return
[2026-06-02T03:09:28.204Z] message-hooks: ENTRY msgCount=2, sessions=ses_179b14d79ffe2z2hGtzrY9DyG5
[2026-06-02T03:09:28.204Z] message-hooks: MESSAGES: [0]user: text:"You are reviewing whether an implementat..." | [1]assistant: step-start, reasoning, tool:completed, step-finish, patch
[2026-06-02T03:09:28.205Z] message-hooks: post-filter, msgCount=2
[2026-06-02T03:09:28.205Z] message-hooks: about to search for OPENCODE_GENERIC
[2026-06-02T03:09:28.205Z] message-hooks: searching 2 messages for OPENCODE_GENERIC
[2026-06-02T03:09:28.205Z] message-hooks: generic search complete, found=false, index=-1
[2026-06-02T03:09:28.205Z] message-hooks: no generic part found, checking for pending prompt return
[2026-06-02T03:09:30.783Z] message-hooks: ENTRY msgCount=3, sessions=ses_179b14d79ffe2z2hGtzrY9DyG5
[2026-06-02T03:09:30.783Z] message-hooks: MESSAGES: [0]user: text:"You are reviewing whether an implementat..." | [1]assistant: step-start, reasoning, tool:completed, step-finish, patch | [2]assistant: step-start, reasoning, tool:completed, step-finish, patch
[2026-06-02T03:09:30.784Z] message-hooks: post-filter, msgCount=3
[2026-06-02T03:09:30.784Z] message-hooks: about to search for OPENCODE_GENERIC
[2026-06-02T03:09:30.784Z] message-hooks: searching 3 messages for OPENCODE_GENERIC
[2026-06-02T03:09:30.784Z] message-hooks: generic search complete, found=false, index=-1
[2026-06-02T03:09:30.784Z] message-hooks: no generic part found, checking for pending prompt return
[2026-06-02T03:09:33.436Z] message-hooks: ENTRY msgCount=4, sessions=ses_179b14d79ffe2z2hGtzrY9DyG5
[2026-06-02T03:09:33.436Z] message-hooks: MESSAGES: [0]user: text:"You are reviewing whether an implementat..." | [1]assistant: step-start, reasoning, tool:completed, step-finish, patch | [2]assistant: step-start, reasoning, tool:completed, step-finish, patch | [3]assistant: step-start, reasoning, text:"Let me verify the implementation against...", tool:completed, step-finish, patch
[2026-06-02T03:09:33.436Z] message-hooks: post-filter, msgCount=4
[2026-06-02T03:09:33.436Z] message-hooks: about to search for OPENCODE_GENERIC
[2026-06-02T03:09:33.436Z] message-hooks: searching 4 messages for OPENCODE_GENERIC
[2026-06-02T03:09:33.436Z] message-hooks: generic search complete, found=false, index=-1
[2026-06-02T03:09:33.436Z] message-hooks: no generic part found, checking for pending prompt return
[2026-06-02T03:09:35.489Z] message-hooks: ENTRY msgCount=5, sessions=ses_179b14d79ffe2z2hGtzrY9DyG5
[2026-06-02T03:09:35.489Z] message-hooks: MESSAGES: [0]user: text:"You are reviewing whether an implementat..." | [1]assistant: step-start, reasoning, tool:completed, step-finish, patch | [2]assistant: step-start, reasoning, tool:completed, step-finish, patch | [3]assistant: step-start, reasoning, text:"Let me verify the implementation against...", tool:completed, step-finish, patch | [4]assistant: step-start, reasoning, tool:completed, step-finish, patch
[2026-06-02T03:09:35.489Z] message-hooks: post-filter, msgCount=5
[2026-06-02T03:09:35.489Z] message-hooks: about to search for OPENCODE_GENERIC
[2026-06-02T03:09:35.489Z] message-hooks: searching 5 messages for OPENCODE_GENERIC
[2026-06-02T03:09:35.489Z] message-hooks: generic search complete, found=false, index=-1
[2026-06-02T03:09:35.489Z] message-hooks: no generic part found, checking for pending prompt return
[2026-06-02T03:09:38.447Z] message-hooks: ENTRY msgCount=6, sessions=ses_179b14d79ffe2z2hGtzrY9DyG5
[2026-06-02T03:09:38.447Z] message-hooks: MESSAGES: [0]user: text:"You are reviewing whether an implementat..." | [1]assistant: step-start, reasoning, tool:completed, step-finish, patch | [2]assistant: step-start, reasoning, tool:completed, step-finish, patch | [3]assistant: step-start, reasoning, text:"Let me verify the implementation against...", tool:completed, step-finish, patch | [4]assistant: step-start, reasoning, tool:completed, step-finish, patch | [5]assistant: step-start, reasoning, tool:completed, step-finish, patch
[2026-06-02T03:09:38.447Z] message-hooks: post-filter, msgCount=6
[2026-06-02T03:09:38.447Z] message-hooks: about to search for OPENCODE_GENERIC
[2026-06-02T03:09:38.447Z] message-hooks: searching 6 messages for OPENCODE_GENERIC
[2026-06-02T03:09:38.447Z] message-hooks: generic search complete, found=false, index=-1
[2026-06-02T03:09:38.447Z] message-hooks: no generic part found, checking for pending prompt return
[2026-06-02T03:09:40.966Z] message-hooks: ENTRY msgCount=7, sessions=ses_179b14d79ffe2z2hGtzrY9DyG5
[2026-06-02T03:09:40.966Z] message-hooks: MESSAGES: [0]user: text:"You are reviewing whether an implementat..." | [1]assistant: step-start, reasoning, tool:completed, step-finish, patch | [2]assistant: step-start, reasoning, tool:completed, step-finish, patch | [3]assistant: step-start, reasoning, text:"Let me verify the implementation against...", tool:completed, step-finish, patch | [4]assistant: step-start, reasoning, tool:completed, step-finish, patch | [5]assistant: step-start, reasoning, tool:completed, step-finish, patch | [6]assistant: step-start, reasoning, tool:completed, step-finish, patch
[2026-06-02T03:09:40.966Z] message-hooks: post-filter, msgCount=7
[2026-06-02T03:09:40.966Z] message-hooks: about to search for OPENCODE_GENERIC
[2026-06-02T03:09:40.966Z] message-hooks: searching 7 messages for OPENCODE_GENERIC
[2026-06-02T03:09:40.966Z] message-hooks: generic search complete, found=false, index=-1
[2026-06-02T03:09:40.966Z] message-hooks: no generic part found, checking for pending prompt return
[2026-06-02T03:09:44.537Z] message-hooks: ENTRY msgCount=8, sessions=ses_179b14d79ffe2z2hGtzrY9DyG5
[2026-06-02T03:09:44.537Z] message-hooks: MESSAGES: [0]user: text:"You are reviewing whether an implementat..." | [1]assistant: step-start, reasoning, tool:completed, step-finish, patch | [2]assistant: step-start, reasoning, tool:completed, step-finish, patch | [3]assistant: step-start, reasoning, text:"Let me verify the implementation against...", tool:completed, step-finish, patch | [4]assistant: step-start, reasoning, tool:completed, step-finish, patch | [5]assistant: step-start, reasoning, tool:completed, step-finish, patch | [6]assistant: step-start, reasoning, tool:completed, step-finish, patch | [7]assistant: step-start, reasoning, tool:completed, step-finish, patch
[2026-06-02T03:09:44.537Z] message-hooks: post-filter, msgCount=8
[2026-06-02T03:09:44.537Z] message-hooks: about to search for OPENCODE_GENERIC
[2026-06-02T03:09:44.537Z] message-hooks: searching 8 messages for OPENCODE_GENERIC
[2026-06-02T03:09:44.537Z] message-hooks: generic search complete, found=false, index=-1
[2026-06-02T03:09:44.537Z] message-hooks: no generic part found, checking for pending prompt return
[2026-06-02T03:09:46.990Z] message-hooks: ENTRY msgCount=9, sessions=ses_179b14d79ffe2z2hGtzrY9DyG5
[2026-06-02T03:09:46.990Z] message-hooks: MESSAGES: [0]user: text:"You are reviewing whether an implementat..." | [1]assistant: step-start, reasoning, tool:completed, step-finish, patch | [2]assistant: step-start, reasoning, tool:completed, step-finish, patch | [3]assistant: step-start, reasoning, text:"Let me verify the implementation against...", tool:completed, step-finish, patch | [4]assistant: step-start, reasoning, tool:completed, step-finish, patch | [5]assistant: step-start, reasoning, tool:completed, step-finish, patch | [6]assistant: step-start, reasoning, tool:completed, step-finish, patch | [7]assistant: step-start, reasoning, tool:completed, step-finish, patch | [8]assistant: step-start, reasoning, tool:completed, step-finish, patch
[2026-06-02T03:09:46.990Z] message-hooks: post-filter, msgCount=9
[2026-06-02T03:09:46.990Z] message-hooks: about to search for OPENCODE_GENERIC
[2026-06-02T03:09:46.990Z] message-hooks: searching 9 messages for OPENCODE_GENERIC
[2026-06-02T03:09:46.990Z] message-hooks: generic search complete, found=false, index=-1
[2026-06-02T03:09:46.990Z] message-hooks: no generic part found, checking for pending prompt return
[2026-06-02T03:09:49.673Z] message-hooks: ENTRY msgCount=10, sessions=ses_179b14d79ffe2z2hGtzrY9DyG5
[2026-06-02T03:09:49.673Z] message-hooks: MESSAGES: [0]user: text:"You are reviewing whether an implementat..." | [1]assistant: step-start, reasoning, tool:completed, step-finish, patch | [2]assistant: step-start, reasoning, tool:completed, step-finish, patch | [3]assistant: step-start, reasoning, text:"Let me verify the implementation against...", tool:completed, step-finish, patch | [4]assistant: step-start, reasoning, tool:completed, step-finish, patch | [5]assistant: step-start, reasoning, tool:completed, step-finish, patch | [6]assistant: step-start, reasoning, tool:completed, step-finish, patch | [7]assistant: step-start, reasoning, tool:completed, step-finish, patch | [8]assistant: step-start, reasoning, tool:completed, step-finish, patch | [9]assistant: step-start, reasoning, tool:completed, step-finish, patch
[2026-06-02T03:09:49.674Z] message-hooks: post-filter, msgCount=10
[2026-06-02T03:09:49.674Z] message-hooks: about to search for OPENCODE_GENERIC
[2026-06-02T03:09:49.674Z] message-hooks: searching 10 messages for OPENCODE_GENERIC
[2026-06-02T03:09:49.674Z] message-hooks: generic search complete, found=false, index=-1
[2026-06-02T03:09:49.674Z] message-hooks: no generic part found, checking for pending prompt return
[2026-06-02T03:09:52.032Z] message-hooks: ENTRY msgCount=11, sessions=ses_179b14d79ffe2z2hGtzrY9DyG5
[2026-06-02T03:09:52.032Z] message-hooks: MESSAGES: [0]user: text:"You are reviewing whether an implementat..." | [1]assistant: step-start, reasoning, tool:completed, step-finish, patch | [2]assistant: step-start, reasoning, tool:completed, step-finish, patch | [3]assistant: step-start, reasoning, text:"Let me verify the implementation against...", tool:completed, step-finish, patch | [4]assistant: step-start, reasoning, tool:completed, step-finish, patch | [5]assistant: step-start, reasoning, tool:completed, step-finish, patch | [6]assistant: step-start, reasoning, tool:completed, step-finish, patch | [7]assistant: step-start, reasoning, tool:completed, step-finish, patch | [8]assistant: step-start, reasoning, tool:completed, step-finish, patch | [9]assistant: step-start, reasoning, tool:completed, step-finish, patch | [10]assistant: step-start, reasoning, tool:completed, step-finish, patch
[2026-06-02T03:09:52.032Z] message-hooks: post-filter, msgCount=11
[2026-06-02T03:09:52.032Z] message-hooks: about to search for OPENCODE_GENERIC
[2026-06-02T03:09:52.032Z] message-hooks: searching 11 messages for OPENCODE_GENERIC
[2026-06-02T03:09:52.032Z] message-hooks: generic search complete, found=false, index=-1
[2026-06-02T03:09:52.032Z] message-hooks: no generic part found, checking for pending prompt return
[2026-06-02T03:09:54.656Z] message-hooks: ENTRY msgCount=12, sessions=ses_179b14d79ffe2z2hGtzrY9DyG5
[2026-06-02T03:09:54.656Z] message-hooks: MESSAGES: [0]user: text:"You are reviewing whether an implementat..." | [1]assistant: step-start, reasoning, tool:completed, step-finish, patch | [2]assistant: step-start, reasoning, tool:completed, step-finish, patch | [3]assistant: step-start, reasoning, text:"Let me verify the implementation against...", tool:completed, step-finish, patch | [4]assistant: step-start, reasoning, tool:completed, step-finish, patch | [5]assistant: step-start, reasoning, tool:completed, step-finish, patch | [6]assistant: step-start, reasoning, tool:completed, step-finish, patch | [7]assistant: step-start, reasoning, tool:completed, step-finish, patch | [8]assistant: step-start, reasoning, tool:completed, step-finish, patch | [9]assistant: step-start, reasoning, tool:completed, step-finish, patch | [10]assistant: step-start, reasoning, tool:completed, step-finish, patch | [11]assistant: step-start, reasoning, tool:completed, step-finish, patch
[2026-06-02T03:09:54.656Z] message-hooks: post-filter, msgCount=12
[2026-06-02T03:09:54.656Z] message-hooks: about to search for OPENCODE_GENERIC
[2026-06-02T03:09:54.656Z] message-hooks: searching 12 messages for OPENCODE_GENERIC
[2026-06-02T03:09:54.656Z] message-hooks: generic search complete, found=false, index=-1
[2026-06-02T03:09:54.656Z] message-hooks: no generic part found, checking for pending prompt return
[2026-06-02T03:09:57.127Z] message-hooks: ENTRY msgCount=13, sessions=ses_179b14d79ffe2z2hGtzrY9DyG5
[2026-06-02T03:09:57.127Z] message-hooks: MESSAGES: [0]user: text:"You are reviewing whether an implementat..." | [1]assistant: step-start, reasoning, tool:completed, step-finish, patch | [2]assistant: step-start, reasoning, tool:completed, step-finish, patch | [3]assistant: step-start, reasoning, text:"Let me verify the implementation against...", tool:completed, step-finish, patch | [4]assistant: step-start, reasoning, tool:completed, step-finish, patch | [5]assistant: step-start, reasoning, tool:completed, step-finish, patch | [6]assistant: step-start, reasoning, tool:completed, step-finish, patch | [7]assistant: step-start, reasoning, tool:completed, step-finish, patch | [8]assistant: step-start, reasoning, tool:completed, step-finish, patch | [9]assistant: step-start, reasoning, tool:completed, step-finish, patch | [10]assistant: step-start, reasoning, tool:completed, step-finish, patch | [11]assistant: step-start, reasoning, tool:completed, step-finish, patch | [12]assistant: step-start, reasoning, tool:completed, step-finish, patch
[2026-06-02T03:09:57.127Z] message-hooks: post-filter, msgCount=13
[2026-06-02T03:09:57.127Z] message-hooks: about to search for OPENCODE_GENERIC
[2026-06-02T03:09:57.127Z] message-hooks: searching 13 messages for OPENCODE_GENERIC
[2026-06-02T03:09:57.127Z] message-hooks: generic search complete, found=false, index=-1
[2026-06-02T03:09:57.127Z] message-hooks: no generic part found, checking for pending prompt return
[2026-06-02T03:09:59.356Z] message-hooks: ENTRY msgCount=14, sessions=ses_179b14d79ffe2z2hGtzrY9DyG5
[2026-06-02T03:09:59.356Z] message-hooks: MESSAGES: [0]user: text:"You are reviewing whether an implementat..." | [1]assistant: step-start, reasoning, tool:completed, step-finish, patch | [2]assistant: step-start, reasoning, tool:completed, step-finish, patch | [3]assistant: step-start, reasoning, text:"Let me verify the implementation against...", tool:completed, step-finish, patch | [4]assistant: step-start, reasoning, tool:completed, step-finish, patch | [5]assistant: step-start, reasoning, tool:completed, step-finish, patch | [6]assistant: step-start, reasoning, tool:completed, step-finish, patch | [7]assistant: step-start, reasoning, tool:completed, step-finish, patch | [8]assistant: step-start, reasoning, tool:completed, step-finish, patch | [9]assistant: step-start, reasoning, tool:completed, step-finish, patch | [10]assistant: step-start, reasoning, tool:completed, step-finish, patch | [11]assistant: step-start, reasoning, tool:completed, step-finish, patch | [12]assistant: step-start, reasoning, tool:completed, step-finish, patch | [13]assistant: step-start, reasoning, tool:completed, step-finish, patch
[2026-06-02T03:09:59.356Z] message-hooks: post-filter, msgCount=14
[2026-06-02T03:09:59.356Z] message-hooks: about to search for OPENCODE_GENERIC
[2026-06-02T03:09:59.356Z] message-hooks: searching 14 messages for OPENCODE_GENERIC
[2026-06-02T03:09:59.356Z] message-hooks: generic search complete, found=false, index=-1
[2026-06-02T03:09:59.356Z] message-hooks: no generic part found, checking for pending prompt return
[2026-06-02T03:10:02.107Z] message-hooks: ENTRY msgCount=15, sessions=ses_179b14d79ffe2z2hGtzrY9DyG5
[2026-06-02T03:10:02.107Z] message-hooks: MESSAGES: [0]user: text:"You are reviewing whether an implementat..." | [1]assistant: step-start, reasoning, tool:completed, step-finish, patch | [2]assistant: step-start, reasoning, tool:completed, step-finish, patch | [3]assistant: step-start, reasoning, text:"Let me verify the implementation against...", tool:completed, step-finish, patch | [4]assistant: step-start, reasoning, tool:completed, step-finish, patch | [5]assistant: step-start, reasoning, tool:completed, step-finish, patch | [6]assistant: step-start, reasoning, tool:completed, step-finish, patch | [7]assistant: step-start, reasoning, tool:completed, step-finish, patch | [8]assistant: step-start, reasoning, tool:completed, step-finish, patch | [9]assistant: step-start, reasoning, tool:completed, step-finish, patch | [10]assistant: step-start, reasoning, tool:completed, step-finish, patch | [11]assistant: step-start, reasoning, tool:completed, step-finish, patch | [12]assistant: step-start, reasoning, tool:completed, step-finish, patch | [13]assistant: step-start, reasoning, tool:completed, step-finish, patch | [14]assistant: step-start, reasoning, tool:completed, step-finish, patch
[2026-06-02T03:10:02.107Z] message-hooks: post-filter, msgCount=15
[2026-06-02T03:10:02.107Z] message-hooks: about to search for OPENCODE_GENERIC
[2026-06-02T03:10:02.107Z] message-hooks: searching 15 messages for OPENCODE_GENERIC
[2026-06-02T03:10:02.107Z] message-hooks: generic search complete, found=false, index=-1
[2026-06-02T03:10:02.107Z] message-hooks: no generic part found, checking for pending prompt return
[2026-06-02T03:10:04.411Z] message-hooks: ENTRY msgCount=16, sessions=ses_179b14d79ffe2z2hGtzrY9DyG5
[2026-06-02T03:10:04.411Z] message-hooks: MESSAGES: [0]user: text:"You are reviewing whether an implementat..." | [1]assistant: step-start, reasoning, tool:completed, step-finish, patch | [2]assistant: step-start, reasoning, tool:completed, step-finish, patch | [3]assistant: step-start, reasoning, text:"Let me verify the implementation against...", tool:completed, step-finish, patch | [4]assistant: step-start, reasoning, tool:completed, step-finish, patch | [5]assistant: step-start, reasoning, tool:completed, step-finish, patch | [6]assistant: step-start, reasoning, tool:completed, step-finish, patch | [7]assistant: step-start, reasoning, tool:completed, step-finish, patch | [8]assistant: step-start, reasoning, tool:completed, step-finish, patch | [9]assistant: step-start, reasoning, tool:completed, step-finish, patch | [10]assistant: step-start, reasoning, tool:completed, step-finish, patch | [11]assistant: step-start, reasoning, tool:completed, step-finish, patch | [12]assistant: step-start, reasoning, tool:completed, step-finish, patch | [13]assistant: step-start, reasoning, tool:completed, step-finish, patch | [14]assistant: step-start, reasoning, tool:completed, step-finish, patch | [15]assistant: step-start, reasoning, tool:completed, step-finish, patch
[2026-06-02T03:10:04.411Z] message-hooks: post-filter, msgCount=16
[2026-06-02T03:10:04.411Z] message-hooks: about to search for OPENCODE_GENERIC
[2026-06-02T03:10:04.411Z] message-hooks: searching 16 messages for OPENCODE_GENERIC
[2026-06-02T03:10:04.411Z] message-hooks: generic search complete, found=false, index=-1
[2026-06-02T03:10:04.411Z] message-hooks: no generic part found, checking for pending prompt return
[2026-06-02T03:10:07.034Z] message-hooks: ENTRY msgCount=17, sessions=ses_179b14d79ffe2z2hGtzrY9DyG5
[2026-06-02T03:10:07.034Z] message-hooks: MESSAGES: [0]user: text:"You are reviewing whether an implementat..." | [1]assistant: step-start, reasoning, tool:completed, step-finish, patch | [2]assistant: step-start, reasoning, tool:completed, step-finish, patch | [3]assistant: step-start, reasoning, text:"Let me verify the implementation against...", tool:completed, step-finish, patch | [4]assistant: step-start, reasoning, tool:completed, step-finish, patch | [5]assistant: step-start, reasoning, tool:completed, step-finish, patch | [6]assistant: step-start, reasoning, tool:completed, step-finish, patch | [7]assistant: step-start, reasoning, tool:completed, step-finish, patch | [8]assistant: step-start, reasoning, tool:completed, step-finish, patch | [9]assistant: step-start, reasoning, tool:completed, step-finish, patch | [10]assistant: step-start, reasoning, tool:completed, step-finish, patch | [11]assistant: step-start, reasoning, tool:completed, step-finish, patch | [12]assistant: step-start, reasoning, tool:completed, step-finish, patch | [13]assistant: step-start, reasoning, tool:completed, step-finish, patch | [14]assistant: step-start, reasoning, tool:completed, step-finish, patch | [15]assistant: step-start, reasoning, tool:completed, step-finish, patch | [16]assistant: step-start, reasoning, tool:completed, step-finish, patch
[2026-06-02T03:10:07.034Z] message-hooks: post-filter, msgCount=17
[2026-06-02T03:10:07.034Z] message-hooks: about to search for OPENCODE_GENERIC
[2026-06-02T03:10:07.034Z] message-hooks: searching 17 messages for OPENCODE_GENERIC
[2026-06-02T03:10:07.034Z] message-hooks: generic search complete, found=false, index=-1
[2026-06-02T03:10:07.034Z] message-hooks: no generic part found, checking for pending prompt return
[2026-06-02T03:10:09.458Z] message-hooks: ENTRY msgCount=18, sessions=ses_179b14d79ffe2z2hGtzrY9DyG5
[2026-06-02T03:10:09.458Z] message-hooks: MESSAGES: [0]user: text:"You are reviewing whether an implementat..." | [1]assistant: step-start, reasoning, tool:completed, step-finish, patch | [2]assistant: step-start, reasoning, tool:completed, step-finish, patch | [3]assistant: step-start, reasoning, text:"Let me verify the implementation against...", tool:completed, step-finish, patch | [4]assistant: step-start, reasoning, tool:completed, step-finish, patch | [5]assistant: step-start, reasoning, tool:completed, step-finish, patch | [6]assistant: step-start, reasoning, tool:completed, step-finish, patch | [7]assistant: step-start, reasoning, tool:completed, step-finish, patch | [8]assistant: step-start, reasoning, tool:completed, step-finish, patch | [9]assistant: step-start, reasoning, tool:completed, step-finish, patch | [10]assistant: step-start, reasoning, tool:completed, step-finish, patch | [11]assistant: step-start, reasoning, tool:completed, step-finish, patch | [12]assistant: step-start, reasoning, tool:completed, step-finish, patch | [13]assistant: step-start, reasoning, tool:completed, step-finish, patch | [14]assistant: step-start, reasoning, tool:completed, step-finish, patch | [15]assistant: step-start, reasoning, tool:completed, step-finish, patch | [16]assistant: step-start, reasoning, tool:completed, step-finish, patch | [17]assistant: step-start, reasoning, tool:completed, step-finish, patch
[2026-06-02T03:10:09.458Z] message-hooks: post-filter, msgCount=18
[2026-06-02T03:10:09.458Z] message-hooks: about to search for OPENCODE_GENERIC
[2026-06-02T03:10:09.458Z] message-hooks: searching 18 messages for OPENCODE_GENERIC
[2026-06-02T03:10:09.458Z] message-hooks: generic search complete, found=false, index=-1
[2026-06-02T03:10:09.458Z] message-hooks: no generic part found, checking for pending prompt return
[2026-06-02T03:10:12.337Z] message-hooks: ENTRY msgCount=19, sessions=ses_179b14d79ffe2z2hGtzrY9DyG5
[2026-06-02T03:10:12.337Z] message-hooks: MESSAGES: [0]user: text:"You are reviewing whether an implementat..." | [1]assistant: step-start, reasoning, tool:completed, step-finish, patch | [2]assistant: step-start, reasoning, tool:completed, step-finish, patch | [3]assistant: step-start, reasoning, text:"Let me verify the implementation against...", tool:completed, step-finish, patch | [4]assistant: step-start, reasoning, tool:completed, step-finish, patch | [5]assistant: step-start, reasoning, tool:completed, step-finish, patch | [6]assistant: step-start, reasoning, tool:completed, step-finish, patch | [7]assistant: step-start, reasoning, tool:completed, step-finish, patch | [8]assistant: step-start, reasoning, tool:completed, step-finish, patch | [9]assistant: step-start, reasoning, tool:completed, step-finish, patch | [10]assistant: step-start, reasoning, tool:completed, step-finish, patch | [11]assistant: step-start, reasoning, tool:completed, step-finish, patch | [12]assistant: step-start, reasoning, tool:completed, step-finish, patch | [13]assistant: step-start, reasoning, tool:completed, step-finish, patch | [14]assistant: step-start, reasoning, tool:completed, step-finish, patch | [15]assistant: step-start, reasoning, tool:completed, step-finish, patch | [16]assistant: step-start, reasoning, tool:completed, step-finish, patch | [17]assistant: step-start, reasoning, tool:completed, step-finish, patch | [18]assistant: step-start, reasoning, tool:completed, step-finish, patch
[2026-06-02T03:10:12.337Z] message-hooks: post-filter, msgCount=19
[2026-06-02T03:10:12.337Z] message-hooks: about to search for OPENCODE_GENERIC
[2026-06-02T03:10:12.337Z] message-hooks: searching 19 messages for OPENCODE_GENERIC
[2026-06-02T03:10:12.337Z] message-hooks: generic search complete, found=false, index=-1
[2026-06-02T03:10:12.337Z] message-hooks: no generic part found, checking for pending prompt return
[2026-06-02T03:10:14.594Z] message-hooks: ENTRY msgCount=20, sessions=ses_179b14d79ffe2z2hGtzrY9DyG5
[2026-06-02T03:10:14.594Z] message-hooks: MESSAGES: [0]user: text:"You are reviewing whether an implementat..." | [1]assistant: step-start, reasoning, tool:completed, step-finish, patch | [2]assistant: step-start, reasoning, tool:completed, step-finish, patch | [3]assistant: step-start, reasoning, text:"Let me verify the implementation against...", tool:completed, step-finish, patch | [4]assistant: step-start, reasoning, tool:completed, step-finish, patch | [5]assistant: step-start, reasoning, tool:completed, step-finish, patch | [6]assistant: step-start, reasoning, tool:completed, step-finish, patch | [7]assistant: step-start, reasoning, tool:completed, step-finish, patch | [8]assistant: step-start, reasoning, tool:completed, step-finish, patch | [9]assistant: step-start, reasoning, tool:completed, step-finish, patch | [10]assistant: step-start, reasoning, tool:completed, step-finish, patch | [11]assistant: step-start, reasoning, tool:completed, step-finish, patch | [12]assistant: step-start, reasoning, tool:completed, step-finish, patch | [13]assistant: step-start, reasoning, tool:completed, step-finish, patch | [14]assistant: step-start, reasoning, tool:completed, step-finish, patch | [15]assistant: step-start, reasoning, tool:completed, step-finish, patch | [16]assistant: step-start, reasoning, tool:completed, step-finish, patch | [17]assistant: step-start, reasoning, tool:completed, step-finish, patch | [18]assistant: step-start, reasoning, tool:completed, step-finish, patch | [19]assistant: step-start, reasoning, tool:completed, step-finish, patch
[2026-06-02T03:10:14.594Z] message-hooks: post-filter, msgCount=20
[2026-06-02T03:10:14.594Z] message-hooks: about to search for OPENCODE_GENERIC
[2026-06-02T03:10:14.594Z] message-hooks: searching 20 messages for OPENCODE_GENERIC
[2026-06-02T03:10:14.594Z] message-hooks: generic search complete, found=false, index=-1
[2026-06-02T03:10:14.594Z] message-hooks: no generic part found, checking for pending prompt return
[2026-06-02T03:10:17.215Z] message-hooks: ENTRY msgCount=21, sessions=ses_179b14d79ffe2z2hGtzrY9DyG5
[2026-06-02T03:10:17.215Z] message-hooks: MESSAGES: [0]user: text:"You are reviewing whether an implementat..." | [1]assistant: step-start, reasoning, tool:completed, step-finish, patch | [2]assistant: step-start, reasoning, tool:completed, step-finish, patch | [3]assistant: step-start, reasoning, text:"Let me verify the implementation against...", tool:completed, step-finish, patch | [4]assistant: step-start, reasoning, tool:completed, step-finish, patch | [5]assistant: step-start, reasoning, tool:completed, step-finish, patch | [6]assistant: step-start, reasoning, tool:completed, step-finish, patch | [7]assistant: step-start, reasoning, tool:completed, step-finish, patch | [8]assistant: step-start, reasoning, tool:completed, step-finish, patch | [9]assistant: step-start, reasoning, tool:completed, step-finish, patch | [10]assistant: step-start, reasoning, tool:completed, step-finish, patch | [11]assistant: step-start, reasoning, tool:completed, step-finish, patch | [12]assistant: step-start, reasoning, tool:completed, step-finish, patch | [13]assistant: step-start, reasoning, tool:completed, step-finish, patch | [14]assistant: step-start, reasoning, tool:completed, step-finish, patch | [15]assistant: step-start, reasoning, tool:completed, step-finish, patch | [16]assistant: step-start, reasoning, tool:completed, step-finish, patch | [17]assistant: step-start, reasoning, tool:completed, step-finish, patch | [18]assistant: step-start, reasoning, tool:completed, step-finish, patch | [19]assistant: step-start, reasoning, tool:completed, step-finish, patch | [20]assistant: step-start, reasoning, tool:completed, step-finish, patch
[2026-06-02T03:10:17.215Z] message-hooks: post-filter, msgCount=21
[2026-06-02T03:10:17.215Z] message-hooks: about to search for OPENCODE_GENERIC
[2026-06-02T03:10:17.215Z] message-hooks: searching 21 messages for OPENCODE_GENERIC
[2026-06-02T03:10:17.216Z] message-hooks: generic search complete, found=false, index=-1
[2026-06-02T03:10:17.216Z] message-hooks: no generic part found, checking for pending prompt return
[2026-06-02T03:10:19.904Z] message-hooks: ENTRY msgCount=22, sessions=ses_179b14d79ffe2z2hGtzrY9DyG5
[2026-06-02T03:10:19.904Z] message-hooks: MESSAGES: [0]user: text:"You are reviewing whether an implementat..." | [1]assistant: step-start, reasoning, tool:completed, step-finish, patch | [2]assistant: step-start, reasoning, tool:completed, step-finish, patch | [3]assistant: step-start, reasoning, text:"Let me verify the implementation against...", tool:completed, step-finish, patch | [4]assistant: step-start, reasoning, tool:completed, step-finish, patch | [5]assistant: step-start, reasoning, tool:completed, step-finish, patch | [6]assistant: step-start, reasoning, tool:completed, step-finish, patch | [7]assistant: step-start, reasoning, tool:completed, step-finish, patch | [8]assistant: step-start, reasoning, tool:completed, step-finish, patch | [9]assistant: step-start, reasoning, tool:completed, step-finish, patch | [10]assistant: step-start, reasoning, tool:completed, step-finish, patch | [11]assistant: step-start, reasoning, tool:completed, step-finish, patch | [12]assistant: step-start, reasoning, tool:completed, step-finish, patch | [13]assistant: step-start, reasoning, tool:completed, step-finish, patch | [14]assistant: step-start, reasoning, tool:completed, step-finish, patch | [15]assistant: step-start, reasoning, tool:completed, step-finish, patch | [16]assistant: step-start, reasoning, tool:completed, step-finish, patch | [17]assistant: step-start, reasoning, tool:completed, step-finish, patch | [18]assistant: step-start, reasoning, tool:completed, step-finish, patch | [19]assistant: step-start, reasoning, tool:completed, step-finish, patch | [20]assistant: step-start, reasoning, tool:completed, step-finish, patch | [21]assistant: step-start, reasoning, tool:completed, step-finish, patch
[2026-06-02T03:10:19.904Z] message-hooks: post-filter, msgCount=22
[2026-06-02T03:10:19.904Z] message-hooks: about to search for OPENCODE_GENERIC
[2026-06-02T03:10:19.904Z] message-hooks: searching 22 messages for OPENCODE_GENERIC
[2026-06-02T03:10:19.904Z] message-hooks: generic search complete, found=false, index=-1
[2026-06-02T03:10:19.904Z] message-hooks: no generic part found, checking for pending prompt return
[2026-06-02T03:10:22.468Z] message-hooks: ENTRY msgCount=23, sessions=ses_179b14d79ffe2z2hGtzrY9DyG5
[2026-06-02T03:10:22.469Z] message-hooks: MESSAGES: [0]user: text:"You are reviewing whether an implementat..." | [1]assistant: step-start, reasoning, tool:completed, step-finish, patch | [2]assistant: step-start, reasoning, tool:completed, step-finish, patch | [3]assistant: step-start, reasoning, text:"Let me verify the implementation against...", tool:completed, step-finish, patch | [4]assistant: step-start, reasoning, tool:completed, step-finish, patch | [5]assistant: step-start, reasoning, tool:completed, step-finish, patch | [6]assistant: step-start, reasoning, tool:completed, step-finish, patch | [7]assistant: step-start, reasoning, tool:completed, step-finish, patch | [8]assistant: step-start, reasoning, tool:completed, step-finish, patch | [9]assistant: step-start, reasoning, tool:completed, step-finish, patch | [10]assistant: step-start, reasoning, tool:completed, step-finish, patch | [11]assistant: step-start, reasoning, tool:completed, step-finish, patch | [12]assistant: step-start, reasoning, tool:completed, step-finish, patch | [13]assistant: step-start, reasoning, tool:completed, step-finish, patch | [14]assistant: step-start, reasoning, tool:completed, step-finish, patch | [15]assistant: step-start, reasoning, tool:completed, step-finish, patch | [16]assistant: step-start, reasoning, tool:completed, step-finish, patch | [17]assistant: step-start, reasoning, tool:completed, step-finish, patch | [18]assistant: step-start, reasoning, tool:completed, step-finish, patch | [19]assistant: step-start, reasoning, tool:completed, step-finish, patch | [20]assistant: step-start, reasoning, tool:completed, step-finish, patch | [21]assistant: step-start, reasoning, tool:completed, step-finish, patch | [22]assistant: step-start, reasoning, tool:completed, step-finish, patch
[2026-06-02T03:10:22.469Z] message-hooks: post-filter, msgCount=23
[2026-06-02T03:10:22.469Z] message-hooks: about to search for OPENCODE_GENERIC
[2026-06-02T03:10:22.469Z] message-hooks: searching 23 messages for OPENCODE_GENERIC
[2026-06-02T03:10:22.469Z] message-hooks: generic search complete, found=false, index=-1
[2026-06-02T03:10:22.469Z] message-hooks: no generic part found, checking for pending prompt return
[2026-06-02T03:10:24.781Z] message-hooks: ENTRY msgCount=24, sessions=ses_179b14d79ffe2z2hGtzrY9DyG5
[2026-06-02T03:10:24.781Z] message-hooks: MESSAGES: [0]user: text:"You are reviewing whether an implementat..." | [1]assistant: step-start, reasoning, tool:completed, step-finish, patch | [2]assistant: step-start, reasoning, tool:completed, step-finish, patch | [3]assistant: step-start, reasoning, text:"Let me verify the implementation against...", tool:completed, step-finish, patch | [4]assistant: step-start, reasoning, tool:completed, step-finish, patch | [5]assistant: step-start, reasoning, tool:completed, step-finish, patch | [6]assistant: step-start, reasoning, tool:completed, step-finish, patch | [7]assistant: step-start, reasoning, tool:completed, step-finish, patch | [8]assistant: step-start, reasoning, tool:completed, step-finish, patch | [9]assistant: step-start, reasoning, tool:completed, step-finish, patch | [10]assistant: step-start, reasoning, tool:completed, step-finish, patch | [11]assistant: step-start, reasoning, tool:completed, step-finish, patch | [12]assistant: step-start, reasoning, tool:completed, step-finish, patch | [13]assistant: step-start, reasoning, tool:completed, step-finish, patch | [14]assistant: step-start, reasoning, tool:completed, step-finish, patch | [15]assistant: step-start, reasoning, tool:completed, step-finish, patch | [16]assistant: step-start, reasoning, tool:completed, step-finish, patch | [17]assistant: step-start, reasoning, tool:completed, step-finish, patch | [18]assistant: step-start, reasoning, tool:completed, step-finish, patch | [19]assistant: step-start, reasoning, tool:completed, step-finish, patch | [20]assistant: step-start, reasoning, tool:completed, step-finish, patch | [21]assistant: step-start, reasoning, tool:completed, step-finish, patch | [22]assistant: step-start, reasoning, tool:completed, step-finish, patch | [23]assistant: step-start, reasoning, tool:completed, step-finish, patch
[2026-06-02T03:10:24.781Z] message-hooks: post-filter, msgCount=24
[2026-06-02T03:10:24.781Z] message-hooks: about to search for OPENCODE_GENERIC
[2026-06-02T03:10:24.781Z] message-hooks: searching 24 messages for OPENCODE_GENERIC
[2026-06-02T03:10:24.781Z] message-hooks: generic search complete, found=false, index=-1
[2026-06-02T03:10:24.781Z] message-hooks: no generic part found, checking for pending prompt return
[2026-06-02T03:10:27.722Z] message-hooks: ENTRY msgCount=25, sessions=ses_179b14d79ffe2z2hGtzrY9DyG5
[2026-06-02T03:10:27.722Z] message-hooks: MESSAGES: [0]user: text:"You are reviewing whether an implementat..." | [1]assistant: step-start, reasoning, tool:completed, step-finish, patch | [2]assistant: step-start, reasoning, tool:completed, step-finish, patch | [3]assistant: step-start, reasoning, text:"Let me verify the implementation against...", tool:completed, step-finish, patch | [4]assistant: step-start, reasoning, tool:completed, step-finish, patch | [5]assistant: step-start, reasoning, tool:completed, step-finish, patch | [6]assistant: step-start, reasoning, tool:completed, step-finish, patch | [7]assistant: step-start, reasoning, tool:completed, step-finish, patch | [8]assistant: step-start, reasoning, tool:completed, step-finish, patch | [9]assistant: step-start, reasoning, tool:completed, step-finish, patch | [10]assistant: step-start, reasoning, tool:completed, step-finish, patch | [11]assistant: step-start, reasoning, tool:completed, step-finish, patch | [12]assistant: step-start, reasoning, tool:completed, step-finish, patch | [13]assistant: step-start, reasoning, tool:completed, step-finish, patch | [14]assistant: step-start, reasoning, tool:completed, step-finish, patch | [15]assistant: step-start, reasoning, tool:completed, step-finish, patch | [16]assistant: step-start, reasoning, tool:completed, step-finish, patch | [17]assistant: step-start, reasoning, tool:completed, step-finish, patch | [18]assistant: step-start, reasoning, tool:completed, step-finish, patch | [19]assistant: step-start, reasoning, tool:completed, step-finish, patch | [20]assistant: step-start, reasoning, tool:completed, step-finish, patch | [21]assistant: step-start, reasoning, tool:completed, step-finish, patch | [22]assistant: step-start, reasoning, tool:completed, step-finish, patch | [23]assistant: step-start, reasoning, tool:completed, step-finish, patch | [24]assistant: step-start, reasoning, tool:completed, step-finish, patch
[2026-06-02T03:10:27.722Z] message-hooks: post-filter, msgCount=25
[2026-06-02T03:10:27.722Z] message-hooks: about to search for OPENCODE_GENERIC
[2026-06-02T03:10:27.722Z] message-hooks: searching 25 messages for OPENCODE_GENERIC
[2026-06-02T03:10:27.722Z] message-hooks: generic search complete, found=false, index=-1
[2026-06-02T03:10:27.722Z] message-hooks: no generic part found, checking for pending prompt return
[2026-06-02T03:10:31.304Z] message-hooks: ENTRY msgCount=26, sessions=ses_179b14d79ffe2z2hGtzrY9DyG5
[2026-06-02T03:10:31.304Z] message-hooks: MESSAGES: [0]user: text:"You are reviewing whether an implementat..." | [1]assistant: step-start, reasoning, tool:completed, step-finish, patch | [2]assistant: step-start, reasoning, tool:completed, step-finish, patch | [3]assistant: step-start, reasoning, text:"Let me verify the implementation against...", tool:completed, step-finish, patch | [4]assistant: step-start, reasoning, tool:completed, step-finish, patch | [5]assistant: step-start, reasoning, tool:completed, step-finish, patch | [6]assistant: step-start, reasoning, tool:completed, step-finish, patch | [7]assistant: step-start, reasoning, tool:completed, step-finish, patch | [8]assistant: step-start, reasoning, tool:completed, step-finish, patch | [9]assistant: step-start, reasoning, tool:completed, step-finish, patch | [10]assistant: step-start, reasoning, tool:completed, step-finish, patch | [11]assistant: step-start, reasoning, tool:completed, step-finish, patch | [12]assistant: step-start, reasoning, tool:completed, step-finish, patch | [13]assistant: step-start, reasoning, tool:completed, step-finish, patch | [14]assistant: step-start, reasoning, tool:completed, step-finish, patch | [15]assistant: step-start, reasoning, tool:completed, step-finish, patch | [16]assistant: step-start, reasoning, tool:completed, step-finish, patch | [17]assistant: step-start, reasoning, tool:completed, step-finish, patch | [18]assistant: step-start, reasoning, tool:completed, step-finish, patch | [19]assistant: step-start, reasoning, tool:completed, step-finish, patch | [20]assistant: step-start, reasoning, tool:completed, step-finish, patch | [21]assistant: step-start, reasoning, tool:completed, step-finish, patch | [22]assistant: step-start, reasoning, tool:completed, step-finish, patch | [23]assistant: step-start, reasoning, tool:completed, step-finish, patch | [24]assistant: step-start, reasoning, tool:completed, step-finish, patch | [25]assistant: step-start, reasoning, tool:completed, step-finish, patch
[2026-06-02T03:10:31.304Z] message-hooks: post-filter, msgCount=26
[2026-06-02T03:10:31.304Z] message-hooks: about to search for OPENCODE_GENERIC
[2026-06-02T03:10:31.304Z] message-hooks: searching 26 messages for OPENCODE_GENERIC
[2026-06-02T03:10:31.304Z] message-hooks: generic search complete, found=false, index=-1
[2026-06-02T03:10:31.304Z] message-hooks: no generic part found, checking for pending prompt return
[2026-06-02T03:10:34.774Z] message-hooks: ENTRY msgCount=27, sessions=ses_179b14d79ffe2z2hGtzrY9DyG5
[2026-06-02T03:10:34.774Z] message-hooks: MESSAGES: [0]user: text:"You are reviewing whether an implementat..." | [1]assistant: step-start, reasoning, tool:completed, step-finish, patch | [2]assistant: step-start, reasoning, tool:completed, step-finish, patch | [3]assistant: step-start, reasoning, text:"Let me verify the implementation against...", tool:completed, step-finish, patch | [4]assistant: step-start, reasoning, tool:completed, step-finish, patch | [5]assistant: step-start, reasoning, tool:completed, step-finish, patch | [6]assistant: step-start, reasoning, tool:completed, step-finish, patch | [7]assistant: step-start, reasoning, tool:completed, step-finish, patch | [8]assistant: step-start, reasoning, tool:completed, step-finish, patch | [9]assistant: step-start, reasoning, tool:completed, step-finish, patch | [10]assistant: step-start, reasoning, tool:completed, step-finish, patch | [11]assistant: step-start, reasoning, tool:completed, step-finish, patch | [12]assistant: step-start, reasoning, tool:completed, step-finish, patch | [13]assistant: step-start, reasoning, tool:completed, step-finish, patch | [14]assistant: step-start, reasoning, tool:completed, step-finish, patch | [15]assistant: step-start, reasoning, tool:completed, step-finish, patch | [16]assistant: step-start, reasoning, tool:completed, step-finish, patch | [17]assistant: step-start, reasoning, tool:completed, step-finish, patch | [18]assistant: step-start, reasoning, tool:completed, step-finish, patch | [19]assistant: step-start, reasoning, tool:completed, step-finish, patch | [20]assistant: step-start, reasoning, tool:completed, step-finish, patch | [21]assistant: step-start, reasoning, tool:completed, step-finish, patch | [22]assistant: step-start, reasoning, tool:completed, step-finish, patch | [23]assistant: step-start, reasoning, tool:completed, step-finish, patch | [24]assistant: step-start, reasoning, tool:completed, step-finish, patch | [25]assistant: step-start, reasoning, tool:completed, step-finish, patch | [26]assistant: step-start, reasoning, tool:completed, step-finish, patch
[2026-06-02T03:10:34.774Z] message-hooks: post-filter, msgCount=27
[2026-06-02T03:10:34.774Z] message-hooks: about to search for OPENCODE_GENERIC
[2026-06-02T03:10:34.774Z] message-hooks: searching 27 messages for OPENCODE_GENERIC
[2026-06-02T03:10:34.774Z] message-hooks: generic search complete, found=false, index=-1
[2026-06-02T03:10:34.774Z] message-hooks: no generic part found, checking for pending prompt return
[2026-06-02T03:10:41.399Z] message-hooks: ENTRY msgCount=28, sessions=ses_179b14d79ffe2z2hGtzrY9DyG5
[2026-06-02T03:10:41.399Z] message-hooks: MESSAGES: [0]user: text:"You are reviewing whether an implementat..." | [1]assistant: step-start, reasoning, tool:completed, step-finish, patch | [2]assistant: step-start, reasoning, tool:completed, step-finish, patch | [3]assistant: step-start, reasoning, text:"Let me verify the implementation against...", tool:completed, step-finish, patch | [4]assistant: step-start, reasoning, tool:completed, step-finish, patch | [5]assistant: step-start, reasoning, tool:completed, step-finish, patch | [6]assistant: step-start, reasoning, tool:completed, step-finish, patch | [7]assistant: step-start, reasoning, tool:completed, step-finish, patch | [8]assistant: step-start, reasoning, tool:completed, step-finish, patch | [9]assistant: step-start, reasoning, tool:completed, step-finish, patch | [10]assistant: step-start, reasoning, tool:completed, step-finish, patch | [11]assistant: step-start, reasoning, tool:completed, step-finish, patch | [12]assistant: step-start, reasoning, tool:completed, step-finish, patch | [13]assistant: step-start, reasoning, tool:completed, step-finish, patch | [14]assistant: step-start, reasoning, tool:completed, step-finish, patch | [15]assistant: step-start, reasoning, tool:completed, step-finish, patch | [16]assistant: step-start, reasoning, tool:completed, step-finish, patch | [17]assistant: step-start, reasoning, tool:completed, step-finish, patch | [18]assistant: step-start, reasoning, tool:completed, step-finish, patch | [19]assistant: step-start, reasoning, tool:completed, step-finish, patch | [20]assistant: step-start, reasoning, tool:completed, step-finish, patch | [21]assistant: step-start, reasoning, tool:completed, step-finish, patch | [22]assistant: step-start, reasoning, tool:completed, step-finish, patch | [23]assistant: step-start, reasoning, tool:completed, step-finish, patch | [24]assistant: step-start, reasoning, tool:completed, step-finish, patch | [25]assistant: step-start, reasoning, tool:completed, step-finish, patch | [26]assistant: step-start, reasoning, tool:completed, step-finish, patch | [27]assistant: step-start, reasoning, tool:completed, step-finish, patch
[2026-06-02T03:10:41.399Z] message-hooks: post-filter, msgCount=28
[2026-06-02T03:10:41.399Z] message-hooks: about to search for OPENCODE_GENERIC
[2026-06-02T03:10:41.399Z] message-hooks: searching 28 messages for OPENCODE_GENERIC
[2026-06-02T03:10:41.399Z] message-hooks: generic search complete, found=false, index=-1
[2026-06-02T03:10:41.399Z] message-hooks: no generic part found, checking for pending prompt return
[2026-06-02T03:10:47.991Z] message-hooks: ENTRY msgCount=29, sessions=ses_179b14d79ffe2z2hGtzrY9DyG5
[2026-06-02T03:10:47.991Z] message-hooks: MESSAGES: [0]user: text:"You are reviewing whether an implementat..." | [1]assistant: step-start, reasoning, tool:completed, step-finish, patch | [2]assistant: step-start, reasoning, tool:completed, step-finish, patch | [3]assistant: step-start, reasoning, text:"Let me verify the implementation against...", tool:completed, step-finish, patch | [4]assistant: step-start, reasoning, tool:completed, step-finish, patch | [5]assistant: step-start, reasoning, tool:completed, step-finish, patch | [6]assistant: step-start, reasoning, tool:completed, step-finish, patch | [7]assistant: step-start, reasoning, tool:completed, step-finish, patch | [8]assistant: step-start, reasoning, tool:completed, step-finish, patch | [9]assistant: step-start, reasoning, tool:completed, step-finish, patch | [10]assistant: step-start, reasoning, tool:completed, step-finish, patch | [11]assistant: step-start, reasoning, tool:completed, step-finish, patch | [12]assistant: step-start, reasoning, tool:completed, step-finish, patch | [13]assistant: step-start, reasoning, tool:completed, step-finish, patch | [14]assistant: step-start, reasoning, tool:completed, step-finish, patch | [15]assistant: step-start, reasoning, tool:completed, step-finish, patch | [16]assistant: step-start, reasoning, tool:completed, step-finish, patch | [17]assistant: step-start, reasoning, tool:completed, step-finish, patch | [18]assistant: step-start, reasoning, tool:completed, step-finish, patch | [19]assistant: step-start, reasoning, tool:completed, step-finish, patch | [20]assistant: step-start, reasoning, tool:completed, step-finish, patch | [21]assistant: step-start, reasoning, tool:completed, step-finish, patch | [22]assistant: step-start, reasoning, tool:completed, step-finish, patch | [23]assistant: step-start, reasoning, tool:completed, step-finish, patch | [24]assistant: step-start, reasoning, tool:completed, step-finish, patch | [25]assistant: step-start, reasoning, tool:completed, step-finish, patch | [26]assistant: step-start, reasoning, tool:completed, step-finish, patch | [27]assistant: step-start, reasoning, tool:completed, step-finish, patch | [28]assistant: step-start, reasoning, tool:completed, step-finish, patch
[2026-06-02T03:10:47.991Z] message-hooks: post-filter, msgCount=29
[2026-06-02T03:10:47.991Z] message-hooks: about to search for OPENCODE_GENERIC
[2026-06-02T03:10:47.991Z] message-hooks: searching 29 messages for OPENCODE_GENERIC
[2026-06-02T03:10:47.991Z] message-hooks: generic search complete, found=false, index=-1
[2026-06-02T03:10:47.991Z] message-hooks: no generic part found, checking for pending prompt return
[2026-06-02T03:10:53.594Z] message-hooks: ENTRY msgCount=30, sessions=ses_179b14d79ffe2z2hGtzrY9DyG5
[2026-06-02T03:10:53.594Z] message-hooks: MESSAGES: [0]user: text:"You are reviewing whether an implementat..." | [1]assistant: step-start, reasoning, tool:completed, step-finish, patch | [2]assistant: step-start, reasoning, tool:completed, step-finish, patch | [3]assistant: step-start, reasoning, text:"Let me verify the implementation against...", tool:completed, step-finish, patch | [4]assistant: step-start, reasoning, tool:completed, step-finish, patch | [5]assistant: step-start, reasoning, tool:completed, step-finish, patch | [6]assistant: step-start, reasoning, tool:completed, step-finish, patch | [7]assistant: step-start, reasoning, tool:completed, step-finish, patch | [8]assistant: step-start, reasoning, tool:completed, step-finish, patch | [9]assistant: step-start, reasoning, tool:completed, step-finish, patch | [10]assistant: step-start, reasoning, tool:completed, step-finish, patch | [11]assistant: step-start, reasoning, tool:completed, step-finish, patch | [12]assistant: step-start, reasoning, tool:completed, step-finish, patch | [13]assistant: step-start, reasoning, tool:completed, step-finish, patch | [14]assistant: step-start, reasoning, tool:completed, step-finish, patch | [15]assistant: step-start, reasoning, tool:completed, step-finish, patch | [16]assistant: step-start, reasoning, tool:completed, step-finish, patch | [17]assistant: step-start, reasoning, tool:completed, step-finish, patch | [18]assistant: step-start, reasoning, tool:completed, step-finish, patch | [19]assistant: step-start, reasoning, tool:completed, step-finish, patch | [20]assistant: step-start, reasoning, tool:completed, step-finish, patch | [21]assistant: step-start, reasoning, tool:completed, step-finish, patch | [22]assistant: step-start, reasoning, tool:completed, step-finish, patch | [23]assistant: step-start, reasoning, tool:completed, step-finish, patch | [24]assistant: step-start, reasoning, tool:completed, step-finish, patch | [25]assistant: step-start, reasoning, tool:completed, step-finish, patch | [26]assistant: step-start, reasoning, tool:completed, step-finish, patch | [27]assistant: step-start, reasoning, tool:completed, step-finish, patch | [28]assistant: step-start, reasoning, tool:completed, step-finish, patch | [29]assistant: step-start, reasoning, tool:completed, step-finish, patch
[2026-06-02T03:10:53.594Z] message-hooks: post-filter, msgCount=30
[2026-06-02T03:10:53.594Z] message-hooks: about to search for OPENCODE_GENERIC
[2026-06-02T03:10:53.594Z] message-hooks: searching 30 messages for OPENCODE_GENERIC
[2026-06-02T03:10:53.594Z] message-hooks: generic search complete, found=false, index=-1
[2026-06-02T03:10:53.594Z] message-hooks: no generic part found, checking for pending prompt return
[2026-06-02T03:10:56.661Z] message-hooks: ENTRY msgCount=31, sessions=ses_179b14d79ffe2z2hGtzrY9DyG5
[2026-06-02T03:10:56.661Z] message-hooks: MESSAGES: [0]user: text:"You are reviewing whether an implementat..." | [1]assistant: step-start, reasoning, tool:completed, step-finish, patch | [2]assistant: step-start, reasoning, tool:completed, step-finish, patch | [3]assistant: step-start, reasoning, text:"Let me verify the implementation against...", tool:completed, step-finish, patch | [4]assistant: step-start, reasoning, tool:completed, step-finish, patch | [5]assistant: step-start, reasoning, tool:completed, step-finish, patch | [6]assistant: step-start, reasoning, tool:completed, step-finish, patch | [7]assistant: step-start, reasoning, tool:completed, step-finish, patch | [8]assistant: step-start, reasoning, tool:completed, step-finish, patch | [9]assistant: step-start, reasoning, tool:completed, step-finish, patch | [10]assistant: step-start, reasoning, tool:completed, step-finish, patch | [11]assistant: step-start, reasoning, tool:completed, step-finish, patch | [12]assistant: step-start, reasoning, tool:completed, step-finish, patch | [13]assistant: step-start, reasoning, tool:completed, step-finish, patch | [14]assistant: step-start, reasoning, tool:completed, step-finish, patch | [15]assistant: step-start, reasoning, tool:completed, step-finish, patch | [16]assistant: step-start, reasoning, tool:completed, step-finish, patch | [17]assistant: step-start, reasoning, tool:completed, step-finish, patch | [18]assistant: step-start, reasoning, tool:completed, step-finish, patch | [19]assistant: step-start, reasoning, tool:completed, step-finish, patch | [20]assistant: step-start, reasoning, tool:completed, step-finish, patch | [21]assistant: step-start, reasoning, tool:completed, step-finish, patch | [22]assistant: step-start, reasoning, tool:completed, step-finish, patch | [23]assistant: step-start, reasoning, tool:completed, step-finish, patch | [24]assistant: step-start, reasoning, tool:completed, step-finish, patch | [25]assistant: step-start, reasoning, tool:completed, step-finish, patch | [26]assistant: step-start, reasoning, tool:completed, step-finish, patch | [27]assistant: step-start, reasoning, tool:completed, step-finish, patch | [28]assistant: step-start, reasoning, tool:completed, step-finish, patch | [29]assistant: step-start, reasoning, tool:completed, step-finish, patch | [30]assistant: step-start, reasoning, tool:completed, step-finish, patch
[2026-06-02T03:10:56.661Z] message-hooks: post-filter, msgCount=31
[2026-06-02T03:10:56.661Z] message-hooks: about to search for OPENCODE_GENERIC
[2026-06-02T03:10:56.661Z] message-hooks: searching 31 messages for OPENCODE_GENERIC
[2026-06-02T03:10:56.661Z] message-hooks: generic search complete, found=false, index=-1
[2026-06-02T03:10:56.661Z] message-hooks: no generic part found, checking for pending prompt return
[2026-06-02T03:10:59.865Z] message-hooks: ENTRY msgCount=32, sessions=ses_179b14d79ffe2z2hGtzrY9DyG5
[2026-06-02T03:10:59.865Z] message-hooks: MESSAGES: [0]user: text:"You are reviewing whether an implementat..." | [1]assistant: step-start, reasoning, tool:completed, step-finish, patch | [2]assistant: step-start, reasoning, tool:completed, step-finish, patch | [3]assistant: step-start, reasoning, text:"Let me verify the implementation against...", tool:completed, step-finish, patch | [4]assistant: step-start, reasoning, tool:completed, step-finish, patch | [5]assistant: step-start, reasoning, tool:completed, step-finish, patch | [6]assistant: step-start, reasoning, tool:completed, step-finish, patch | [7]assistant: step-start, reasoning, tool:completed, step-finish, patch | [8]assistant: step-start, reasoning, tool:completed, step-finish, patch | [9]assistant: step-start, reasoning, tool:completed, step-finish, patch | [10]assistant: step-start, reasoning, tool:completed, step-finish, patch | [11]assistant: step-start, reasoning, tool:completed, step-finish, patch | [12]assistant: step-start, reasoning, tool:completed, step-finish, patch | [13]assistant: step-start, reasoning, tool:completed, step-finish, patch | [14]assistant: step-start, reasoning, tool:completed, step-finish, patch | [15]assistant: step-start, reasoning, tool:completed, step-finish, patch | [16]assistant: step-start, reasoning, tool:completed, step-finish, patch | [17]assistant: step-start, reasoning, tool:completed, step-finish, patch | [18]assistant: step-start, reasoning, tool:completed, step-finish, patch | [19]assistant: step-start, reasoning, tool:completed, step-finish, patch | [20]assistant: step-start, reasoning, tool:completed, step-finish, patch | [21]assistant: step-start, reasoning, tool:completed, step-finish, patch | [22]assistant: step-start, reasoning, tool:completed, step-finish, patch | [23]assistant: step-start, reasoning, tool:completed, step-finish, patch | [24]assistant: step-start, reasoning, tool:completed, step-finish, patch | [25]assistant: step-start, reasoning, tool:completed, step-finish, patch | [26]assistant: step-start, reasoning, tool:completed, step-finish, patch | [27]assistant: step-start, reasoning, tool:completed, step-finish, patch | [28]assistant: step-start, reasoning, tool:completed, step-finish, patch | [29]assistant: step-start, reasoning, tool:completed, step-finish, patch | [30]assistant: step-start, reasoning, tool:completed, step-finish, patch | [31]assistant: step-start, reasoning, tool:completed, step-finish, patch
[2026-06-02T03:10:59.865Z] message-hooks: post-filter, msgCount=32
[2026-06-02T03:10:59.865Z] message-hooks: about to search for OPENCODE_GENERIC
[2026-06-02T03:10:59.865Z] message-hooks: searching 32 messages for OPENCODE_GENERIC
[2026-06-02T03:10:59.865Z] message-hooks: generic search complete, found=false, index=-1
[2026-06-02T03:10:59.865Z] message-hooks: no generic part found, checking for pending prompt return
[2026-06-02T03:11:02.312Z] message-hooks: ENTRY msgCount=33, sessions=ses_179b14d79ffe2z2hGtzrY9DyG5
[2026-06-02T03:11:02.312Z] message-hooks: MESSAGES: [0]user: text:"You are reviewing whether an implementat..." | [1]assistant: step-start, reasoning, tool:completed, step-finish, patch | [2]assistant: step-start, reasoning, tool:completed, step-finish, patch | [3]assistant: step-start, reasoning, text:"Let me verify the implementation against...", tool:completed, step-finish, patch | [4]assistant: step-start, reasoning, tool:completed, step-finish, patch | [5]assistant: step-start, reasoning, tool:completed, step-finish, patch | [6]assistant: step-start, reasoning, tool:completed, step-finish, patch | [7]assistant: step-start, reasoning, tool:completed, step-finish, patch | [8]assistant: step-start, reasoning, tool:completed, step-finish, patch | [9]assistant: step-start, reasoning, tool:completed, step-finish, patch | [10]assistant: step-start, reasoning, tool:completed, step-finish, patch | [11]assistant: step-start, reasoning, tool:completed, step-finish, patch | [12]assistant: step-start, reasoning, tool:completed, step-finish, patch | [13]assistant: step-start, reasoning, tool:completed, step-finish, patch | [14]assistant: step-start, reasoning, tool:completed, step-finish, patch | [15]assistant: step-start, reasoning, tool:completed, step-finish, patch | [16]assistant: step-start, reasoning, tool:completed, step-finish, patch | [17]assistant: step-start, reasoning, tool:completed, step-finish, patch | [18]assistant: step-start, reasoning, tool:completed, step-finish, patch | [19]assistant: step-start, reasoning, tool:completed, step-finish, patch | [20]assistant: step-start, reasoning, tool:completed, step-finish, patch | [21]assistant: step-start, reasoning, tool:completed, step-finish, patch | [22]assistant: step-start, reasoning, tool:completed, step-finish, patch | [23]assistant: step-start, reasoning, tool:completed, step-finish, patch | [24]assistant: step-start, reasoning, tool:completed, step-finish, patch | [25]assistant: step-start, reasoning, tool:completed, step-finish, patch | [26]assistant: step-start, reasoning, tool:completed, step-finish, patch | [27]assistant: step-start, reasoning, tool:completed, step-finish, patch | [28]assistant: step-start, reasoning, tool:completed, step-finish, patch | [29]assistant: step-start, reasoning, tool:completed, step-finish, patch | [30]assistant: step-start, reasoning, tool:completed, step-finish, patch | [31]assistant: step-start, reasoning, tool:completed, step-finish, patch | [32]assistant: step-start, reasoning, tool:completed, step-finish, patch
[2026-06-02T03:11:02.312Z] message-hooks: post-filter, msgCount=33
[2026-06-02T03:11:02.312Z] message-hooks: about to search for OPENCODE_GENERIC
[2026-06-02T03:11:02.312Z] message-hooks: searching 33 messages for OPENCODE_GENERIC
[2026-06-02T03:11:02.312Z] message-hooks: generic search complete, found=false, index=-1
[2026-06-02T03:11:02.312Z] message-hooks: no generic part found, checking for pending prompt return
[2026-06-02T03:11:16.162Z] message-hooks: ENTRY msgCount=34, sessions=ses_179b14d79ffe2z2hGtzrY9DyG5
[2026-06-02T03:11:16.162Z] message-hooks: MESSAGES: [0]user: text:"You are reviewing whether an implementat..." | [1]assistant: step-start, reasoning, tool:completed, step-finish, patch | [2]assistant: step-start, reasoning, tool:completed, step-finish, patch | [3]assistant: step-start, reasoning, text:"Let me verify the implementation against...", tool:completed, step-finish, patch | [4]assistant: step-start, reasoning, tool:completed, step-finish, patch | [5]assistant: step-start, reasoning, tool:completed, step-finish, patch | [6]assistant: step-start, reasoning, tool:completed, step-finish, patch | [7]assistant: step-start, reasoning, tool:completed, step-finish, patch | [8]assistant: step-start, reasoning, tool:completed, step-finish, patch | [9]assistant: step-start, reasoning, tool:completed, step-finish, patch | [10]assistant: step-start, reasoning, tool:completed, step-finish, patch | [11]assistant: step-start, reasoning, tool:completed, step-finish, patch | [12]assistant: step-start, reasoning, tool:completed, step-finish, patch | [13]assistant: step-start, reasoning, tool:completed, step-finish, patch | [14]assistant: step-start, reasoning, tool:completed, step-finish, patch | [15]assistant: step-start, reasoning, tool:completed, step-finish, patch | [16]assistant: step-start, reasoning, tool:completed, step-finish, patch | [17]assistant: step-start, reasoning, tool:completed, step-finish, patch | [18]assistant: step-start, reasoning, tool:completed, step-finish, patch | [19]assistant: step-start, reasoning, tool:completed, step-finish, patch | [20]assistant: step-start, reasoning, tool:completed, step-finish, patch | [21]assistant: step-start, reasoning, tool:completed, step-finish, patch | [22]assistant: step-start, reasoning, tool:completed, step-finish, patch | [23]assistant: step-start, reasoning, tool:completed, step-finish, patch | [24]assistant: step-start, reasoning, tool:completed, step-finish, patch | [25]assistant: step-start, reasoning, tool:completed, step-finish, patch | [26]assistant: step-start, reasoning, tool:completed, step-finish, patch | [27]assistant: step-start, reasoning, tool:completed, step-finish, patch | [28]assistant: step-start, reasoning, tool:completed, step-finish, patch | [29]assistant: step-start, reasoning, tool:completed, step-finish, patch | [30]assistant: step-start, reasoning, tool:completed, step-finish, patch | [31]assistant: step-start, reasoning, tool:completed, step-finish, patch | [32]assistant: step-start, reasoning, tool:completed, step-finish, patch | [33]assistant: step-start, reasoning, text:"Now let me check the remaining fraud fil...", tool:completed, step-finish, patch
[2026-06-02T03:11:16.162Z] message-hooks: post-filter, msgCount=34
[2026-06-02T03:11:16.162Z] message-hooks: about to search for OPENCODE_GENERIC
[2026-06-02T03:11:16.162Z] message-hooks: searching 34 messages for OPENCODE_GENERIC
[2026-06-02T03:11:16.162Z] message-hooks: generic search complete, found=false, index=-1
[2026-06-02T03:11:16.162Z] message-hooks: no generic part found, checking for pending prompt return
[2026-06-02T03:11:22.293Z] session.idle: sessionID=ses_179b14d79ffe2z2hGtzrY9DyG5
[2026-06-02T03:11:22.298Z] tool.after: callID=call_00_r532zXSUUoyDUNjSjTrp5728, cmd=undefined, wasTracked=false
[2026-06-02T03:11:22.298Z] tool.after: parentSession=undefined, loopSession=ses_179fa6dd5ffes60VLPY7DAUkWq, hasLoop=false, isInlineLoop=false
[2026-06-02T03:11:22.845Z] message-hooks: ENTRY msgCount=21, sessions=ses_179fa6dd5ffes60VLPY7DAUkWq
[2026-06-02T03:11:22.845Z] message-hooks: MESSAGES: [0]user: compaction | [1]assistant: step-start, reasoning, text:"## Goal
Rebuild the Rinha 2026 backend f...", step-finish | [2]assistant: step-start, reasoning, text:"Self-review encontrou gaps: `subparse.go...", tool:completed, step-finish, patch | [3]assistant: step-start, reasoning, tool:completed, step-finish, patch | [4]assistant: step-start, tool:completed, step-finish, patch | [5]assistant: step-start, reasoning, tool:completed, step-finish, patch | [6]assistant: step-start, reasoning, text:"Now fix the bruteForceSearch gap:", tool:completed, step-finish, patch | [7]assistant: step-start, reasoning, text:"Now update the self-review section to re...", tool:completed, step-finish, patch | [8]assistant: step-start, reasoning, text:"Let me verify the plan is internally con...", tool:completed, tool:completed, step-finish, patch | [9]assistant: step-start, reasoning, text:"Plan complete at `docs/superpowers/plans...", tool:completed, step-finish, patch | [10]user: text:"Continue if you have next steps, or stop..."(syn) | [11]assistant: step-start, reasoning, tool:completed, step-finish, patch | [12]assistant: step-start, reasoning, tool:completed, tool:completed, tool:completed, tool:completed, step-finish, patch | [13]assistant: step-start, reasoning, tool:completed, tool:completed, step-finish, patch | [14]assistant: step-start, reasoning, tool:completed, step-finish, patch | [15]assistant: step-start, reasoning, tool:completed, step-finish, patch | [16]assistant: step-start, reasoning, tool:completed, tool:completed, tool:completed, tool:completed, step-finish, patch | [17]assistant: step-start, reasoning, tool:completed, step-finish, patch | [18]assistant: step-start, reasoning, tool:completed, tool:completed, tool:completed, step-finish, patch | [19]assistant: step-start, reasoning, text:"Now dispatching Task 1 implementer:", tool:completed, step-finish, patch | [20]assistant: step-start, reasoning, text:"Task 1 done. Let me verify spec complian...", tool:completed, step-finish, patch
[2026-06-02T03:11:22.845Z] message-hooks: post-filter, msgCount=21
[2026-06-02T03:11:22.845Z] message-hooks: about to search for OPENCODE_GENERIC
[2026-06-02T03:11:22.845Z] message-hooks: searching 21 messages for OPENCODE_GENERIC
[2026-06-02T03:11:22.845Z] message-hooks: found synthetic text at [10]: "Continue if you have next steps, or stop and ask f..." matches=false
[2026-06-02T03:11:22.845Z] message-hooks: generic search complete, found=false, index=-1
[2026-06-02T03:11:22.845Z] message-hooks: no generic part found, checking for pending prompt return
[2026-06-02T03:11:26.168Z] message-hooks: ENTRY msgCount=22, sessions=ses_179fa6dd5ffes60VLPY7DAUkWq
[2026-06-02T03:11:26.168Z] message-hooks: MESSAGES: [0]user: compaction | [1]assistant: step-start, reasoning, text:"## Goal
Rebuild the Rinha 2026 backend f...", step-finish | [2]assistant: step-start, reasoning, text:"Self-review encontrou gaps: `subparse.go...", tool:completed, step-finish, patch | [3]assistant: step-start, reasoning, tool:completed, step-finish, patch | [4]assistant: step-start, tool:completed, step-finish, patch | [5]assistant: step-start, reasoning, tool:completed, step-finish, patch | [6]assistant: step-start, reasoning, text:"Now fix the bruteForceSearch gap:", tool:completed, step-finish, patch | [7]assistant: step-start, reasoning, text:"Now update the self-review section to re...", tool:completed, step-finish, patch | [8]assistant: step-start, reasoning, text:"Let me verify the plan is internally con...", tool:completed, tool:completed, step-finish, patch | [9]assistant: step-start, reasoning, text:"Plan complete at `docs/superpowers/plans...", tool:completed, step-finish, patch | [10]user: text:"Continue if you have next steps, or stop..."(syn) | [11]assistant: step-start, reasoning, tool:completed, step-finish, patch | [12]assistant: step-start, reasoning, tool:completed, tool:completed, tool:completed, tool:completed, step-finish, patch | [13]assistant: step-start, reasoning, tool:completed, tool:completed, step-finish, patch | [14]assistant: step-start, reasoning, tool:completed, step-finish, patch | [15]assistant: step-start, reasoning, tool:completed, step-finish, patch | [16]assistant: step-start, reasoning, tool:completed, tool:completed, tool:completed, tool:completed, step-finish, patch | [17]assistant: step-start, reasoning, tool:completed, step-finish, patch | [18]assistant: step-start, reasoning, tool:completed, tool:completed, tool:completed, step-finish, patch | [19]assistant: step-start, reasoning, text:"Now dispatching Task 1 implementer:", tool:completed, step-finish, patch | [20]assistant: step-start, reasoning, text:"Task 1 done. Let me verify spec complian...", tool:completed, step-finish, patch | [21]assistant: step-start, reasoning, text:"Spec compliant ✅. Now dispatch code qual...", tool:completed, step-finish, patch
[2026-06-02T03:11:26.168Z] message-hooks: post-filter, msgCount=22
[2026-06-02T03:11:26.168Z] message-hooks: about to search for OPENCODE_GENERIC
[2026-06-02T03:11:26.168Z] message-hooks: searching 22 messages for OPENCODE_GENERIC
[2026-06-02T03:11:26.168Z] message-hooks: found synthetic text at [10]: "Continue if you have next steps, or stop and ask f..." matches=false
[2026-06-02T03:11:26.168Z] message-hooks: generic search complete, found=false, index=-1
[2026-06-02T03:11:26.168Z] message-hooks: no generic part found, checking for pending prompt return
[2026-06-02T03:11:29.406Z] message-hooks: ENTRY msgCount=23, sessions=ses_179fa6dd5ffes60VLPY7DAUkWq
[2026-06-02T03:11:29.406Z] message-hooks: MESSAGES: [0]user: compaction | [1]assistant: step-start, reasoning, text:"## Goal
Rebuild the Rinha 2026 backend f...", step-finish | [2]assistant: step-start, reasoning, text:"Self-review encontrou gaps: `subparse.go...", tool:completed, step-finish, patch | [3]assistant: step-start, reasoning, tool:completed, step-finish, patch | [4]assistant: step-start, tool:completed, step-finish, patch | [5]assistant: step-start, reasoning, tool:completed, step-finish, patch | [6]assistant: step-start, reasoning, text:"Now fix the bruteForceSearch gap:", tool:completed, step-finish, patch | [7]assistant: step-start, reasoning, text:"Now update the self-review section to re...", tool:completed, step-finish, patch | [8]assistant: step-start, reasoning, text:"Let me verify the plan is internally con...", tool:completed, tool:completed, step-finish, patch | [9]assistant: step-start, reasoning, text:"Plan complete at `docs/superpowers/plans...", tool:completed, step-finish, patch | [10]user: text:"Continue if you have next steps, or stop..."(syn) | [11]assistant: step-start, reasoning, tool:completed, step-finish, patch | [12]assistant: step-start, reasoning, tool:completed, tool:completed, tool:completed, tool:completed, step-finish, patch | [13]assistant: step-start, reasoning, tool:completed, tool:completed, step-finish, patch | [14]assistant: step-start, reasoning, tool:completed, step-finish, patch | [15]assistant: step-start, reasoning, tool:completed, step-finish, patch | [16]assistant: step-start, reasoning, tool:completed, tool:completed, tool:completed, tool:completed, step-finish, patch | [17]assistant: step-start, reasoning, tool:completed, step-finish, patch | [18]assistant: step-start, reasoning, tool:completed, tool:completed, tool:completed, step-finish, patch | [19]assistant: step-start, reasoning, text:"Now dispatching Task 1 implementer:", tool:completed, step-finish, patch | [20]assistant: step-start, reasoning, text:"Task 1 done. Let me verify spec complian...", tool:completed, step-finish, patch | [21]assistant: step-start, reasoning, text:"Spec compliant ✅. Now dispatch code qual...", tool:completed, step-finish, patch | [22]assistant: step-start, reasoning, tool:completed, step-finish, patch
[2026-06-02T03:11:29.406Z] message-hooks: post-filter, msgCount=23
[2026-06-02T03:11:29.406Z] message-hooks: about to search for OPENCODE_GENERIC
[2026-06-02T03:11:29.406Z] message-hooks: searching 23 messages for OPENCODE_GENERIC
[2026-06-02T03:11:29.406Z] message-hooks: found synthetic text at [10]: "Continue if you have next steps, or stop and ask f..." matches=false
[2026-06-02T03:11:29.406Z] message-hooks: generic search complete, found=false, index=-1
[2026-06-02T03:11:29.406Z] message-hooks: no generic part found, checking for pending prompt return
[2026-06-02T03:11:32.697Z] message-hooks: ENTRY msgCount=24, sessions=ses_179fa6dd5ffes60VLPY7DAUkWq
[2026-06-02T03:11:32.697Z] message-hooks: MESSAGES: [0]user: compaction | [1]assistant: step-start, reasoning, text:"## Goal
Rebuild the Rinha 2026 backend f...", step-finish | [2]assistant: step-start, reasoning, text:"Self-review encontrou gaps: `subparse.go...", tool:completed, step-finish, patch | [3]assistant: step-start, reasoning, tool:completed, step-finish, patch | [4]assistant: step-start, tool:completed, step-finish, patch | [5]assistant: step-start, reasoning, tool:completed, step-finish, patch | [6]assistant: step-start, reasoning, text:"Now fix the bruteForceSearch gap:", tool:completed, step-finish, patch | [7]assistant: step-start, reasoning, text:"Now update the self-review section to re...", tool:completed, step-finish, patch | [8]assistant: step-start, reasoning, text:"Let me verify the plan is internally con...", tool:completed, tool:completed, step-finish, patch | [9]assistant: step-start, reasoning, text:"Plan complete at `docs/superpowers/plans...", tool:completed, step-finish, patch | [10]user: text:"Continue if you have next steps, or stop..."(syn) | [11]assistant: step-start, reasoning, tool:completed, step-finish, patch | [12]assistant: step-start, reasoning, tool:completed, tool:completed, tool:completed, tool:completed, step-finish, patch | [13]assistant: step-start, reasoning, tool:completed, tool:completed, step-finish, patch | [14]assistant: step-start, reasoning, tool:completed, step-finish, patch | [15]assistant: step-start, reasoning, tool:completed, step-finish, patch | [16]assistant: step-start, reasoning, tool:completed, tool:completed, tool:completed, tool:completed, step-finish, patch | [17]assistant: step-start, reasoning, tool:completed, step-finish, patch | [18]assistant: step-start, reasoning, tool:completed, tool:completed, tool:completed, step-finish, patch | [19]assistant: step-start, reasoning, text:"Now dispatching Task 1 implementer:", tool:completed, step-finish, patch | [20]assistant: step-start, reasoning, text:"Task 1 done. Let me verify spec complian...", tool:completed, step-finish, patch | [21]assistant: step-start, reasoning, text:"Spec compliant ✅. Now dispatch code qual...", tool:completed, step-finish, patch | [22]assistant: step-start, reasoning, tool:completed, step-finish, patch | [23]assistant: step-start, reasoning, tool:completed, step-finish, patch
[2026-06-02T03:11:32.697Z] message-hooks: post-filter, msgCount=24
[2026-06-02T03:11:32.697Z] message-hooks: about to search for OPENCODE_GENERIC
[2026-06-02T03:11:32.697Z] message-hooks: searching 24 messages for OPENCODE_GENERIC
[2026-06-02T03:11:32.697Z] message-hooks: found synthetic text at [10]: "Continue if you have next steps, or stop and ask f..." matches=false
[2026-06-02T03:11:32.697Z] message-hooks: generic search complete, found=false, index=-1
[2026-06-02T03:11:32.697Z] message-hooks: no generic part found, checking for pending prompt return
[2026-06-02T03:11:38.562Z] tool.before: taskSession=ses_179fa6dd5ffes60VLPY7DAUkWq, prompt="You are a Senior Code Reviewer...", pendingParentSession=NOT FOUND
[2026-06-02T03:11:38.562Z] tool.before: callID=call_00_cTB9sDxwQfKTffRwkyfA5835, cmd=undefined, desc="Review code quality Task 1", mainCmd=undefined
[2026-06-02T03:11:38.769Z] message-hooks: ENTRY msgCount=1, sessions=ses_179af43b1ffeWmC7WeViwv2RU0
[2026-06-02T03:11:38.769Z] message-hooks: MESSAGES: [0]user: text:"You are a Senior Code Reviewer with expe..."
[2026-06-02T03:11:38.769Z] message-hooks: post-filter, msgCount=1
[2026-06-02T03:11:38.769Z] message-hooks: about to search for OPENCODE_GENERIC
[2026-06-02T03:11:38.769Z] message-hooks: searching 1 messages for OPENCODE_GENERIC
[2026-06-02T03:11:38.769Z] message-hooks: generic search complete, found=false, index=-1
[2026-06-02T03:11:38.769Z] message-hooks: no generic part found, checking for pending prompt return
[2026-06-02T03:11:42.673Z] message-hooks: ENTRY msgCount=2, sessions=ses_179af43b1ffeWmC7WeViwv2RU0
[2026-06-02T03:11:42.673Z] message-hooks: MESSAGES: [0]user: text:"You are a Senior Code Reviewer with expe..." | [1]assistant: step-start, reasoning, tool:completed, tool:completed, step-finish, patch
[2026-06-02T03:11:42.673Z] message-hooks: post-filter, msgCount=2
[2026-06-02T03:11:42.673Z] message-hooks: about to search for OPENCODE_GENERIC
[2026-06-02T03:11:42.673Z] message-hooks: searching 2 messages for OPENCODE_GENERIC
[2026-06-02T03:11:42.673Z] message-hooks: generic search complete, found=false, index=-1
[2026-06-02T03:11:42.673Z] message-hooks: no generic part found, checking for pending prompt return
[2026-06-02T03:11:47.319Z] message-hooks: ENTRY msgCount=3, sessions=ses_179af43b1ffeWmC7WeViwv2RU0
[2026-06-02T03:11:47.319Z] message-hooks: MESSAGES: [0]user: text:"You are a Senior Code Reviewer with expe..." | [1]assistant: step-start, reasoning, tool:completed, tool:completed, step-finish, patch | [2]assistant: step-start, reasoning, text:"Let me read the actual new files (stubs)...", tool:completed, tool:completed, tool:completed, tool:completed, tool:completed, tool:completed, tool:completed, tool:completed, tool:completed, step-finish, patch
[2026-06-02T03:11:47.319Z] message-hooks: post-filter, msgCount=3
[2026-06-02T03:11:47.319Z] message-hooks: about to search for OPENCODE_GENERIC
[2026-06-02T03:11:47.319Z] message-hooks: searching 3 messages for OPENCODE_GENERIC
[2026-06-02T03:11:47.319Z] message-hooks: generic search complete, found=false, index=-1
[2026-06-02T03:11:47.319Z] message-hooks: no generic part found, checking for pending prompt return
[2026-06-02T03:11:51.597Z] message-hooks: ENTRY msgCount=4, sessions=ses_179af43b1ffeWmC7WeViwv2RU0
[2026-06-02T03:11:51.597Z] message-hooks: MESSAGES: [0]user: text:"You are a Senior Code Reviewer with expe..." | [1]assistant: step-start, reasoning, tool:completed, tool:completed, step-finish, patch | [2]assistant: step-start, reasoning, text:"Let me read the actual new files (stubs)...", tool:completed, tool:completed, tool:completed, tool:completed, tool:completed, tool:completed, tool:completed, tool:completed, tool:completed, step-finish, patch | [3]assistant: step-start, reasoning, tool:completed, tool:completed, tool:completed, tool:completed, tool:completed, tool:completed, tool:completed, tool:completed, step-finish, patch
[2026-06-02T03:11:51.597Z] message-hooks: post-filter, msgCount=4
[2026-06-02T03:11:51.597Z] message-hooks: about to search for OPENCODE_GENERIC
[2026-06-02T03:11:51.597Z] message-hooks: searching 4 messages for OPENCODE_GENERIC
[2026-06-02T03:11:51.597Z] message-hooks: generic search complete, found=false, index=-1
[2026-06-02T03:11:51.597Z] message-hooks: no generic part found, checking for pending prompt return
[2026-06-02T03:11:56.291Z] message-hooks: ENTRY msgCount=5, sessions=ses_179af43b1ffeWmC7WeViwv2RU0
[2026-06-02T03:11:56.291Z] message-hooks: MESSAGES: [0]user: text:"You are a Senior Code Reviewer with expe..." | [1]assistant: step-start, reasoning, tool:completed, tool:completed, step-finish, patch | [2]assistant: step-start, reasoning, text:"Let me read the actual new files (stubs)...", tool:completed, tool:completed, tool:completed, tool:completed, tool:completed, tool:completed, tool:completed, tool:completed, tool:completed, step-finish, patch | [3]assistant: step-start, reasoning, tool:completed, tool:completed, tool:completed, tool:completed, tool:completed, tool:completed, tool:completed, tool:completed, step-finish, patch | [4]assistant: step-start, reasoning, tool:completed, tool:completed, tool:completed, step-finish, patch
[2026-06-02T03:11:56.291Z] message-hooks: post-filter, msgCount=5
[2026-06-02T03:11:56.291Z] message-hooks: about to search for OPENCODE_GENERIC
[2026-06-02T03:11:56.291Z] message-hooks: searching 5 messages for OPENCODE_GENERIC
[2026-06-02T03:11:56.291Z] message-hooks: generic search complete, found=false, index=-1
[2026-06-02T03:11:56.291Z] message-hooks: no generic part found, checking for pending prompt return
[2026-06-02T03:12:02.893Z] message-hooks: ENTRY msgCount=6, sessions=ses_179af43b1ffeWmC7WeViwv2RU0
[2026-06-02T03:12:02.893Z] message-hooks: MESSAGES: [0]user: text:"You are a Senior Code Reviewer with expe..." | [1]assistant: step-start, reasoning, tool:completed, tool:completed, step-finish, patch | [2]assistant: step-start, reasoning, text:"Let me read the actual new files (stubs)...", tool:completed, tool:completed, tool:completed, tool:completed, tool:completed, tool:completed, tool:completed, tool:completed, tool:completed, step-finish, patch | [3]assistant: step-start, reasoning, tool:completed, tool:completed, tool:completed, tool:completed, tool:completed, tool:completed, tool:completed, tool:completed, step-finish, patch | [4]assistant: step-start, reasoning, tool:completed, tool:completed, tool:completed, step-finish, patch | [5]assistant: step-start, reasoning, tool:completed, tool:completed, tool:completed, step-finish, patch
[2026-06-02T03:12:02.893Z] message-hooks: post-filter, msgCount=6
[2026-06-02T03:12:02.893Z] message-hooks: about to search for OPENCODE_GENERIC
[2026-06-02T03:12:02.893Z] message-hooks: searching 6 messages for OPENCODE_GENERIC
[2026-06-02T03:12:02.893Z] message-hooks: generic search complete, found=false, index=-1
[2026-06-02T03:12:02.893Z] message-hooks: no generic part found, checking for pending prompt return
[2026-06-02T03:12:21.711Z] message-hooks: ENTRY msgCount=7, sessions=ses_179af43b1ffeWmC7WeViwv2RU0
[2026-06-02T03:12:21.711Z] message-hooks: MESSAGES: [0]user: text:"You are a Senior Code Reviewer with expe..." | [1]assistant: step-start, reasoning, tool:completed, tool:completed, step-finish, patch | [2]assistant: step-start, reasoning, text:"Let me read the actual new files (stubs)...", tool:completed, tool:completed, tool:completed, tool:completed, tool:completed, tool:completed, tool:completed, tool:completed, tool:completed, step-finish, patch | [3]assistant: step-start, reasoning, tool:completed, tool:completed, tool:completed, tool:completed, tool:completed, tool:completed, tool:completed, tool:completed, step-finish, patch | [4]assistant: step-start, reasoning, tool:completed, tool:completed, tool:completed, step-finish, patch | [5]assistant: step-start, reasoning, tool:completed, tool:completed, tool:completed, step-finish, patch | [6]assistant: step-start, reasoning, tool:completed, tool:completed, tool:completed, tool:completed, step-finish, patch
[2026-06-02T03:12:21.711Z] message-hooks: post-filter, msgCount=7
[2026-06-02T03:12:21.711Z] message-hooks: about to search for OPENCODE_GENERIC
[2026-06-02T03:12:21.711Z] message-hooks: searching 7 messages for OPENCODE_GENERIC
[2026-06-02T03:12:21.711Z] message-hooks: generic search complete, found=false, index=-1
[2026-06-02T03:12:21.711Z] message-hooks: no generic part found, checking for pending prompt return
[2026-06-02T03:12:33.115Z] message-hooks: ENTRY msgCount=8, sessions=ses_179af43b1ffeWmC7WeViwv2RU0
[2026-06-02T03:12:33.115Z] message-hooks: MESSAGES: [0]user: text:"You are a Senior Code Reviewer with expe..." | [1]assistant: step-start, reasoning, tool:completed, tool:completed, step-finish, patch | [2]assistant: step-start, reasoning, text:"Let me read the actual new files (stubs)...", tool:completed, tool:completed, tool:completed, tool:completed, tool:completed, tool:completed, tool:completed, tool:completed, tool:completed, step-finish, patch | [3]assistant: step-start, reasoning, tool:completed, tool:completed, tool:completed, tool:completed, tool:completed, tool:completed, tool:completed, tool:completed, step-finish, patch | [4]assistant: step-start, reasoning, tool:completed, tool:completed, tool:completed, step-finish, patch | [5]assistant: step-start, reasoning, tool:completed, tool:completed, tool:completed, step-finish, patch | [6]assistant: step-start, reasoning, tool:completed, tool:completed, tool:completed, tool:completed, step-finish, patch | [7]assistant: step-start, reasoning, tool:completed, tool:completed, tool:completed, step-finish, patch
[2026-06-02T03:12:33.115Z] message-hooks: post-filter, msgCount=8
[2026-06-02T03:12:33.115Z] message-hooks: about to search for OPENCODE_GENERIC
[2026-06-02T03:12:33.115Z] message-hooks: searching 8 messages for OPENCODE_GENERIC
[2026-06-02T03:12:33.115Z] message-hooks: generic search complete, found=false, index=-1
[2026-06-02T03:12:33.115Z] message-hooks: no generic part found, checking for pending prompt return
[2026-06-02T03:12:36.360Z] message-hooks: ENTRY msgCount=9, sessions=ses_179af43b1ffeWmC7WeViwv2RU0
[2026-06-02T03:12:36.360Z] message-hooks: MESSAGES: [0]user: text:"You are a Senior Code Reviewer with expe..." | [1]assistant: step-start, reasoning, tool:completed, tool:completed, step-finish, patch | [2]assistant: step-start, reasoning, text:"Let me read the actual new files (stubs)...", tool:completed, tool:completed, tool:completed, tool:completed, tool:completed, tool:completed, tool:completed, tool:completed, tool:completed, step-finish, patch | [3]assistant: step-start, reasoning, tool:completed, tool:completed, tool:completed, tool:completed, tool:completed, tool:completed, tool:completed, tool:completed, step-finish, patch | [4]assistant: step-start, reasoning, tool:completed, tool:completed, tool:completed, step-finish, patch | [5]assistant: step-start, reasoning, tool:completed, tool:completed, tool:completed, step-finish, patch | [6]assistant: step-start, reasoning, tool:completed, tool:completed, tool:completed, tool:completed, step-finish, patch | [7]assistant: step-start, reasoning, tool:completed, tool:completed, tool:completed, step-finish, patch | [8]assistant: step-start, reasoning, tool:completed, step-finish, patch
[2026-06-02T03:12:36.360Z] message-hooks: post-filter, msgCount=9
[2026-06-02T03:12:36.360Z] message-hooks: about to search for OPENCODE_GENERIC
[2026-06-02T03:12:36.360Z] message-hooks: searching 9 messages for OPENCODE_GENERIC
[2026-06-02T03:12:36.360Z] message-hooks: generic search complete, found=false, index=-1
[2026-06-02T03:12:36.360Z] message-hooks: no generic part found, checking for pending prompt return
[2026-06-02T03:12:54.720Z] message-hooks: ENTRY msgCount=10, sessions=ses_179af43b1ffeWmC7WeViwv2RU0
[2026-06-02T03:12:54.720Z] message-hooks: MESSAGES: [0]user: text:"You are a Senior Code Reviewer with expe..." | [1]assistant: step-start, reasoning, tool:completed, tool:completed, step-finish, patch | [2]assistant: step-start, reasoning, text:"Let me read the actual new files (stubs)...", tool:completed, tool:completed, tool:completed, tool:completed, tool:completed, tool:completed, tool:completed, tool:completed, tool:completed, step-finish, patch | [3]assistant: step-start, reasoning, tool:completed, tool:completed, tool:completed, tool:completed, tool:completed, tool:completed, tool:completed, tool:completed, step-finish, patch | [4]assistant: step-start, reasoning, tool:completed, tool:completed, tool:completed, step-finish, patch | [5]assistant: step-start, reasoning, tool:completed, tool:completed, tool:completed, step-finish, patch | [6]assistant: step-start, reasoning, tool:completed, tool:completed, tool:completed, tool:completed, step-finish, patch | [7]assistant: step-start, reasoning, tool:completed, tool:completed, tool:completed, step-finish, patch | [8]assistant: step-start, reasoning, tool:completed, step-finish, patch | [9]assistant: step-start, reasoning, tool:completed, tool:completed, tool:completed, tool:completed, step-finish, patch
[2026-06-02T03:12:54.720Z] message-hooks: post-filter, msgCount=10
[2026-06-02T03:12:54.720Z] message-hooks: about to search for OPENCODE_GENERIC
[2026-06-02T03:12:54.720Z] message-hooks: searching 10 messages for OPENCODE_GENERIC
[2026-06-02T03:12:54.720Z] message-hooks: generic search complete, found=false, index=-1
[2026-06-02T03:12:54.720Z] message-hooks: no generic part found, checking for pending prompt return
[2026-06-02T03:12:59.830Z] message-hooks: ENTRY msgCount=11, sessions=ses_179af43b1ffeWmC7WeViwv2RU0
[2026-06-02T03:12:59.830Z] message-hooks: MESSAGES: [0]user: text:"You are a Senior Code Reviewer with expe..." | [1]assistant: step-start, reasoning, tool:completed, tool:completed, step-finish, patch | [2]assistant: step-start, reasoning, text:"Let me read the actual new files (stubs)...", tool:completed, tool:completed, tool:completed, tool:completed, tool:completed, tool:completed, tool:completed, tool:completed, tool:completed, step-finish, patch | [3]assistant: step-start, reasoning, tool:completed, tool:completed, tool:completed, tool:completed, tool:completed, tool:completed, tool:completed, tool:completed, step-finish, patch | [4]assistant: step-start, reasoning, tool:completed, tool:completed, tool:completed, step-finish, patch | [5]assistant: step-start, reasoning, tool:completed, tool:completed, tool:completed, step-finish, patch | [6]assistant: step-start, reasoning, tool:completed, tool:completed, tool:completed, tool:completed, step-finish, patch | [7]assistant: step-start, reasoning, tool:completed, tool:completed, tool:completed, step-finish, patch | [8]assistant: step-start, reasoning, tool:completed, step-finish, patch | [9]assistant: step-start, reasoning, tool:completed, tool:completed, tool:completed, tool:completed, step-finish, patch | [10]assistant: step-start, reasoning, tool:completed, tool:completed, step-finish, patch
[2026-06-02T03:12:59.831Z] message-hooks: post-filter, msgCount=11
[2026-06-02T03:12:59.831Z] message-hooks: about to search for OPENCODE_GENERIC
[2026-06-02T03:12:59.831Z] message-hooks: searching 11 messages for OPENCODE_GENERIC
[2026-06-02T03:12:59.831Z] message-hooks: generic search complete, found=false, index=-1
[2026-06-02T03:12:59.831Z] message-hooks: no generic part found, checking for pending prompt return
[2026-06-02T03:13:10.785Z] message-hooks: ENTRY msgCount=12, sessions=ses_179af43b1ffeWmC7WeViwv2RU0
[2026-06-02T03:13:10.785Z] message-hooks: MESSAGES: [0]user: text:"You are a Senior Code Reviewer with expe..." | [1]assistant: step-start, reasoning, tool:completed, tool:completed, step-finish, patch | [2]assistant: step-start, reasoning, text:"Let me read the actual new files (stubs)...", tool:completed, tool:completed, tool:completed, tool:completed, tool:completed, tool:completed, tool:completed, tool:completed, tool:completed, step-finish, patch | [3]assistant: step-start, reasoning, tool:completed, tool:completed, tool:completed, tool:completed, tool:completed, tool:completed, tool:completed, tool:completed, step-finish, patch | [4]assistant: step-start, reasoning, tool:completed, tool:completed, tool:completed, step-finish, patch | [5]assistant: step-start, reasoning, tool:completed, tool:completed, tool:completed, step-finish, patch | [6]assistant: step-start, reasoning, tool:completed, tool:completed, tool:completed, tool:completed, step-finish, patch | [7]assistant: step-start, reasoning, tool:completed, tool:completed, tool:completed, step-finish, patch | [8]assistant: step-start, reasoning, tool:completed, step-finish, patch | [9]assistant: step-start, reasoning, tool:completed, tool:completed, tool:completed, tool:completed, step-finish, patch | [10]assistant: step-start, reasoning, tool:completed, tool:completed, step-finish, patch | [11]assistant: step-start, reasoning, tool:completed, step-finish, patch
[2026-06-02T03:13:10.785Z] message-hooks: post-filter, msgCount=12
[2026-06-02T03:13:10.785Z] message-hooks: about to search for OPENCODE_GENERIC
[2026-06-02T03:13:10.785Z] message-hooks: searching 12 messages for OPENCODE_GENERIC
[2026-06-02T03:13:10.785Z] message-hooks: generic search complete, found=false, index=-1
[2026-06-02T03:13:10.785Z] message-hooks: no generic part found, checking for pending prompt return
[2026-06-02T03:13:25.474Z] message-hooks: ENTRY msgCount=13, sessions=ses_179af43b1ffeWmC7WeViwv2RU0
[2026-06-02T03:13:25.474Z] message-hooks: MESSAGES: [0]user: text:"You are a Senior Code Reviewer with expe..." | [1]assistant: step-start, reasoning, tool:completed, tool:completed, step-finish, patch | [2]assistant: step-start, reasoning, text:"Let me read the actual new files (stubs)...", tool:completed, tool:completed, tool:completed, tool:completed, tool:completed, tool:completed, tool:completed, tool:completed, tool:completed, step-finish, patch | [3]assistant: step-start, reasoning, tool:completed, tool:completed, tool:completed, tool:completed, tool:completed, tool:completed, tool:completed, tool:completed, step-finish, patch | [4]assistant: step-start, reasoning, tool:completed, tool:completed, tool:completed, step-finish, patch | [5]assistant: step-start, reasoning, tool:completed, tool:completed, tool:completed, step-finish, patch | [6]assistant: step-start, reasoning, tool:completed, tool:completed, tool:completed, tool:completed, step-finish, patch | [7]assistant: step-start, reasoning, tool:completed, tool:completed, tool:completed, step-finish, patch | [8]assistant: step-start, reasoning, tool:completed, step-finish, patch | [9]assistant: step-start, reasoning, tool:completed, tool:completed, tool:completed, tool:completed, step-finish, patch | [10]assistant: step-start, reasoning, tool:completed, tool:completed, step-finish, patch | [11]assistant: step-start, reasoning, tool:completed, step-finish, patch | [12]assistant: step-start, reasoning, tool:completed, step-finish, patch
[2026-06-02T03:13:25.474Z] message-hooks: post-filter, msgCount=13
[2026-06-02T03:13:25.474Z] message-hooks: about to search for OPENCODE_GENERIC
[2026-06-02T03:13:25.474Z] message-hooks: searching 13 messages for OPENCODE_GENERIC
[2026-06-02T03:13:25.474Z] message-hooks: generic search complete, found=false, index=-1
[2026-06-02T03:13:25.474Z] message-hooks: no generic part found, checking for pending prompt return
[2026-06-02T03:13:51.922Z] message-hooks: ENTRY msgCount=14, sessions=ses_179af43b1ffeWmC7WeViwv2RU0
[2026-06-02T03:13:51.922Z] message-hooks: MESSAGES: [0]user: text:"You are a Senior Code Reviewer with expe..." | [1]assistant: step-start, reasoning, tool:completed, tool:completed, step-finish, patch | [2]assistant: step-start, reasoning, text:"Let me read the actual new files (stubs)...", tool:completed, tool:completed, tool:completed, tool:completed, tool:completed, tool:completed, tool:completed, tool:completed, tool:completed, step-finish, patch | [3]assistant: step-start, reasoning, tool:completed, tool:completed, tool:completed, tool:completed, tool:completed, tool:completed, tool:completed, tool:completed, step-finish, patch | [4]assistant: step-start, reasoning, tool:completed, tool:completed, tool:completed, step-finish, patch | [5]assistant: step-start, reasoning, tool:completed, tool:completed, tool:completed, step-finish, patch | [6]assistant: step-start, reasoning, tool:completed, tool:completed, tool:completed, tool:completed, step-finish, patch | [7]assistant: step-start, reasoning, tool:completed, tool:completed, tool:completed, step-finish, patch | [8]assistant: step-start, reasoning, tool:completed, step-finish, patch | [9]assistant: step-start, reasoning, tool:completed, tool:completed, tool:completed, tool:completed, step-finish, patch | [10]assistant: step-start, reasoning, tool:completed, tool:completed, step-finish, patch | [11]assistant: step-start, reasoning, tool:completed, step-finish, patch | [12]assistant: step-start, reasoning, tool:completed, step-finish, patch | [13]assistant: step-start, reasoning, tool:completed, step-finish, patch
[2026-06-02T03:13:51.922Z] message-hooks: post-filter, msgCount=14
[2026-06-02T03:13:51.922Z] message-hooks: about to search for OPENCODE_GENERIC
[2026-06-02T03:13:51.922Z] message-hooks: searching 14 messages for OPENCODE_GENERIC
[2026-06-02T03:13:51.922Z] message-hooks: generic search complete, found=false, index=-1
[2026-06-02T03:13:51.922Z] message-hooks: no generic part found, checking for pending prompt return
[2026-06-02T03:14:02.028Z] session.idle: sessionID=ses_179af43b1ffeWmC7WeViwv2RU0
[2026-06-02T03:14:02.030Z] tool.after: callID=call_00_cTB9sDxwQfKTffRwkyfA5835, cmd=undefined, wasTracked=false
[2026-06-02T03:14:02.030Z] tool.after: parentSession=undefined, loopSession=ses_179fa6dd5ffes60VLPY7DAUkWq, hasLoop=false, isInlineLoop=false
[2026-06-02T03:14:02.373Z] message-hooks: ENTRY msgCount=25, sessions=ses_179fa6dd5ffes60VLPY7DAUkWq
[2026-06-02T03:14:02.373Z] message-hooks: MESSAGES: [0]user: compaction | [1]assistant: step-start, reasoning, text:"## Goal
Rebuild the Rinha 2026 backend f...", step-finish | [2]assistant: step-start, reasoning, text:"Self-review encontrou gaps: `subparse.go...", tool:completed, step-finish, patch | [3]assistant: step-start, reasoning, tool:completed, step-finish, patch | [4]assistant: step-start, tool:completed, step-finish, patch | [5]assistant: step-start, reasoning, tool:completed, step-finish, patch | [6]assistant: step-start, reasoning, text:"Now fix the bruteForceSearch gap:", tool:completed, step-finish, patch | [7]assistant: step-start, reasoning, text:"Now update the self-review section to re...", tool:completed, step-finish, patch | [8]assistant: step-start, reasoning, text:"Let me verify the plan is internally con...", tool:completed, tool:completed, step-finish, patch | [9]assistant: step-start, reasoning, text:"Plan complete at `docs/superpowers/plans...", tool:completed, step-finish, patch | [10]user: text:"Continue if you have next steps, or stop..."(syn) | [11]assistant: step-start, reasoning, tool:completed, step-finish, patch | [12]assistant: step-start, reasoning, tool:completed, tool:completed, tool:completed, tool:completed, step-finish, patch | [13]assistant: step-start, reasoning, tool:completed, tool:completed, step-finish, patch | [14]assistant: step-start, reasoning, tool:completed, step-finish, patch | [15]assistant: step-start, reasoning, tool:completed, step-finish, patch | [16]assistant: step-start, reasoning, tool:completed, tool:completed, tool:completed, tool:completed, step-finish, patch | [17]assistant: step-start, reasoning, tool:completed, step-finish, patch | [18]assistant: step-start, reasoning, tool:completed, tool:completed, tool:completed, step-finish, patch | [19]assistant: step-start, reasoning, text:"Now dispatching Task 1 implementer:", tool:completed, step-finish, patch | [20]assistant: step-start, reasoning, text:"Task 1 done. Let me verify spec complian...", tool:completed, step-finish, patch | [21]assistant: step-start, reasoning, text:"Spec compliant ✅. Now dispatch code qual...", tool:completed, step-finish, patch | [22]assistant: step-start, reasoning, tool:completed, step-finish, patch | [23]assistant: step-start, reasoning, tool:completed, step-finish, patch | [24]assistant: step-start, reasoning, tool:completed, step-finish, patch
[2026-06-02T03:14:02.373Z] message-hooks: post-filter, msgCount=25
[2026-06-02T03:14:02.373Z] message-hooks: about to search for OPENCODE_GENERIC
[2026-06-02T03:14:02.373Z] message-hooks: searching 25 messages for OPENCODE_GENERIC
[2026-06-02T03:14:02.373Z] message-hooks: found synthetic text at [10]: "Continue if you have next steps, or stop and ask f..." matches=false
[2026-06-02T03:14:02.373Z] message-hooks: generic search complete, found=false, index=-1
[2026-06-02T03:14:02.373Z] message-hooks: no generic part found, checking for pending prompt return
[2026-06-02T03:14:07.136Z] message-hooks: ENTRY msgCount=26, sessions=ses_179fa6dd5ffes60VLPY7DAUkWq
[2026-06-02T03:14:07.136Z] message-hooks: MESSAGES: [0]user: compaction | [1]assistant: step-start, reasoning, text:"## Goal
Rebuild the Rinha 2026 backend f...", step-finish | [2]assistant: step-start, reasoning, text:"Self-review encontrou gaps: `subparse.go...", tool:completed, step-finish, patch | [3]assistant: step-start, reasoning, tool:completed, step-finish, patch | [4]assistant: step-start, tool:completed, step-finish, patch | [5]assistant: step-start, reasoning, tool:completed, step-finish, patch | [6]assistant: step-start, reasoning, text:"Now fix the bruteForceSearch gap:", tool:completed, step-finish, patch | [7]assistant: step-start, reasoning, text:"Now update the self-review section to re...", tool:completed, step-finish, patch | [8]assistant: step-start, reasoning, text:"Let me verify the plan is internally con...", tool:completed, tool:completed, step-finish, patch | [9]assistant: step-start, reasoning, text:"Plan complete at `docs/superpowers/plans...", tool:completed, step-finish, patch | [10]user: text:"Continue if you have next steps, or stop..."(syn) | [11]assistant: step-start, reasoning, tool:completed, step-finish, patch | [12]assistant: step-start, reasoning, tool:completed, tool:completed, tool:completed, tool:completed, step-finish, patch | [13]assistant: step-start, reasoning, tool:completed, tool:completed, step-finish, patch | [14]assistant: step-start, reasoning, tool:completed, step-finish, patch | [15]assistant: step-start, reasoning, tool:completed, step-finish, patch | [16]assistant: step-start, reasoning, tool:completed, tool:completed, tool:completed, tool:completed, step-finish, patch | [17]assistant: step-start, reasoning, tool:completed, step-finish, patch | [18]assistant: step-start, reasoning, tool:completed, tool:completed, tool:completed, step-finish, patch | [19]assistant: step-start, reasoning, text:"Now dispatching Task 1 implementer:", tool:completed, step-finish, patch | [20]assistant: step-start, reasoning, text:"Task 1 done. Let me verify spec complian...", tool:completed, step-finish, patch | [21]assistant: step-start, reasoning, text:"Spec compliant ✅. Now dispatch code qual...", tool:completed, step-finish, patch | [22]assistant: step-start, reasoning, tool:completed, step-finish, patch | [23]assistant: step-start, reasoning, tool:completed, step-finish, patch | [24]assistant: step-start, reasoning, tool:completed, step-finish, patch | [25]assistant: step-start, reasoning, text:"Good review. Let me fix the issues:", tool:completed, step-finish, patch
[2026-06-02T03:14:07.136Z] message-hooks: post-filter, msgCount=26
[2026-06-02T03:14:07.136Z] message-hooks: about to search for OPENCODE_GENERIC
[2026-06-02T03:14:07.136Z] message-hooks: searching 26 messages for OPENCODE_GENERIC
[2026-06-02T03:14:07.136Z] message-hooks: found synthetic text at [10]: "Continue if you have next steps, or stop and ask f..." matches=false
[2026-06-02T03:14:07.136Z] message-hooks: generic search complete, found=false, index=-1
[2026-06-02T03:14:07.136Z] message-hooks: no generic part found, checking for pending prompt return
